className,description,file,line,method,priority,rule,ruleset,variable
CommandResult,"Package name contains upper case characters","streamconverter-core/src/main/java/com/streamConverter/CommandResult.java",1,,3,PackageCase,"Code Style",
CommandResult,"Field success has the same name as a method","streamconverter-core/src/main/java/com/streamConverter/CommandResult.java",13,,3,"AvoidFieldNameMatchingMethodName","Error Prone",success
CommandResult,"Avoid excessively long variable names like executionTimeMillis","streamconverter-core/src/main/java/com/streamConverter/CommandResult.java",14,,3,LongVariable,"Code Style",executionTimeMillis
CommandResult,"Parameter 'builder' is not assigned and could be declared final","streamconverter-core/src/main/java/com/streamConverter/CommandResult.java",21,CommandResult,3,"MethodArgumentCouldBeFinal","Code Style",builder
CommandResult,"Access to field `startTime` on foreign value `builder` (degree 1)","streamconverter-core/src/main/java/com/streamConverter/CommandResult.java",28,CommandResult,3,LawOfDemeter,Design,
CommandResult,"Access to field `endTime` on foreign value `builder` (degree 1)","streamconverter-core/src/main/java/com/streamConverter/CommandResult.java",29,CommandResult,3,LawOfDemeter,Design,
Builder,"Field commandName has the same name as a method","streamconverter-core/src/main/java/com/streamConverter/CommandResult.java",127,,3,"AvoidFieldNameMatchingMethodName","Error Prone",commandName
Builder,"Field success has the same name as a method","streamconverter-core/src/main/java/com/streamConverter/CommandResult.java",128,,3,"AvoidFieldNameMatchingMethodName","Error Prone",success
Builder,"Avoid excessively long variable names like executionTimeMillis","streamconverter-core/src/main/java/com/streamConverter/CommandResult.java",129,,3,LongVariable,"Code Style",executionTimeMillis
Builder,"Field inputBytes has the same name as a method","streamconverter-core/src/main/java/com/streamConverter/CommandResult.java",130,,3,"AvoidFieldNameMatchingMethodName","Error Prone",inputBytes
Builder,"Field outputBytes has the same name as a method","streamconverter-core/src/main/java/com/streamConverter/CommandResult.java",131,,3,"AvoidFieldNameMatchingMethodName","Error Prone",outputBytes
Builder,"Field errorMessage has the same name as a method","streamconverter-core/src/main/java/com/streamConverter/CommandResult.java",132,,3,"AvoidFieldNameMatchingMethodName","Error Prone",errorMessage
Builder,"Field startTime has the same name as a method","streamconverter-core/src/main/java/com/streamConverter/CommandResult.java",133,,3,"AvoidFieldNameMatchingMethodName","Error Prone",startTime
Builder,"Field endTime has the same name as a method","streamconverter-core/src/main/java/com/streamConverter/CommandResult.java",134,,3,"AvoidFieldNameMatchingMethodName","Error Prone",endTime
Builder,"Parameter 'commandName' is not assigned and could be declared final","streamconverter-core/src/main/java/com/streamConverter/CommandResult.java",142,commandName,3,"MethodArgumentCouldBeFinal","Code Style",commandName
Builder,"Parameter 'success' is not assigned and could be declared final","streamconverter-core/src/main/java/com/streamConverter/CommandResult.java",153,success,3,"MethodArgumentCouldBeFinal","Code Style",success
Builder,"Avoid excessively long variable names like executionTimeMillis","streamconverter-core/src/main/java/com/streamConverter/CommandResult.java",164,executionTime,3,LongVariable,"Code Style",executionTimeMillis
Builder,"Parameter 'executionTimeMillis' is not assigned and could be declared final","streamconverter-core/src/main/java/com/streamConverter/CommandResult.java",164,executionTime,3,"MethodArgumentCouldBeFinal","Code Style",executionTimeMillis
Builder,"Parameter 'inputBytes' is not assigned and could be declared final","streamconverter-core/src/main/java/com/streamConverter/CommandResult.java",175,inputBytes,3,"MethodArgumentCouldBeFinal","Code Style",inputBytes
Builder,"Parameter 'outputBytes' is not assigned and could be declared final","streamconverter-core/src/main/java/com/streamConverter/CommandResult.java",186,outputBytes,3,"MethodArgumentCouldBeFinal","Code Style",outputBytes
Builder,"Parameter 'errorMessage' is not assigned and could be declared final","streamconverter-core/src/main/java/com/streamConverter/CommandResult.java",197,errorMessage,3,"MethodArgumentCouldBeFinal","Code Style",errorMessage
Builder,"Parameter 'startTime' is not assigned and could be declared final","streamconverter-core/src/main/java/com/streamConverter/CommandResult.java",208,startTime,3,"MethodArgumentCouldBeFinal","Code Style",startTime
Builder,"Parameter 'endTime' is not assigned and could be declared final","streamconverter-core/src/main/java/com/streamConverter/CommandResult.java",219,endTime,3,"MethodArgumentCouldBeFinal","Code Style",endTime
CommandResult,"Parameter 'commandName' is not assigned and could be declared final","streamconverter-core/src/main/java/com/streamConverter/CommandResult.java",246,success,3,"MethodArgumentCouldBeFinal","Code Style",commandName
CommandResult,"Parameter 'executionTime' is not assigned and could be declared final","streamconverter-core/src/main/java/com/streamConverter/CommandResult.java",247,success,3,"MethodArgumentCouldBeFinal","Code Style",executionTime
CommandResult,"Parameter 'inputBytes' is not assigned and could be declared final","streamconverter-core/src/main/java/com/streamConverter/CommandResult.java",248,success,3,"MethodArgumentCouldBeFinal","Code Style",inputBytes
CommandResult,"Parameter 'outputBytes' is not assigned and could be declared final","streamconverter-core/src/main/java/com/streamConverter/CommandResult.java",249,success,3,"MethodArgumentCouldBeFinal","Code Style",outputBytes
CommandResult,"Parameter 'startTime' is not assigned and could be declared final","streamconverter-core/src/main/java/com/streamConverter/CommandResult.java",250,success,3,"MethodArgumentCouldBeFinal","Code Style",startTime
CommandResult,"Parameter 'endTime' is not assigned and could be declared final","streamconverter-core/src/main/java/com/streamConverter/CommandResult.java",251,success,3,"MethodArgumentCouldBeFinal","Code Style",endTime
CommandResult,"Parameter 'commandName' is not assigned and could be declared final","streamconverter-core/src/main/java/com/streamConverter/CommandResult.java",274,failure,3,"MethodArgumentCouldBeFinal","Code Style",commandName
CommandResult,"Parameter 'executionTime' is not assigned and could be declared final","streamconverter-core/src/main/java/com/streamConverter/CommandResult.java",275,failure,3,"MethodArgumentCouldBeFinal","Code Style",executionTime
CommandResult,"Parameter 'errorMessage' is not assigned and could be declared final","streamconverter-core/src/main/java/com/streamConverter/CommandResult.java",276,failure,3,"MethodArgumentCouldBeFinal","Code Style",errorMessage
CommandResult,"Parameter 'startTime' is not assigned and could be declared final","streamconverter-core/src/main/java/com/streamConverter/CommandResult.java",277,failure,3,"MethodArgumentCouldBeFinal","Code Style",startTime
CommandResult,"Parameter 'endTime' is not assigned and could be declared final","streamconverter-core/src/main/java/com/streamConverter/CommandResult.java",278,failure,3,"MethodArgumentCouldBeFinal","Code Style",endTime
Main,"Package name contains upper case characters","streamconverter-core/src/main/java/com/streamConverter/Main.java",1,,3,PackageCase,"Code Style",
Main,"Avoid short class names like Main","streamconverter-core/src/main/java/com/streamConverter/Main.java",18,,4,ShortClassName,"Code Style",
Main,"This utility class has a non-private constructor","streamconverter-core/src/main/java/com/streamConverter/Main.java",18,,3,UseUtilityClass,Design,
Main,"Local variable 'commands' could be declared final","streamconverter-core/src/main/java/com/streamConverter/Main.java",29,main,3,"LocalVariableCouldBeFinal","Code Style",commands
Main,"Local variable 'converter' could be declared final","streamconverter-core/src/main/java/com/streamConverter/Main.java",32,main,3,"LocalVariableCouldBeFinal","Code Style",converter
Main,"Logger calls should be surrounded by log level guards.","streamconverter-core/src/main/java/com/streamConverter/Main.java",36,main,2,GuardLogStatement,"Best Practices",
Main,"Logger calls should be surrounded by log level guards.","streamconverter-core/src/main/java/com/streamConverter/Main.java",38,main,2,GuardLogStatement,"Best Practices",
StreamConverter,"Package name contains upper case characters","streamconverter-core/src/main/java/com/streamConverter/StreamConverter.java",1,,3,PackageCase,"Code Style",
StreamConverter,"Avoid excessively long variable names like DEFAULT_BUFFER_SIZE","streamconverter-core/src/main/java/com/streamConverter/StreamConverter.java",31,,3,LongVariable,"Code Style",DEFAULT_BUFFER_SIZE
StreamConverter,"Field 'commands' may be declared final","streamconverter-core/src/main/java/com/streamConverter/StreamConverter.java",32,,3,ImmutableField,Design,commands
StreamConverter,"Consider using varargs for methods or constructors which take an array the last parameter.","streamconverter-core/src/main/java/com/streamConverter/StreamConverter.java",42,StreamConverter,4,UseVarargs,"Best Practices",commands
StreamConverter,"Parameter 'commands' is not assigned and could be declared final","streamconverter-core/src/main/java/com/streamConverter/StreamConverter.java",42,StreamConverter,3,"MethodArgumentCouldBeFinal","Code Style",commands
StreamConverter,"Parameter 'commands' is not assigned and could be declared final","streamconverter-core/src/main/java/com/streamConverter/StreamConverter.java",57,StreamConverter,3,"MethodArgumentCouldBeFinal","Code Style",commands
StreamConverter,"Parameter 'commands' is not assigned and could be declared final","streamconverter-core/src/main/java/com/streamConverter/StreamConverter.java",73,create,3,"MethodArgumentCouldBeFinal","Code Style",commands
StreamConverter,"Parameter 'commands' is not assigned and could be declared final","streamconverter-core/src/main/java/com/streamConverter/StreamConverter.java",85,create,3,"MethodArgumentCouldBeFinal","Code Style",commands
StreamConverter,"Parameter 'context' is not assigned and could be declared final","streamconverter-core/src/main/java/com/streamConverter/StreamConverter.java",100,createWithContext,3,"MethodArgumentCouldBeFinal","Code Style",context
StreamConverter,"Parameter 'commands' is not assigned and could be declared final","streamconverter-core/src/main/java/com/streamConverter/StreamConverter.java",100,createWithContext,3,"MethodArgumentCouldBeFinal","Code Style",commands
StreamConverter,"Local variable 'converter' could be declared final","streamconverter-core/src/main/java/com/streamConverter/StreamConverter.java",102,createWithContext,3,"LocalVariableCouldBeFinal","Code Style",converter
StreamConverter,"Parameter 'context' is not assigned and could be declared final","streamconverter-core/src/main/java/com/streamConverter/StreamConverter.java",118,createWithContext,3,"MethodArgumentCouldBeFinal","Code Style",context
StreamConverter,"Parameter 'commands' is not assigned and could be declared final","streamconverter-core/src/main/java/com/streamConverter/StreamConverter.java",118,createWithContext,3,"MethodArgumentCouldBeFinal","Code Style",commands
StreamConverter,"Local variable 'converter' could be declared final","streamconverter-core/src/main/java/com/streamConverter/StreamConverter.java",120,createWithContext,3,"LocalVariableCouldBeFinal","Code Style",converter
StreamConverter,"Local variable 'availableCores' could be declared final","streamconverter-core/src/main/java/com/streamConverter/StreamConverter.java",131,createOptimalExecutor,3,"LocalVariableCouldBeFinal","Code Style",availableCores
StreamConverter,"Local variable 'optimalSize' could be declared final","streamconverter-core/src/main/java/com/streamConverter/StreamConverter.java",132,createOptimalExecutor,3,"LocalVariableCouldBeFinal","Code Style",optimalSize
StreamConverter,"Parameter 'inputStream' is not assigned and could be declared final","streamconverter-core/src/main/java/com/streamConverter/StreamConverter.java",144,run,3,"MethodArgumentCouldBeFinal","Code Style",inputStream
StreamConverter,"Parameter 'outputStream' is not assigned and could be declared final","streamconverter-core/src/main/java/com/streamConverter/StreamConverter.java",144,run,3,"MethodArgumentCouldBeFinal","Code Style",outputStream
StreamConverter,"Local variable 'contextToUse' could be declared final","streamconverter-core/src/main/java/com/streamConverter/StreamConverter.java",147,run,3,"LocalVariableCouldBeFinal","Code Style",contextToUse
StreamConverter,"Parameter 'inputStream' is not assigned and could be declared final","streamconverter-core/src/main/java/com/streamConverter/StreamConverter.java",162,run,3,"MethodArgumentCouldBeFinal","Code Style",inputStream
StreamConverter,"Parameter 'outputStream' is not assigned and could be declared final","streamconverter-core/src/main/java/com/streamConverter/StreamConverter.java",162,run,3,"MethodArgumentCouldBeFinal","Code Style",outputStream
StreamConverter,"Parameter 'context' is not assigned and could be declared final","streamconverter-core/src/main/java/com/streamConverter/StreamConverter.java",162,run,3,"MethodArgumentCouldBeFinal","Code Style",context
StreamConverter,"Logger calls should be surrounded by log level guards.","streamconverter-core/src/main/java/com/streamConverter/StreamConverter.java",171,run,2,GuardLogStatement,"Best Practices",
StreamConverter,"The method 'executeMultipleCommandsWithMDC(InputStream, OutputStream, ExecutionContext)' has a NCSS line count of 63.","streamconverter-core/src/main/java/com/streamConverter/StreamConverter.java",181,"executeMultipleCommandsWithMDC",3,NcssCount,Design,
StreamConverter,"The method 'executeMultipleCommandsWithMDC(InputStream, OutputStream, ExecutionContext)' has a cognitive complexity of 23, current threshold is 15","streamconverter-core/src/main/java/com/streamConverter/StreamConverter.java",181,"executeMultipleCommandsWithMDC",3,CognitiveComplexity,Design,
StreamConverter,"The method 'executeMultipleCommandsWithMDC(InputStream, OutputStream, ExecutionContext)' has a cyclomatic complexity of 16.","streamconverter-core/src/main/java/com/streamConverter/StreamConverter.java",181,"executeMultipleCommandsWithMDC",3,CyclomaticComplexity,Design,
StreamConverter,"Parameter 'inputStream' is not assigned and could be declared final","streamconverter-core/src/main/java/com/streamConverter/StreamConverter.java",182,"executeMultipleCommandsWithMDC",3,"MethodArgumentCouldBeFinal","Code Style",inputStream
StreamConverter,"Parameter 'outputStream' is not assigned and could be declared final","streamconverter-core/src/main/java/com/streamConverter/StreamConverter.java",182,"executeMultipleCommandsWithMDC",3,"MethodArgumentCouldBeFinal","Code Style",outputStream
StreamConverter,"Parameter 'context' is not assigned and could be declared final","streamconverter-core/src/main/java/com/streamConverter/StreamConverter.java",182,"executeMultipleCommandsWithMDC",3,"MethodArgumentCouldBeFinal","Code Style",context
StreamConverter,"Ensure that resources like this ExecutorService object are closed after use","streamconverter-core/src/main/java/com/streamConverter/StreamConverter.java",184,"executeMultipleCommandsWithMDC",3,CloseResource,"Error Prone",executor
StreamConverter,"Local variable 'executor' could be declared final","streamconverter-core/src/main/java/com/streamConverter/StreamConverter.java",184,"executeMultipleCommandsWithMDC",3,"LocalVariableCouldBeFinal","Code Style",executor
StreamConverter,"Local variable 'futures' could be declared final","streamconverter-core/src/main/java/com/streamConverter/StreamConverter.java",185,"executeMultipleCommandsWithMDC",3,"LocalVariableCouldBeFinal","Code Style",futures
StreamConverter,"Local variable 'resources' could be declared final","streamconverter-core/src/main/java/com/streamConverter/StreamConverter.java",186,"executeMultipleCommandsWithMDC",3,"LocalVariableCouldBeFinal","Code Style",resources
StreamConverter,"Local variable 'command' could be declared final","streamconverter-core/src/main/java/com/streamConverter/StreamConverter.java",193,"executeMultipleCommandsWithMDC",3,"LocalVariableCouldBeFinal","Code Style",command
StreamConverter,"Ensure that resources like this InputStream object are closed after use","streamconverter-core/src/main/java/com/streamConverter/StreamConverter.java",196,"executeMultipleCommandsWithMDC",3,CloseResource,"Error Prone",commandInput
StreamConverter,"Ensure that resources like this OutputStream object are closed after use","streamconverter-core/src/main/java/com/streamConverter/StreamConverter.java",197,"executeMultipleCommandsWithMDC",3,CloseResource,"Error Prone",commandOutput
StreamConverter,"Ensure that resources like this PipedOutputStream object are closed after use","streamconverter-core/src/main/java/com/streamConverter/StreamConverter.java",204,"executeMultipleCommandsWithMDC",3,CloseResource,"Error Prone",pipedOut
StreamConverter,"Local variable 'pipedOut' could be declared final","streamconverter-core/src/main/java/com/streamConverter/StreamConverter.java",204,"executeMultipleCommandsWithMDC",3,"LocalVariableCouldBeFinal","Code Style",pipedOut
StreamConverter,"Avoid instantiating new objects inside loops","streamconverter-core/src/main/java/com/streamConverter/StreamConverter.java",204,"executeMultipleCommandsWithMDC",3,"AvoidInstantiatingObjectsInLoops",Performance,pipedOut
StreamConverter,"Ensure that resources like this PipedInputStream object are closed after use","streamconverter-core/src/main/java/com/streamConverter/StreamConverter.java",205,"executeMultipleCommandsWithMDC",3,CloseResource,"Error Prone",pipedIn
StreamConverter,"Local variable 'pipedIn' could be declared final","streamconverter-core/src/main/java/com/streamConverter/StreamConverter.java",205,"executeMultipleCommandsWithMDC",3,"LocalVariableCouldBeFinal","Code Style",pipedIn
StreamConverter,"Avoid instantiating new objects inside loops","streamconverter-core/src/main/java/com/streamConverter/StreamConverter.java",205,"executeMultipleCommandsWithMDC",3,"AvoidInstantiatingObjectsInLoops",Performance,pipedIn
StreamConverter,"'currentInput' is reassigned, but the original instance is not closed","streamconverter-core/src/main/java/com/streamConverter/StreamConverter.java",209,"executeMultipleCommandsWithMDC",3,CloseResource,"Error Prone",
StreamConverter,"Local variable 'future' could be declared final","streamconverter-core/src/main/java/com/streamConverter/StreamConverter.java",213,"executeMultipleCommandsWithMDC",3,"LocalVariableCouldBeFinal","Code Style",future
StreamConverter,"Local variable 'sequence' could be declared final","streamconverter-core/src/main/java/com/streamConverter/StreamConverter.java",217,"executeMultipleCommandsWithMDC",3,"LocalVariableCouldBeFinal","Code Style",sequence
StreamConverter,"Local variable 'stageName' could be declared final","streamconverter-core/src/main/java/com/streamConverter/StreamConverter.java",218,"executeMultipleCommandsWithMDC",3,"LocalVariableCouldBeFinal","Code Style",stageName
StreamConverter,"Logger calls should be surrounded by log level guards.","streamconverter-core/src/main/java/com/streamConverter/StreamConverter.java",221,"executeMultipleCommandsWithMDC",2,GuardLogStatement,"Best Practices",
StreamConverter,"Local variable 'startTime' could be declared final","streamconverter-core/src/main/java/com/streamConverter/StreamConverter.java",228,"executeMultipleCommandsWithMDC",3,"LocalVariableCouldBeFinal","Code Style",startTime
StreamConverter,"Local variable 'startInstant' could be declared final","streamconverter-core/src/main/java/com/streamConverter/StreamConverter.java",229,"executeMultipleCommandsWithMDC",3,"LocalVariableCouldBeFinal","Code Style",startInstant
StreamConverter,"Local variable 'endTime' could be declared final","streamconverter-core/src/main/java/com/streamConverter/StreamConverter.java",240,"executeMultipleCommandsWithMDC",3,"LocalVariableCouldBeFinal","Code Style",endTime
StreamConverter,"Local variable 'endInstant' could be declared final","streamconverter-core/src/main/java/com/streamConverter/StreamConverter.java",241,"executeMultipleCommandsWithMDC",3,"LocalVariableCouldBeFinal","Code Style",endInstant
StreamConverter,"Logger calls should be surrounded by log level guards.","streamconverter-core/src/main/java/com/streamConverter/StreamConverter.java",243,"executeMultipleCommandsWithMDC",2,GuardLogStatement,"Best Practices",
StreamConverter,"Local variable 'endTime' could be declared final","streamconverter-core/src/main/java/com/streamConverter/StreamConverter.java",257,"executeMultipleCommandsWithMDC",3,"LocalVariableCouldBeFinal","Code Style",endTime
StreamConverter,"Local variable 'endInstant' could be declared final","streamconverter-core/src/main/java/com/streamConverter/StreamConverter.java",258,"executeMultipleCommandsWithMDC",3,"LocalVariableCouldBeFinal","Code Style",endInstant
StreamConverter,"Logger calls should be surrounded by log level guards.","streamconverter-core/src/main/java/com/streamConverter/StreamConverter.java",260,"executeMultipleCommandsWithMDC",2,GuardLogStatement,"Best Practices",
StreamConverter,"Local variable 'results' could be declared final","streamconverter-core/src/main/java/com/streamConverter/StreamConverter.java",281,"executeMultipleCommandsWithMDC",3,"LocalVariableCouldBeFinal","Code Style",results
StreamConverter,"Local variable 'future' could be declared final","streamconverter-core/src/main/java/com/streamConverter/StreamConverter.java",282,"executeMultipleCommandsWithMDC",3,"LocalVariableCouldBeFinal","Code Style",future
StreamConverter,"Local variable 'result' could be declared final","streamconverter-core/src/main/java/com/streamConverter/StreamConverter.java",285,"executeMultipleCommandsWithMDC",3,"LocalVariableCouldBeFinal","Code Style",result
StreamConverter,"Local variable 'cause' could be declared final","streamconverter-core/src/main/java/com/streamConverter/StreamConverter.java",294,"executeMultipleCommandsWithMDC",3,"LocalVariableCouldBeFinal","Code Style",cause
StreamConverter,"Thrown exception does not preserve the stack trace of exception 'e' on all code paths","streamconverter-core/src/main/java/com/streamConverter/StreamConverter.java",296,"executeMultipleCommandsWithMDC",3,PreserveStackTrace,"Best Practices",
StreamConverter,"Thrown exception does not preserve the stack trace of exception 'e' on all code paths","streamconverter-core/src/main/java/com/streamConverter/StreamConverter.java",298,"executeMultipleCommandsWithMDC",3,PreserveStackTrace,"Best Practices",
StreamConverter,"Thrown exception does not preserve the stack trace of exception 'e' on all code paths","streamconverter-core/src/main/java/com/streamConverter/StreamConverter.java",300,"executeMultipleCommandsWithMDC",3,PreserveStackTrace,"Best Practices",
StreamConverter,"Logger calls should be surrounded by log level guards.","streamconverter-core/src/main/java/com/streamConverter/StreamConverter.java",309,"executeMultipleCommandsWithMDC",2,GuardLogStatement,"Best Practices",
StreamConverter,"Parameter 'executor' is not assigned and could be declared final","streamconverter-core/src/main/java/com/streamConverter/StreamConverter.java",324,shutdownExecutor,3,"MethodArgumentCouldBeFinal","Code Style",executor
StreamConverter,"Parameter 'resources' is not assigned and could be declared final","streamconverter-core/src/main/java/com/streamConverter/StreamConverter.java",345,closeResources,3,"MethodArgumentCouldBeFinal","Code Style",resources
StreamConverter,"Ensure that resources like this AutoCloseable object are closed after use","streamconverter-core/src/main/java/com/streamConverter/StreamConverter.java",346,closeResources,3,CloseResource,"Error Prone",resource
StreamConverter,"Local variable 'resource' could be declared final","streamconverter-core/src/main/java/com/streamConverter/StreamConverter.java",346,closeResources,3,"LocalVariableCouldBeFinal","Code Style",resource
StreamConverter,"Avoid catching generic exceptions such as NullPointerException, RuntimeException, Exception in try-catch block","streamconverter-core/src/main/java/com/streamConverter/StreamConverter.java",349,closeResources,3,"AvoidCatchingGenericException",Design,
StreamConverter,"Logger calls should be surrounded by log level guards.","streamconverter-core/src/main/java/com/streamConverter/StreamConverter.java",350,closeResources,2,GuardLogStatement,"Best Practices",
"StreamProcessingException","Package name contains upper case characters","streamconverter-core/src/main/java/com/streamConverter/StreamProcessingException.java",1,,3,PackageCase,"Code Style",
"StreamProcessingException","Classes implementing Serializable should set a serialVersionUID","streamconverter-core/src/main/java/com/streamConverter/StreamProcessingException.java",9,,3,MissingSerialVersionUID,"Error Prone",
"StreamProcessingException","Parameter 'message' is not assigned and could be declared final","streamconverter-core/src/main/java/com/streamConverter/StreamProcessingException.java",16,"StreamProcessingException",3,"MethodArgumentCouldBeFinal","Code Style",message
"StreamProcessingException","Parameter 'message' is not assigned and could be declared final","streamconverter-core/src/main/java/com/streamConverter/StreamProcessingException.java",26,"StreamProcessingException",3,"MethodArgumentCouldBeFinal","Code Style",message
"StreamProcessingException","Parameter 'cause' is not assigned and could be declared final","streamconverter-core/src/main/java/com/streamConverter/StreamProcessingException.java",26,"StreamProcessingException",3,"MethodArgumentCouldBeFinal","Code Style",cause
"StreamProcessingException","Parameter 'cause' is not assigned and could be declared final","streamconverter-core/src/main/java/com/streamConverter/StreamProcessingException.java",35,"StreamProcessingException",3,"MethodArgumentCouldBeFinal","Code Style",cause
PmdReportConverter,"Package name contains upper case characters","streamconverter-core/src/main/java/com/streamConverter/analysis/PmdReportConverter.java",1,,3,PackageCase,"Code Style",
PmdReportConverter,"Each class should declare at least one constructor","streamconverter-core/src/main/java/com/streamConverter/analysis/PmdReportConverter.java",26,,3,AtLeastOneConstructor,"Code Style",
PmdReportConverter,"Parameter 'args' is not assigned and could be declared final","streamconverter-core/src/main/java/com/streamConverter/analysis/PmdReportConverter.java",28,main,3,"MethodArgumentCouldBeFinal","Code Style",args
PmdReportConverter,"A method/constructor should not explicitly throw java.lang.Exception","streamconverter-core/src/main/java/com/streamConverter/analysis/PmdReportConverter.java",28,main,3,"SignatureDeclareThrowsException",Design,
PmdReportConverter,"Avoid using literals in if statements","streamconverter-core/src/main/java/com/streamConverter/analysis/PmdReportConverter.java",29,main,3,"AvoidLiteralsInIfCondition","Error Prone",
PmdReportConverter,"Usage of System.out/err","streamconverter-core/src/main/java/com/streamConverter/analysis/PmdReportConverter.java",30,main,2,SystemPrintln,"Best Practices",
PmdReportConverter,"Local variable 'xmlFile' could be declared final","streamconverter-core/src/main/java/com/streamConverter/analysis/PmdReportConverter.java",34,main,3,"LocalVariableCouldBeFinal","Code Style",xmlFile
PmdReportConverter,"Local variable 'outputDir' could be declared final","streamconverter-core/src/main/java/com/streamConverter/analysis/PmdReportConverter.java",35,main,3,"LocalVariableCouldBeFinal","Code Style",outputDir
PmdReportConverter,"Local variable 'converter' could be declared final","streamconverter-core/src/main/java/com/streamConverter/analysis/PmdReportConverter.java",37,main,3,"LocalVariableCouldBeFinal","Code Style",converter
PmdReportConverter,"Parameter 'xmlFilePath' is not assigned and could be declared final","streamconverter-core/src/main/java/com/streamConverter/analysis/PmdReportConverter.java",41,convertReport,3,"MethodArgumentCouldBeFinal","Code Style",xmlFilePath
PmdReportConverter,"Parameter 'outputDir' is not assigned and could be declared final","streamconverter-core/src/main/java/com/streamConverter/analysis/PmdReportConverter.java",41,convertReport,3,"MethodArgumentCouldBeFinal","Code Style",outputDir
PmdReportConverter,"A method/constructor should not explicitly throw java.lang.Exception","streamconverter-core/src/main/java/com/streamConverter/analysis/PmdReportConverter.java",41,convertReport,3,"SignatureDeclareThrowsException",Design,
PmdReportConverter,"Local variable 'xmlPath' could be declared final","streamconverter-core/src/main/java/com/streamConverter/analysis/PmdReportConverter.java",42,convertReport,3,"LocalVariableCouldBeFinal","Code Style",xmlPath
PmdReportConverter,"Local variable 'outputPath' could be declared final","streamconverter-core/src/main/java/com/streamConverter/analysis/PmdReportConverter.java",43,convertReport,3,"LocalVariableCouldBeFinal","Code Style",outputPath
PmdReportConverter,"Local variable 'violations' could be declared final","streamconverter-core/src/main/java/com/streamConverter/analysis/PmdReportConverter.java",47,convertReport,3,"LocalVariableCouldBeFinal","Code Style",violations
PmdReportConverter,"Usage of System.out/err","streamconverter-core/src/main/java/com/streamConverter/analysis/PmdReportConverter.java",54,convertReport,2,SystemPrintln,"Best Practices",
PmdReportConverter,"Usage of System.out/err","streamconverter-core/src/main/java/com/streamConverter/analysis/PmdReportConverter.java",55,convertReport,2,SystemPrintln,"Best Practices",
PmdReportConverter,"Usage of System.out/err","streamconverter-core/src/main/java/com/streamConverter/analysis/PmdReportConverter.java",56,convertReport,2,SystemPrintln,"Best Practices",
PmdReportConverter,"Usage of System.out/err","streamconverter-core/src/main/java/com/streamConverter/analysis/PmdReportConverter.java",57,convertReport,2,SystemPrintln,"Best Practices",
PmdReportConverter,"Parameter 'xmlPath' is not assigned and could be declared final","streamconverter-core/src/main/java/com/streamConverter/analysis/PmdReportConverter.java",60,parseXmlReport,3,"MethodArgumentCouldBeFinal","Code Style",xmlPath
PmdReportConverter,"A method/constructor should not explicitly throw java.lang.Exception","streamconverter-core/src/main/java/com/streamConverter/analysis/PmdReportConverter.java",60,parseXmlReport,3,"SignatureDeclareThrowsException",Design,
PmdReportConverter,"Local variable 'builder' could be declared final","streamconverter-core/src/main/java/com/streamConverter/analysis/PmdReportConverter.java",61,parseXmlReport,3,"LocalVariableCouldBeFinal","Code Style",builder
PmdReportConverter,"Local variable 'doc' could be declared final","streamconverter-core/src/main/java/com/streamConverter/analysis/PmdReportConverter.java",62,parseXmlReport,3,"LocalVariableCouldBeFinal","Code Style",doc
PmdReportConverter,"Local variable 'fileNodes' could be declared final","streamconverter-core/src/main/java/com/streamConverter/analysis/PmdReportConverter.java",64,parseXmlReport,3,"LocalVariableCouldBeFinal","Code Style",fileNodes
PmdReportConverter,"Local variable 'violations' could be declared final","streamconverter-core/src/main/java/com/streamConverter/analysis/PmdReportConverter.java",65,parseXmlReport,3,"LocalVariableCouldBeFinal","Code Style",violations
PmdReportConverter,"Local variable 'fileElement' could be declared final","streamconverter-core/src/main/java/com/streamConverter/analysis/PmdReportConverter.java",68,parseXmlReport,3,"LocalVariableCouldBeFinal","Code Style",fileElement
PmdReportConverter,"Local variable 'fileName' could be declared final","streamconverter-core/src/main/java/com/streamConverter/analysis/PmdReportConverter.java",69,parseXmlReport,3,"LocalVariableCouldBeFinal","Code Style",fileName
PmdReportConverter,"Local variable 'violationNodes' could be declared final","streamconverter-core/src/main/java/com/streamConverter/analysis/PmdReportConverter.java",71,parseXmlReport,3,"LocalVariableCouldBeFinal","Code Style",violationNodes
PmdReportConverter,"Local variable 'violationElement' could be declared final","streamconverter-core/src/main/java/com/streamConverter/analysis/PmdReportConverter.java",73,parseXmlReport,3,"LocalVariableCouldBeFinal","Code Style",violationElement
PmdReportConverter,"Local variable 'violation' could be declared final","streamconverter-core/src/main/java/com/streamConverter/analysis/PmdReportConverter.java",75,parseXmlReport,3,"LocalVariableCouldBeFinal","Code Style",violation
PmdReportConverter,"Avoid instantiating new objects inside loops","streamconverter-core/src/main/java/com/streamConverter/analysis/PmdReportConverter.java",76,parseXmlReport,3,"AvoidInstantiatingObjectsInLoops",Performance,violation
PmdReportConverter,"Parameter 'fullPath' is not assigned and could be declared final","streamconverter-core/src/main/java/com/streamConverter/analysis/PmdReportConverter.java",93,extractRelativePath,3,"MethodArgumentCouldBeFinal","Code Style",fullPath
PmdReportConverter,"Local variable 'index' could be declared final","streamconverter-core/src/main/java/com/streamConverter/analysis/PmdReportConverter.java",95,extractRelativePath,3,"LocalVariableCouldBeFinal","Code Style",index
PmdReportConverter,"Avoid if (x != y) ..; else ..;","streamconverter-core/src/main/java/com/streamConverter/analysis/PmdReportConverter.java",96,extractRelativePath,3,ConfusingTernary,"Code Style",
PmdReportConverter,"Parameter 'violations' is not assigned and could be declared final","streamconverter-core/src/main/java/com/streamConverter/analysis/PmdReportConverter.java",99,generateMarkdownReport,3,"MethodArgumentCouldBeFinal","Code Style",violations
PmdReportConverter,"Parameter 'outputPath' is not assigned and could be declared final","streamconverter-core/src/main/java/com/streamConverter/analysis/PmdReportConverter.java",99,generateMarkdownReport,3,"MethodArgumentCouldBeFinal","Code Style",outputPath
PmdReportConverter,"Avoid variables with short names like md","streamconverter-core/src/main/java/com/streamConverter/analysis/PmdReportConverter.java",101,generateMarkdownReport,3,ShortVariable,"Code Style",md
PmdReportConverter,"Local variable 'md' could be declared final","streamconverter-core/src/main/java/com/streamConverter/analysis/PmdReportConverter.java",101,generateMarkdownReport,3,"LocalVariableCouldBeFinal","Code Style",md
PmdReportConverter,"StringBuilder has been initialized with size 16, but has at least 348 characters appended.","streamconverter-core/src/main/java/com/streamConverter/analysis/PmdReportConverter.java",101,generateMarkdownReport,3,"InsufficientStringBufferDeclaration",Performance,md
PmdReportConverter,"StringBuffer (or StringBuilder).append is called consecutively without reusing the target variable.","streamconverter-core/src/main/java/com/streamConverter/analysis/PmdReportConverter.java",103,generateMarkdownReport,3,"ConsecutiveAppendsShouldReuse",Performance,
PmdReportConverter,"StringBuffer (or StringBuilder).append is called 2 consecutive times with literals. Use a single append with a single combined String.","streamconverter-core/src/main/java/com/streamConverter/analysis/PmdReportConverter.java",103,generateMarkdownReport,3,"ConsecutiveLiteralAppends",Performance,
PmdReportConverter,"StringBuffer (or StringBuilder).append is called consecutively without reusing the target variable.","streamconverter-core/src/main/java/com/streamConverter/analysis/PmdReportConverter.java",104,generateMarkdownReport,3,"ConsecutiveAppendsShouldReuse",Performance,
PmdReportConverter,"Usage of java.util.Date should be replaced with classes from java.time","streamconverter-core/src/main/java/com/streamConverter/analysis/PmdReportConverter.java",104,generateMarkdownReport,3,ReplaceJavaUtilDate,"Error Prone",
PmdReportConverter,"Avoid appending characters as strings in StringBuffer.append.","streamconverter-core/src/main/java/com/streamConverter/analysis/PmdReportConverter.java",104,generateMarkdownReport,3,AppendCharacterWithChar,Performance,
PmdReportConverter,"StringBuffer (or StringBuilder).append is called 2 consecutive times with literals. Use a single append with a single combined String.","streamconverter-core/src/main/java/com/streamConverter/analysis/PmdReportConverter.java",104,generateMarkdownReport,3,"ConsecutiveLiteralAppends",Performance,
PmdReportConverter,"StringBuffer (or StringBuilder).append is called 4 consecutive times with literals. Use a single append with a single combined String.","streamconverter-core/src/main/java/com/streamConverter/analysis/PmdReportConverter.java",105,generateMarkdownReport,3,"ConsecutiveLiteralAppends",Performance,
PmdReportConverter,"Local variable 'ruleStats' could be declared final","streamconverter-core/src/main/java/com/streamConverter/analysis/PmdReportConverter.java",108,generateMarkdownReport,3,"LocalVariableCouldBeFinal","Code Style",ruleStats
PmdReportConverter,"StringBuffer (or StringBuilder).append is called consecutively without reusing the target variable.","streamconverter-core/src/main/java/com/streamConverter/analysis/PmdReportConverter.java",112,generateMarkdownReport,3,"ConsecutiveAppendsShouldReuse",Performance,
PmdReportConverter,"StringBuffer (or StringBuilder).append is called consecutively without reusing the target variable.","streamconverter-core/src/main/java/com/streamConverter/analysis/PmdReportConverter.java",113,generateMarkdownReport,3,"ConsecutiveAppendsShouldReuse",Performance,
PmdReportConverter,"Local variable 'category' could be declared final","streamconverter-core/src/main/java/com/streamConverter/analysis/PmdReportConverter.java",121,generateMarkdownReport,3,"LocalVariableCouldBeFinal","Code Style",category
PmdReportConverter,"Local variable 'fileStats' could be declared final","streamconverter-core/src/main/java/com/streamConverter/analysis/PmdReportConverter.java",133,generateMarkdownReport,3,"LocalVariableCouldBeFinal","Code Style",fileStats
PmdReportConverter,"StringBuffer (or StringBuilder).append is called consecutively without reusing the target variable.","streamconverter-core/src/main/java/com/streamConverter/analysis/PmdReportConverter.java",137,generateMarkdownReport,3,"ConsecutiveAppendsShouldReuse",Performance,
PmdReportConverter,"StringBuffer (or StringBuilder).append is called 3 consecutive times with literals. Use a single append with a single combined String.","streamconverter-core/src/main/java/com/streamConverter/analysis/PmdReportConverter.java",137,generateMarkdownReport,3,"ConsecutiveLiteralAppends",Performance,
PmdReportConverter,"StringBuffer (or StringBuilder).append is called consecutively without reusing the target variable.","streamconverter-core/src/main/java/com/streamConverter/analysis/PmdReportConverter.java",138,generateMarkdownReport,3,"ConsecutiveAppendsShouldReuse",Performance,
PmdReportConverter,"Local variable 'priorityStats' could be declared final","streamconverter-core/src/main/java/com/streamConverter/analysis/PmdReportConverter.java",153,generateMarkdownReport,3,"LocalVariableCouldBeFinal","Code Style",priorityStats
PmdReportConverter,"StringBuffer (or StringBuilder).append is called consecutively without reusing the target variable.","streamconverter-core/src/main/java/com/streamConverter/analysis/PmdReportConverter.java",157,generateMarkdownReport,3,"ConsecutiveAppendsShouldReuse",Performance,
PmdReportConverter,"StringBuffer (or StringBuilder).append is called 3 consecutive times with literals. Use a single append with a single combined String.","streamconverter-core/src/main/java/com/streamConverter/analysis/PmdReportConverter.java",157,generateMarkdownReport,3,"ConsecutiveLiteralAppends",Performance,
PmdReportConverter,"StringBuffer (or StringBuilder).append is called consecutively without reusing the target variable.","streamconverter-core/src/main/java/com/streamConverter/analysis/PmdReportConverter.java",158,generateMarkdownReport,3,"ConsecutiveAppendsShouldReuse",Performance,
PmdReportConverter,"Local variable 'desc' could be declared final","streamconverter-core/src/main/java/com/streamConverter/analysis/PmdReportConverter.java",164,generateMarkdownReport,3,"LocalVariableCouldBeFinal","Code Style",desc
PmdReportConverter,"Parameter 'violations' is not assigned and could be declared final","streamconverter-core/src/main/java/com/streamConverter/analysis/PmdReportConverter.java",179,generateCsvReport,3,"MethodArgumentCouldBeFinal","Code Style",violations
PmdReportConverter,"Parameter 'outputPath' is not assigned and could be declared final","streamconverter-core/src/main/java/com/streamConverter/analysis/PmdReportConverter.java",179,generateCsvReport,3,"MethodArgumentCouldBeFinal","Code Style",outputPath
PmdReportConverter,"Local variable 'csv' could be declared final","streamconverter-core/src/main/java/com/streamConverter/analysis/PmdReportConverter.java",181,generateCsvReport,3,"LocalVariableCouldBeFinal","Code Style",csv
PmdReportConverter,"StringBuilder has been initialized with size 16, but has at least 67 characters appended.","streamconverter-core/src/main/java/com/streamConverter/analysis/PmdReportConverter.java",181,generateCsvReport,3,"InsufficientStringBufferDeclaration",Performance,csv
PmdReportConverter,"Parameter 'violations' is not assigned and could be declared final","streamconverter-core/src/main/java/com/streamConverter/analysis/PmdReportConverter.java",203,generateJsonReport,3,"MethodArgumentCouldBeFinal","Code Style",violations
PmdReportConverter,"Parameter 'outputPath' is not assigned and could be declared final","streamconverter-core/src/main/java/com/streamConverter/analysis/PmdReportConverter.java",203,generateJsonReport,3,"MethodArgumentCouldBeFinal","Code Style",outputPath
PmdReportConverter,"Local variable 'json' could be declared final","streamconverter-core/src/main/java/com/streamConverter/analysis/PmdReportConverter.java",205,generateJsonReport,3,"LocalVariableCouldBeFinal","Code Style",json
PmdReportConverter,"StringBuilder has been initialized with size 16, but has at least 286 characters appended.","streamconverter-core/src/main/java/com/streamConverter/analysis/PmdReportConverter.java",205,generateJsonReport,3,"InsufficientStringBufferDeclaration",Performance,json
PmdReportConverter,"StringBuffer (or StringBuilder).append is called consecutively without reusing the target variable.","streamconverter-core/src/main/java/com/streamConverter/analysis/PmdReportConverter.java",206,generateJsonReport,3,"ConsecutiveAppendsShouldReuse",Performance,
PmdReportConverter,"StringBuffer (or StringBuilder).append is called 3 consecutive times with literals. Use a single append with a single combined String.","streamconverter-core/src/main/java/com/streamConverter/analysis/PmdReportConverter.java",206,generateJsonReport,3,"ConsecutiveLiteralAppends",Performance,
PmdReportConverter,"StringBuffer (or StringBuilder).append is called consecutively without reusing the target variable.","streamconverter-core/src/main/java/com/streamConverter/analysis/PmdReportConverter.java",207,generateJsonReport,3,"ConsecutiveAppendsShouldReuse",Performance,
PmdReportConverter,"StringBuffer (or StringBuilder).append is called consecutively without reusing the target variable.","streamconverter-core/src/main/java/com/streamConverter/analysis/PmdReportConverter.java",208,generateJsonReport,3,"ConsecutiveAppendsShouldReuse",Performance,
PmdReportConverter,"StringBuffer (or StringBuilder).append is called 2 consecutive times with literals. Use a single append with a single combined String.","streamconverter-core/src/main/java/com/streamConverter/analysis/PmdReportConverter.java",208,generateJsonReport,3,"ConsecutiveLiteralAppends",Performance,
PmdReportConverter,"StringBuffer (or StringBuilder).append is called consecutively without reusing the target variable.","streamconverter-core/src/main/java/com/streamConverter/analysis/PmdReportConverter.java",209,generateJsonReport,3,"ConsecutiveAppendsShouldReuse",Performance,
PmdReportConverter,"Usage of java.util.Date should be replaced with classes from java.time","streamconverter-core/src/main/java/com/streamConverter/analysis/PmdReportConverter.java",209,generateJsonReport,3,ReplaceJavaUtilDate,"Error Prone",
PmdReportConverter,"StringBuffer (or StringBuilder).append is called 3 consecutive times with literals. Use a single append with a single combined String.","streamconverter-core/src/main/java/com/streamConverter/analysis/PmdReportConverter.java",209,generateJsonReport,3,"ConsecutiveLiteralAppends",Performance,
PmdReportConverter,"StringBuffer (or StringBuilder).append is called consecutively without reusing the target variable.","streamconverter-core/src/main/java/com/streamConverter/analysis/PmdReportConverter.java",210,generateJsonReport,3,"ConsecutiveAppendsShouldReuse",Performance,
PmdReportConverter,"Avoid variables with short names like v","streamconverter-core/src/main/java/com/streamConverter/analysis/PmdReportConverter.java",214,generateJsonReport,3,ShortVariable,"Code Style",v
PmdReportConverter,"Local variable 'v' could be declared final","streamconverter-core/src/main/java/com/streamConverter/analysis/PmdReportConverter.java",214,generateJsonReport,3,"LocalVariableCouldBeFinal","Code Style",v
PmdReportConverter,"StringBuffer (or StringBuilder).append is called consecutively without reusing the target variable.","streamconverter-core/src/main/java/com/streamConverter/analysis/PmdReportConverter.java",215,generateJsonReport,3,"ConsecutiveAppendsShouldReuse",Performance,
PmdReportConverter,"StringBuffer (or StringBuilder).append is called 2 consecutive times with literals. Use a single append with a single combined String.","streamconverter-core/src/main/java/com/streamConverter/analysis/PmdReportConverter.java",215,generateJsonReport,3,"ConsecutiveLiteralAppends",Performance,
PmdReportConverter,"StringBuffer (or StringBuilder).append is called consecutively without reusing the target variable.","streamconverter-core/src/main/java/com/streamConverter/analysis/PmdReportConverter.java",216,generateJsonReport,3,"ConsecutiveAppendsShouldReuse",Performance,
PmdReportConverter,"StringBuffer (or StringBuilder).append is called 2 consecutive times with literals. Use a single append with a single combined String.","streamconverter-core/src/main/java/com/streamConverter/analysis/PmdReportConverter.java",216,generateJsonReport,3,"ConsecutiveLiteralAppends",Performance,
PmdReportConverter,"The String literal ""\\"",\\n"" appears 6 times in this file; the first occurrence is on line 216","streamconverter-core/src/main/java/com/streamConverter/analysis/PmdReportConverter.java",216,generateJsonReport,3,AvoidDuplicateLiterals,"Error Prone",
PmdReportConverter,"StringBuffer (or StringBuilder).append is called consecutively without reusing the target variable.","streamconverter-core/src/main/java/com/streamConverter/analysis/PmdReportConverter.java",217,generateJsonReport,3,"ConsecutiveAppendsShouldReuse",Performance,
PmdReportConverter,"StringBuffer (or StringBuilder).append is called 2 consecutive times with literals. Use a single append with a single combined String.","streamconverter-core/src/main/java/com/streamConverter/analysis/PmdReportConverter.java",217,generateJsonReport,3,"ConsecutiveLiteralAppends",Performance,
PmdReportConverter,"StringBuffer (or StringBuilder).append is called consecutively without reusing the target variable.","streamconverter-core/src/main/java/com/streamConverter/analysis/PmdReportConverter.java",218,generateJsonReport,3,"ConsecutiveAppendsShouldReuse",Performance,
PmdReportConverter,"StringBuffer (or StringBuilder).append is called 2 consecutive times with literals. Use a single append with a single combined String.","streamconverter-core/src/main/java/com/streamConverter/analysis/PmdReportConverter.java",218,generateJsonReport,3,"ConsecutiveLiteralAppends",Performance,
PmdReportConverter,"StringBuffer (or StringBuilder).append is called consecutively without reusing the target variable.","streamconverter-core/src/main/java/com/streamConverter/analysis/PmdReportConverter.java",219,generateJsonReport,3,"ConsecutiveAppendsShouldReuse",Performance,
PmdReportConverter,"StringBuffer (or StringBuilder).append is called 2 consecutive times with literals. Use a single append with a single combined String.","streamconverter-core/src/main/java/com/streamConverter/analysis/PmdReportConverter.java",219,generateJsonReport,3,"ConsecutiveLiteralAppends",Performance,
PmdReportConverter,"StringBuffer (or StringBuilder).append is called consecutively without reusing the target variable.","streamconverter-core/src/main/java/com/streamConverter/analysis/PmdReportConverter.java",220,generateJsonReport,3,"ConsecutiveAppendsShouldReuse",Performance,
PmdReportConverter,"StringBuffer (or StringBuilder).append is called 2 consecutive times with literals. Use a single append with a single combined String.","streamconverter-core/src/main/java/com/streamConverter/analysis/PmdReportConverter.java",220,generateJsonReport,3,"ConsecutiveLiteralAppends",Performance,
PmdReportConverter,"StringBuffer (or StringBuilder).append is called consecutively without reusing the target variable.","streamconverter-core/src/main/java/com/streamConverter/analysis/PmdReportConverter.java",221,generateJsonReport,3,"ConsecutiveAppendsShouldReuse",Performance,
PmdReportConverter,"StringBuffer (or StringBuilder).append is called 2 consecutive times with literals. Use a single append with a single combined String.","streamconverter-core/src/main/java/com/streamConverter/analysis/PmdReportConverter.java",223,generateJsonReport,3,"ConsecutiveLiteralAppends",Performance,
PmdReportConverter,"StringBuffer (or StringBuilder).append is called consecutively without reusing the target variable.","streamconverter-core/src/main/java/com/streamConverter/analysis/PmdReportConverter.java",224,generateJsonReport,3,"ConsecutiveAppendsShouldReuse",Performance,
PmdReportConverter,"StringBuffer (or StringBuilder).append is called 2 consecutive times with literals. Use a single append with a single combined String.","streamconverter-core/src/main/java/com/streamConverter/analysis/PmdReportConverter.java",224,generateJsonReport,3,"ConsecutiveLiteralAppends",Performance,
PmdReportConverter,"StringBuffer (or StringBuilder).append is called consecutively without reusing the target variable.","streamconverter-core/src/main/java/com/streamConverter/analysis/PmdReportConverter.java",225,generateJsonReport,3,"ConsecutiveAppendsShouldReuse",Performance,
PmdReportConverter,"StringBuffer (or StringBuilder).append is called 2 consecutive times with literals. Use a single append with a single combined String.","streamconverter-core/src/main/java/com/streamConverter/analysis/PmdReportConverter.java",225,generateJsonReport,3,"ConsecutiveLiteralAppends",Performance,
PmdReportConverter,"StringBuffer (or StringBuilder).append is called consecutively without reusing the target variable.","streamconverter-core/src/main/java/com/streamConverter/analysis/PmdReportConverter.java",226,generateJsonReport,3,"ConsecutiveAppendsShouldReuse",Performance,
PmdReportConverter,"StringBuffer (or StringBuilder).append is called 2 consecutive times with literals. Use a single append with a single combined String.","streamconverter-core/src/main/java/com/streamConverter/analysis/PmdReportConverter.java",226,generateJsonReport,3,"ConsecutiveLiteralAppends",Performance,
PmdReportConverter,"Avoid appending characters as strings in StringBuffer.append.","streamconverter-core/src/main/java/com/streamConverter/analysis/PmdReportConverter.java",227,generateJsonReport,3,AppendCharacterWithChar,Performance,
PmdReportConverter,"StringBuffer (or StringBuilder).append is called consecutively without reusing the target variable.","streamconverter-core/src/main/java/com/streamConverter/analysis/PmdReportConverter.java",230,generateJsonReport,3,"ConsecutiveAppendsShouldReuse",Performance,
PmdReportConverter,"StringBuffer (or StringBuilder).append is called 2 consecutive times with literals. Use a single append with a single combined String.","streamconverter-core/src/main/java/com/streamConverter/analysis/PmdReportConverter.java",230,generateJsonReport,3,"ConsecutiveLiteralAppends",Performance,
DataFormat,"Package name contains upper case characters","streamconverter-core/src/main/java/com/streamConverter/api/DataFormat.java",1,,3,PackageCase,"Code Style",
DataFormat,"Parameter 'name' is not assigned and could be declared final","streamconverter-core/src/main/java/com/streamConverter/api/DataFormat.java",23,DataFormat,3,"MethodArgumentCouldBeFinal","Code Style",name
StreamBuilder,"Package name contains upper case characters","streamconverter-core/src/main/java/com/streamConverter/api/StreamBuilder.java",1,,3,PackageCase,"Code Style",
StreamBuilder,"This class has too many methods, consider refactoring it.","streamconverter-core/src/main/java/com/streamConverter/api/StreamBuilder.java",41,,3,TooManyMethods,Design,
StreamBuilder,"Avoid unused private fields such as 'built'.","streamconverter-core/src/main/java/com/streamConverter/api/StreamBuilder.java",45,,3,UnusedPrivateField,"Best Practices",built
StreamBuilder,"Avoid using redundant field initializer for 'built'","streamconverter-core/src/main/java/com/streamConverter/api/StreamBuilder.java",45,,3,"RedundantFieldInitializer",Performance,built
StreamBuilder,"Field format has the same name as a method","streamconverter-core/src/main/java/com/streamConverter/api/StreamBuilder.java",46,,3,"AvoidFieldNameMatchingMethodName","Error Prone",format
StreamBuilder,"Parameter 'input' is not assigned and could be declared final","streamconverter-core/src/main/java/com/streamConverter/api/StreamBuilder.java",70,fromString,3,"MethodArgumentCouldBeFinal","Code Style",input
StreamBuilder,"Parameter 'inputStream' is not assigned and could be declared final","streamconverter-core/src/main/java/com/streamConverter/api/StreamBuilder.java",82,fromStream,3,"MethodArgumentCouldBeFinal","Code Style",inputStream
StreamBuilder,"Parameter 'filePath' is not assigned and could be declared final","streamconverter-core/src/main/java/com/streamConverter/api/StreamBuilder.java",95,fromFile,3,"MethodArgumentCouldBeFinal","Code Style",filePath
StreamBuilder,"Parameter 'schemaPath' is not assigned and could be declared final","streamconverter-core/src/main/java/com/streamConverter/api/StreamBuilder.java",150,validateJson,3,"MethodArgumentCouldBeFinal","Code Style",schemaPath
StreamBuilder,"Parameter 'schemaPath' is not assigned and could be declared final","streamconverter-core/src/main/java/com/streamConverter/api/StreamBuilder.java",162,validateXml,3,"MethodArgumentCouldBeFinal","Code Style",schemaPath
StreamBuilder,"Consider using varargs for methods or constructors which take an array the last parameter.","streamconverter-core/src/main/java/com/streamConverter/api/StreamBuilder.java",174,validateCsv,4,UseVarargs,"Best Practices",requiredColumns
StreamBuilder,"Parameter 'requiredColumns' is not assigned and could be declared final","streamconverter-core/src/main/java/com/streamConverter/api/StreamBuilder.java",174,validateCsv,3,"MethodArgumentCouldBeFinal","Code Style",requiredColumns
StreamBuilder,"Parameter 'schemaPath' is not assigned and could be declared final","streamconverter-core/src/main/java/com/streamConverter/api/StreamBuilder.java",188,validate,3,"MethodArgumentCouldBeFinal","Code Style",schemaPath
StreamBuilder,"The switch block is exhaustive even without the default case","streamconverter-core/src/main/java/com/streamConverter/api/StreamBuilder.java",191,validate,3,"ExhaustiveSwitchHasDefault","Best Practices",
StreamBuilder,"Parameter 'path' is not assigned and could be declared final","streamconverter-core/src/main/java/com/streamConverter/api/StreamBuilder.java",218,extract,3,"MethodArgumentCouldBeFinal","Code Style",path
StreamBuilder,"The switch block is exhaustive even without the default case","streamconverter-core/src/main/java/com/streamConverter/api/StreamBuilder.java",221,extract,3,"ExhaustiveSwitchHasDefault","Best Practices",
StreamBuilder,"Parameter 'jsonPath' is not assigned and could be declared final","streamconverter-core/src/main/java/com/streamConverter/api/StreamBuilder.java",261,extractJson,3,"MethodArgumentCouldBeFinal","Code Style",jsonPath
StreamBuilder,"Parameter 'xpath' is not assigned and could be declared final","streamconverter-core/src/main/java/com/streamConverter/api/StreamBuilder.java",283,extractXml,3,"MethodArgumentCouldBeFinal","Code Style",xpath
StreamBuilder,"Parameter 'columnName' is not assigned and could be declared final","streamconverter-core/src/main/java/com/streamConverter/api/StreamBuilder.java",295,extractCsv,3,"MethodArgumentCouldBeFinal","Code Style",columnName
StreamBuilder,"Parameter 'fromEncoding' is not assigned and could be declared final","streamconverter-core/src/main/java/com/streamConverter/api/StreamBuilder.java",310,convertEncoding,3,"MethodArgumentCouldBeFinal","Code Style",fromEncoding
StreamBuilder,"Parameter 'toEncoding' is not assigned and could be declared final","streamconverter-core/src/main/java/com/streamConverter/api/StreamBuilder.java",310,convertEncoding,3,"MethodArgumentCouldBeFinal","Code Style",toEncoding
StreamBuilder,"Parameter 'commandName' is not assigned and could be declared final","streamconverter-core/src/main/java/com/streamConverter/api/StreamBuilder.java",323,process,3,"MethodArgumentCouldBeFinal","Code Style",commandName
StreamBuilder,"Parameter 'command' is not assigned and could be declared final","streamconverter-core/src/main/java/com/streamConverter/api/StreamBuilder.java",335,addCommand,3,"MethodArgumentCouldBeFinal","Code Style",command
StreamBuilder,"Parameter 'url' is not assigned and could be declared final","streamconverter-core/src/main/java/com/streamConverter/api/StreamBuilder.java",349,sendHttp,3,"MethodArgumentCouldBeFinal","Code Style",url
StreamBuilder,"Parameter 'url' is not assigned and could be declared final","streamconverter-core/src/main/java/com/streamConverter/api/StreamBuilder.java",361,sendHttpPost,3,"MethodArgumentCouldBeFinal","Code Style",url
StreamBuilder,"Parameter 'condition' is not assigned and could be declared final","streamconverter-core/src/main/java/com/streamConverter/api/StreamBuilder.java",376,when,3,"MethodArgumentCouldBeFinal","Code Style",condition
StreamBuilder,"Parameter 'configurer' is not assigned and could be declared final","streamconverter-core/src/main/java/com/streamConverter/api/StreamBuilder.java",376,when,3,"MethodArgumentCouldBeFinal","Code Style",configurer
StreamBuilder,"Parameter 'outputStream' is not assigned and could be declared final","streamconverter-core/src/main/java/com/streamConverter/api/StreamBuilder.java",406,toStream,3,"MethodArgumentCouldBeFinal","Code Style",outputStream
StreamBuilder,"Parameter 'filePath' is not assigned and could be declared final","streamconverter-core/src/main/java/com/streamConverter/api/StreamBuilder.java",418,toFile,3,"MethodArgumentCouldBeFinal","Code Style",filePath
StreamBuilder,"Local variable 'info' could be declared final","streamconverter-core/src/main/java/com/streamConverter/api/StreamBuilder.java",447,getPipelineInfo,3,"LocalVariableCouldBeFinal","Code Style",info
StreamBuilder,"StringBuilder has been initialized with size 16, but has at least 42 characters appended.","streamconverter-core/src/main/java/com/streamConverter/api/StreamBuilder.java",447,getPipelineInfo,3,"InsufficientStringBufferDeclaration",Performance,info
StreamBuilder,"Local variable 'command' could be declared final","streamconverter-core/src/main/java/com/streamConverter/api/StreamBuilder.java",450,getPipelineInfo,3,"LocalVariableCouldBeFinal","Code Style",command
StreamBuilder,"Local variable 'commandInfo' could be declared final","streamconverter-core/src/main/java/com/streamConverter/api/StreamBuilder.java",451,getPipelineInfo,3,"LocalVariableCouldBeFinal","Code Style",commandInfo
StreamBuilder,"Avoid appending characters as strings in StringBuffer.append.","streamconverter-core/src/main/java/com/streamConverter/api/StreamBuilder.java",452,getPipelineInfo,3,AppendCharacterWithChar,Performance,
StreamBuilder,"Parameter 'command' is not assigned and could be declared final","streamconverter-core/src/main/java/com/streamConverter/api/StreamBuilder.java",463,formatCommandInfo,3,"MethodArgumentCouldBeFinal","Code Style",command
StreamBuilder,"Local variable 'className' could be declared final","streamconverter-core/src/main/java/com/streamConverter/api/StreamBuilder.java",464,formatCommandInfo,3,"LocalVariableCouldBeFinal","Code Style",className
StreamBuilder,"Local variable 'commandString' could be declared final","streamconverter-core/src/main/java/com/streamConverter/api/StreamBuilder.java",468,formatCommandInfo,3,"LocalVariableCouldBeFinal","Code Style",commandString
StreamBuilder,"Avoid variables with short names like id","streamconverter-core/src/main/java/com/streamConverter/api/StreamBuilder.java",470,formatCommandInfo,3,ShortVariable,"Code Style",id
StreamBuilder,"Local variable 'id' could be declared final","streamconverter-core/src/main/java/com/streamConverter/api/StreamBuilder.java",470,formatCommandInfo,3,"LocalVariableCouldBeFinal","Code Style",id
StreamBuilder,"String.indexOf(char) is faster than String.indexOf(String).","streamconverter-core/src/main/java/com/streamConverter/api/StreamBuilder.java",471,formatCommandInfo,3,UseIndexOfChar,Performance,
StreamBuilder,"A method should have only one exit point, and that should be the last statement in the method","streamconverter-core/src/main/java/com/streamConverter/api/StreamBuilder.java",472,formatCommandInfo,3,OnlyOneReturn,"Code Style",
StreamBuilder,"Parameter 'outputStream' is not assigned and could be declared final","streamconverter-core/src/main/java/com/streamConverter/api/StreamBuilder.java",501,execute,3,"MethodArgumentCouldBeFinal","Code Style",outputStream
StreamBuilder,"Local variable 'converter' could be declared final","streamconverter-core/src/main/java/com/streamConverter/api/StreamBuilder.java",509,execute,3,"LocalVariableCouldBeFinal","Code Style",converter
Streams,"Package name contains upper case characters","streamconverter-core/src/main/java/com/streamConverter/api/Streams.java",1,,3,PackageCase,"Code Style",
Streams,"Parameter 'jsonString' is not assigned and could be declared final","streamconverter-core/src/main/java/com/streamConverter/api/Streams.java",48,json,3,"MethodArgumentCouldBeFinal","Code Style",jsonString
Streams,"Parameter 'csvString' is not assigned and could be declared final","streamconverter-core/src/main/java/com/streamConverter/api/Streams.java",58,csv,3,"MethodArgumentCouldBeFinal","Code Style",csvString
Streams,"Parameter 'xmlString' is not assigned and could be declared final","streamconverter-core/src/main/java/com/streamConverter/api/Streams.java",68,xml,3,"MethodArgumentCouldBeFinal","Code Style",xmlString
Streams,"Parameter 'content' is not assigned and could be declared final","streamconverter-core/src/main/java/com/streamConverter/api/Streams.java",78,from,3,"MethodArgumentCouldBeFinal","Code Style",content
Streams,"Parameter 'inputStream' is not assigned and could be declared final","streamconverter-core/src/main/java/com/streamConverter/api/Streams.java",88,from,3,"MethodArgumentCouldBeFinal","Code Style",inputStream
LargeDataGenerator,"Package name contains upper case characters","streamconverter-core/src/main/java/com/streamConverter/benchmark/LargeDataGenerator.java",1,,3,PackageCase,"Code Style",
LargeDataGenerator,"This utility class has a non-private constructor","streamconverter-core/src/main/java/com/streamConverter/benchmark/LargeDataGenerator.java",16,,3,UseUtilityClass,Design,
LargeDataGenerator,"Parameter 'targetSizeBytes' is not assigned and could be declared final","streamconverter-core/src/main/java/com/streamConverter/benchmark/LargeDataGenerator.java",39,generateLargeXmlFile,3,"MethodArgumentCouldBeFinal","Code Style",targetSizeBytes
LargeDataGenerator,"Local variable 'tempFile' could be declared final","streamconverter-core/src/main/java/com/streamConverter/benchmark/LargeDataGenerator.java",40,generateLargeXmlFile,3,"LocalVariableCouldBeFinal","Code Style",tempFile
LargeDataGenerator,"Local variable 'random' could be declared final","streamconverter-core/src/main/java/com/streamConverter/benchmark/LargeDataGenerator.java",41,generateLargeXmlFile,3,"LocalVariableCouldBeFinal","Code Style",random
LargeDataGenerator,"Local variable 'record' could be declared final","streamconverter-core/src/main/java/com/streamConverter/benchmark/LargeDataGenerator.java",51,generateLargeXmlFile,3,"LocalVariableCouldBeFinal","Code Style",record
LargeDataGenerator,"The String literal ""UTF-8"" appears 5 times in this file; the first occurrence is on line 53","streamconverter-core/src/main/java/com/streamConverter/benchmark/LargeDataGenerator.java",53,generateLargeXmlFile,3,AvoidDuplicateLiterals,"Error Prone",
LargeDataGenerator,"Number 100000 should separate every third digit with an underscore","streamconverter-core/src/main/java/com/streamConverter/benchmark/LargeDataGenerator.java",56,generateLargeXmlFile,3,"UseUnderscoresInNumericLiterals","Code Style",
LargeDataGenerator,"Usage of System.out/err","streamconverter-core/src/main/java/com/streamConverter/benchmark/LargeDataGenerator.java",57,generateLargeXmlFile,2,SystemPrintln,"Best Practices",
LargeDataGenerator,"Parameter 'targetSizeBytes' is not assigned and could be declared final","streamconverter-core/src/main/java/com/streamConverter/benchmark/LargeDataGenerator.java",75,generateLargeJsonFile,3,"MethodArgumentCouldBeFinal","Code Style",targetSizeBytes
LargeDataGenerator,"Local variable 'tempFile' could be declared final","streamconverter-core/src/main/java/com/streamConverter/benchmark/LargeDataGenerator.java",76,generateLargeJsonFile,3,"LocalVariableCouldBeFinal","Code Style",tempFile
LargeDataGenerator,"Local variable 'random' could be declared final","streamconverter-core/src/main/java/com/streamConverter/benchmark/LargeDataGenerator.java",77,generateLargeJsonFile,3,"LocalVariableCouldBeFinal","Code Style",random
LargeDataGenerator,"Local variable 'record' could be declared final","streamconverter-core/src/main/java/com/streamConverter/benchmark/LargeDataGenerator.java",91,generateLargeJsonFile,3,"LocalVariableCouldBeFinal","Code Style",record
LargeDataGenerator,"Number 100000 should separate every third digit with an underscore","streamconverter-core/src/main/java/com/streamConverter/benchmark/LargeDataGenerator.java",95,generateLargeJsonFile,3,"UseUnderscoresInNumericLiterals","Code Style",
LargeDataGenerator,"Usage of System.out/err","streamconverter-core/src/main/java/com/streamConverter/benchmark/LargeDataGenerator.java",96,generateLargeJsonFile,2,SystemPrintln,"Best Practices",
LargeDataGenerator,"Parameter 'targetSizeBytes' is not assigned and could be declared final","streamconverter-core/src/main/java/com/streamConverter/benchmark/LargeDataGenerator.java",114,generateLargeCsvFile,3,"MethodArgumentCouldBeFinal","Code Style",targetSizeBytes
LargeDataGenerator,"Local variable 'tempFile' could be declared final","streamconverter-core/src/main/java/com/streamConverter/benchmark/LargeDataGenerator.java",115,generateLargeCsvFile,3,"LocalVariableCouldBeFinal","Code Style",tempFile
LargeDataGenerator,"Local variable 'random' could be declared final","streamconverter-core/src/main/java/com/streamConverter/benchmark/LargeDataGenerator.java",116,generateLargeCsvFile,3,"LocalVariableCouldBeFinal","Code Style",random
LargeDataGenerator,"Local variable 'header' could be declared final","streamconverter-core/src/main/java/com/streamConverter/benchmark/LargeDataGenerator.java",120,generateLargeCsvFile,3,"LocalVariableCouldBeFinal","Code Style",header
LargeDataGenerator,"Local variable 'record' could be declared final","streamconverter-core/src/main/java/com/streamConverter/benchmark/LargeDataGenerator.java",127,generateLargeCsvFile,3,"LocalVariableCouldBeFinal","Code Style",record
LargeDataGenerator,"Number 100000 should separate every third digit with an underscore","streamconverter-core/src/main/java/com/streamConverter/benchmark/LargeDataGenerator.java",131,generateLargeCsvFile,3,"UseUnderscoresInNumericLiterals","Code Style",
LargeDataGenerator,"Usage of System.out/err","streamconverter-core/src/main/java/com/streamConverter/benchmark/LargeDataGenerator.java",132,generateLargeCsvFile,2,SystemPrintln,"Best Practices",
LargeDataGenerator,"Avoid variables with short names like id","streamconverter-core/src/main/java/com/streamConverter/benchmark/LargeDataGenerator.java",142,generateXmlRecord,3,ShortVariable,"Code Style",id
LargeDataGenerator,"Parameter 'id' is not assigned and could be declared final","streamconverter-core/src/main/java/com/streamConverter/benchmark/LargeDataGenerator.java",142,generateXmlRecord,3,"MethodArgumentCouldBeFinal","Code Style",id
LargeDataGenerator,"Parameter 'random' is not assigned and could be declared final","streamconverter-core/src/main/java/com/streamConverter/benchmark/LargeDataGenerator.java",142,generateXmlRecord,3,"MethodArgumentCouldBeFinal","Code Style",random
LargeDataGenerator,"Local variable 'name' could be declared final","streamconverter-core/src/main/java/com/streamConverter/benchmark/LargeDataGenerator.java",143,generateXmlRecord,3,"LocalVariableCouldBeFinal","Code Style",name
LargeDataGenerator,"Local variable 'city' could be declared final","streamconverter-core/src/main/java/com/streamConverter/benchmark/LargeDataGenerator.java",144,generateXmlRecord,3,"LocalVariableCouldBeFinal","Code Style",city
LargeDataGenerator,"Local variable 'product' could be declared final","streamconverter-core/src/main/java/com/streamConverter/benchmark/LargeDataGenerator.java",145,generateXmlRecord,3,"LocalVariableCouldBeFinal","Code Style",product
LargeDataGenerator,"Local variable 'quantity' could be declared final","streamconverter-core/src/main/java/com/streamConverter/benchmark/LargeDataGenerator.java",146,generateXmlRecord,3,"LocalVariableCouldBeFinal","Code Style",quantity
LargeDataGenerator,"Local variable 'price' could be declared final","streamconverter-core/src/main/java/com/streamConverter/benchmark/LargeDataGenerator.java",147,generateXmlRecord,3,"LocalVariableCouldBeFinal","Code Style",price
LargeDataGenerator,"Number 10000 should separate every third digit with an underscore","streamconverter-core/src/main/java/com/streamConverter/benchmark/LargeDataGenerator.java",147,generateXmlRecord,3,"UseUnderscoresInNumericLiterals","Code Style",
LargeDataGenerator,"Avoid variables with short names like id","streamconverter-core/src/main/java/com/streamConverter/benchmark/LargeDataGenerator.java",172,generateJsonRecord,3,ShortVariable,"Code Style",id
LargeDataGenerator,"Parameter 'id' is not assigned and could be declared final","streamconverter-core/src/main/java/com/streamConverter/benchmark/LargeDataGenerator.java",172,generateJsonRecord,3,"MethodArgumentCouldBeFinal","Code Style",id
LargeDataGenerator,"Parameter 'random' is not assigned and could be declared final","streamconverter-core/src/main/java/com/streamConverter/benchmark/LargeDataGenerator.java",172,generateJsonRecord,3,"MethodArgumentCouldBeFinal","Code Style",random
LargeDataGenerator,"Local variable 'name' could be declared final","streamconverter-core/src/main/java/com/streamConverter/benchmark/LargeDataGenerator.java",173,generateJsonRecord,3,"LocalVariableCouldBeFinal","Code Style",name
LargeDataGenerator,"Local variable 'city' could be declared final","streamconverter-core/src/main/java/com/streamConverter/benchmark/LargeDataGenerator.java",174,generateJsonRecord,3,"LocalVariableCouldBeFinal","Code Style",city
LargeDataGenerator,"Local variable 'product' could be declared final","streamconverter-core/src/main/java/com/streamConverter/benchmark/LargeDataGenerator.java",175,generateJsonRecord,3,"LocalVariableCouldBeFinal","Code Style",product
LargeDataGenerator,"Local variable 'quantity' could be declared final","streamconverter-core/src/main/java/com/streamConverter/benchmark/LargeDataGenerator.java",176,generateJsonRecord,3,"LocalVariableCouldBeFinal","Code Style",quantity
LargeDataGenerator,"Local variable 'price' could be declared final","streamconverter-core/src/main/java/com/streamConverter/benchmark/LargeDataGenerator.java",177,generateJsonRecord,3,"LocalVariableCouldBeFinal","Code Style",price
LargeDataGenerator,"Number 10000 should separate every third digit with an underscore","streamconverter-core/src/main/java/com/streamConverter/benchmark/LargeDataGenerator.java",177,generateJsonRecord,3,"UseUnderscoresInNumericLiterals","Code Style",
LargeDataGenerator,"Avoid variables with short names like id","streamconverter-core/src/main/java/com/streamConverter/benchmark/LargeDataGenerator.java",203,generateCsvRecord,3,ShortVariable,"Code Style",id
LargeDataGenerator,"Parameter 'id' is not assigned and could be declared final","streamconverter-core/src/main/java/com/streamConverter/benchmark/LargeDataGenerator.java",203,generateCsvRecord,3,"MethodArgumentCouldBeFinal","Code Style",id
LargeDataGenerator,"Parameter 'random' is not assigned and could be declared final","streamconverter-core/src/main/java/com/streamConverter/benchmark/LargeDataGenerator.java",203,generateCsvRecord,3,"MethodArgumentCouldBeFinal","Code Style",random
LargeDataGenerator,"Local variable 'name' could be declared final","streamconverter-core/src/main/java/com/streamConverter/benchmark/LargeDataGenerator.java",204,generateCsvRecord,3,"LocalVariableCouldBeFinal","Code Style",name
LargeDataGenerator,"Local variable 'city' could be declared final","streamconverter-core/src/main/java/com/streamConverter/benchmark/LargeDataGenerator.java",205,generateCsvRecord,3,"LocalVariableCouldBeFinal","Code Style",city
LargeDataGenerator,"Local variable 'product' could be declared final","streamconverter-core/src/main/java/com/streamConverter/benchmark/LargeDataGenerator.java",206,generateCsvRecord,3,"LocalVariableCouldBeFinal","Code Style",product
LargeDataGenerator,"Local variable 'quantity' could be declared final","streamconverter-core/src/main/java/com/streamConverter/benchmark/LargeDataGenerator.java",207,generateCsvRecord,3,"LocalVariableCouldBeFinal","Code Style",quantity
LargeDataGenerator,"Local variable 'price' could be declared final","streamconverter-core/src/main/java/com/streamConverter/benchmark/LargeDataGenerator.java",208,generateCsvRecord,3,"LocalVariableCouldBeFinal","Code Style",price
LargeDataGenerator,"Number 10000 should separate every third digit with an underscore","streamconverter-core/src/main/java/com/streamConverter/benchmark/LargeDataGenerator.java",208,generateCsvRecord,3,"UseUnderscoresInNumericLiterals","Code Style",
LargeDataGenerator,"Parameter 'product' is not assigned and could be declared final","streamconverter-core/src/main/java/com/streamConverter/benchmark/LargeDataGenerator.java",216,generateDescription,3,"MethodArgumentCouldBeFinal","Code Style",product
LargeDataGenerator,"Parameter 'random' is not assigned and could be declared final","streamconverter-core/src/main/java/com/streamConverter/benchmark/LargeDataGenerator.java",216,generateDescription,3,"MethodArgumentCouldBeFinal","Code Style",random
LargeDataGenerator,"Local variable 'adjectives' could be declared final","streamconverter-core/src/main/java/com/streamConverter/benchmark/LargeDataGenerator.java",217,generateDescription,3,"LocalVariableCouldBeFinal","Code Style",adjectives
LargeDataGenerator,"Local variable 'features' could be declared final","streamconverter-core/src/main/java/com/streamConverter/benchmark/LargeDataGenerator.java",218,generateDescription,3,"LocalVariableCouldBeFinal","Code Style",features
LargeDataGenerator,"Local variable 'adj' could be declared final","streamconverter-core/src/main/java/com/streamConverter/benchmark/LargeDataGenerator.java",220,generateDescription,3,"LocalVariableCouldBeFinal","Code Style",adj
LargeDataGenerator,"Local variable 'feature' could be declared final","streamconverter-core/src/main/java/com/streamConverter/benchmark/LargeDataGenerator.java",221,generateDescription,3,"LocalVariableCouldBeFinal","Code Style",feature
LargeDataGenerator,"Parameter 'text' is not assigned and could be declared final","streamconverter-core/src/main/java/com/streamConverter/benchmark/LargeDataGenerator.java",227,escapeXml,3,"MethodArgumentCouldBeFinal","Code Style",text
LargeDataGenerator,"Parameter 'format' is not assigned and could be declared final","streamconverter-core/src/main/java/com/streamConverter/benchmark/LargeDataGenerator.java",242,createLargeDataStream,3,"MethodArgumentCouldBeFinal","Code Style",format
LargeDataGenerator,"Parameter 'targetSizeBytes' is not assigned and could be declared final","streamconverter-core/src/main/java/com/streamConverter/benchmark/LargeDataGenerator.java",242,createLargeDataStream,3,"MethodArgumentCouldBeFinal","Code Style",targetSizeBytes
LargeDataInputStream,"Avoid using redundant field initializer for 'bytesGenerated'","streamconverter-core/src/main/java/com/streamConverter/benchmark/LargeDataGenerator.java",250,,3,"RedundantFieldInitializer",Performance,bytesGenerated
LargeDataInputStream,"Avoid using redundant field initializer for 'bufferPosition'","streamconverter-core/src/main/java/com/streamConverter/benchmark/LargeDataGenerator.java",252,,3,"RedundantFieldInitializer",Performance,bufferPosition
LargeDataInputStream,"Avoid using redundant field initializer for 'recordCount'","streamconverter-core/src/main/java/com/streamConverter/benchmark/LargeDataGenerator.java",253,,3,"RedundantFieldInitializer",Performance,recordCount
LargeDataInputStream,"Avoid using redundant field initializer for 'headerWritten'","streamconverter-core/src/main/java/com/streamConverter/benchmark/LargeDataGenerator.java",254,,3,"RedundantFieldInitializer",Performance,headerWritten
LargeDataInputStream,"Avoid using redundant field initializer for 'footerWritten'","streamconverter-core/src/main/java/com/streamConverter/benchmark/LargeDataGenerator.java",255,,3,"RedundantFieldInitializer",Performance,footerWritten
LargeDataInputStream,"Avoid excessively long variable names like isDocumentComplete","streamconverter-core/src/main/java/com/streamConverter/benchmark/LargeDataGenerator.java",256,,3,LongVariable,"Code Style",isDocumentComplete
LargeDataInputStream,"Avoid using redundant field initializer for 'isDocumentComplete'","streamconverter-core/src/main/java/com/streamConverter/benchmark/LargeDataGenerator.java",256,,3,"RedundantFieldInitializer",Performance,isDocumentComplete
LargeDataInputStream,"It is a good practice to call super() in a constructor","streamconverter-core/src/main/java/com/streamConverter/benchmark/LargeDataGenerator.java",259,LargeDataInputStream,3,CallSuperInConstructor,"Code Style",
LargeDataInputStream,"Parameter 'format' is not assigned and could be declared final","streamconverter-core/src/main/java/com/streamConverter/benchmark/LargeDataGenerator.java",259,LargeDataInputStream,3,"MethodArgumentCouldBeFinal","Code Style",format
LargeDataInputStream,"Parameter 'totalSize' is not assigned and could be declared final","streamconverter-core/src/main/java/com/streamConverter/benchmark/LargeDataGenerator.java",259,LargeDataInputStream,3,"MethodArgumentCouldBeFinal","Code Style",totalSize
LargeDataInputStream,"When doing a String.toLowerCase()/toUpperCase() call, use a Locale","streamconverter-core/src/main/java/com/streamConverter/benchmark/LargeDataGenerator.java",260,LargeDataInputStream,3,"UseLocaleWithCaseConversions","Error Prone",
LargeDataInputStream,"A method should have only one exit point, and that should be the last statement in the method","streamconverter-core/src/main/java/com/streamConverter/benchmark/LargeDataGenerator.java",269,read,3,OnlyOneReturn,"Code Style",
LargeDataInputStream,"Avoid variables with short names like b","streamconverter-core/src/main/java/com/streamConverter/benchmark/LargeDataGenerator.java",278,read,3,ShortVariable,"Code Style",b
LargeDataInputStream,"Parameter 'b' is not assigned and could be declared final","streamconverter-core/src/main/java/com/streamConverter/benchmark/LargeDataGenerator.java",278,read,3,"MethodArgumentCouldBeFinal","Code Style",b
LargeDataInputStream,"Parameter 'off' is not assigned and could be declared final","streamconverter-core/src/main/java/com/streamConverter/benchmark/LargeDataGenerator.java",278,read,3,"MethodArgumentCouldBeFinal","Code Style",off
LargeDataInputStream,"Parameter 'len' is not assigned and could be declared final","streamconverter-core/src/main/java/com/streamConverter/benchmark/LargeDataGenerator.java",278,read,3,"MethodArgumentCouldBeFinal","Code Style",len
LargeDataInputStream,"A method should have only one exit point, and that should be the last statement in the method","streamconverter-core/src/main/java/com/streamConverter/benchmark/LargeDataGenerator.java",280,read,3,OnlyOneReturn,"Code Style",
LargeDataInputStream,"This statement should have braces","streamconverter-core/src/main/java/com/streamConverter/benchmark/LargeDataGenerator.java",287,read,3,ControlStatementBraces,"Code Style",
LargeDataInputStream,"Local variable 'available' could be declared final","streamconverter-core/src/main/java/com/streamConverter/benchmark/LargeDataGenerator.java",291,read,3,"LocalVariableCouldBeFinal","Code Style",available
LargeDataInputStream,"Local variable 'toRead' could be declared final","streamconverter-core/src/main/java/com/streamConverter/benchmark/LargeDataGenerator.java",292,read,3,"LocalVariableCouldBeFinal","Code Style",toRead
LargeDataInputStream,"The method 'generateNextChunk()' has a NCSS line count of 68.","streamconverter-core/src/main/java/com/streamConverter/benchmark/LargeDataGenerator.java",302,generateNextChunk,3,NcssCount,Design,
LargeDataInputStream,"The method 'generateNextChunk()' has a cognitive complexity of 30, current threshold is 15","streamconverter-core/src/main/java/com/streamConverter/benchmark/LargeDataGenerator.java",302,generateNextChunk,3,CognitiveComplexity,Design,
LargeDataInputStream,"The method 'generateNextChunk()' has a cyclomatic complexity of 23.","streamconverter-core/src/main/java/com/streamConverter/benchmark/LargeDataGenerator.java",302,generateNextChunk,3,CyclomaticComplexity,Design,
LargeDataInputStream,"The method 'generateNextChunk()' has an NPath complexity of 2061, current threshold is 200","streamconverter-core/src/main/java/com/streamConverter/benchmark/LargeDataGenerator.java",302,generateNextChunk,3,NPathComplexity,Design,
LargeDataInputStream,"Local variable 'chunk' could be declared final","streamconverter-core/src/main/java/com/streamConverter/benchmark/LargeDataGenerator.java",308,generateNextChunk,3,"LocalVariableCouldBeFinal","Code Style",chunk
LargeDataInputStream,"StringBuilder has been initialized with size 16, but has at least 127 characters appended.","streamconverter-core/src/main/java/com/streamConverter/benchmark/LargeDataGenerator.java",308,generateNextChunk,3,"InsufficientStringBufferDeclaration",Performance,chunk
LargeDataInputStream,"Local variable 'footerSize' could be declared final","streamconverter-core/src/main/java/com/streamConverter/benchmark/LargeDataGenerator.java",311,generateNextChunk,3,"LocalVariableCouldBeFinal","Code Style",footerSize
LargeDataInputStream,"Local variable 'remainingBytes' could be declared final","streamconverter-core/src/main/java/com/streamConverter/benchmark/LargeDataGenerator.java",312,generateNextChunk,3,"LocalVariableCouldBeFinal","Code Style",remainingBytes
LargeDataInputStream,"Switch statements or expressions should be exhaustive, add a default case (or missing enum branches)","streamconverter-core/src/main/java/com/streamConverter/benchmark/LargeDataGenerator.java",316,generateNextChunk,3,NonExhaustiveSwitch,"Best Practices",
LargeDataInputStream,"The String literal ""XML"" appears 4 times in this file; the first occurrence is on line 317","streamconverter-core/src/main/java/com/streamConverter/benchmark/LargeDataGenerator.java",317,generateNextChunk,3,AvoidDuplicateLiterals,"Error Prone",
LargeDataInputStream,"The String literal ""JSON"" appears 5 times in this file; the first occurrence is on line 320","streamconverter-core/src/main/java/com/streamConverter/benchmark/LargeDataGenerator.java",320,generateNextChunk,3,AvoidDuplicateLiterals,"Error Prone",
LargeDataInputStream,"The String literal ""CSV"" appears 4 times in this file; the first occurrence is on line 323","streamconverter-core/src/main/java/com/streamConverter/benchmark/LargeDataGenerator.java",323,generateNextChunk,3,AvoidDuplicateLiterals,"Error Prone",
LargeDataInputStream,"Avoid excessively long variable names like shouldGenerateFooter","streamconverter-core/src/main/java/com/streamConverter/benchmark/LargeDataGenerator.java",331,generateNextChunk,3,LongVariable,"Code Style",shouldGenerateFooter
LargeDataInputStream,"Switch statements or expressions should be exhaustive, add a default case (or missing enum branches)","streamconverter-core/src/main/java/com/streamConverter/benchmark/LargeDataGenerator.java",338,generateNextChunk,3,NonExhaustiveSwitch,"Best Practices",
LargeDataInputStream,"The final local variable name 'MAX_CHUNK_SIZE' doesn't match '[a-z][a-zA-Z0-9]*'","streamconverter-core/src/main/java/com/streamConverter/benchmark/LargeDataGenerator.java",354,generateNextChunk,1,"LocalVariableNamingConventions","Code Style",MAX_CHUNK_SIZE
LargeDataInputStream,"Position literals first in String comparisons","streamconverter-core/src/main/java/com/streamConverter/benchmark/LargeDataGenerator.java",359,generateNextChunk,3,"LiteralsFirstInComparisons","Best Practices",
LargeDataInputStream,"Local variable 'record' could be declared final","streamconverter-core/src/main/java/com/streamConverter/benchmark/LargeDataGenerator.java",363,generateNextChunk,3,"LocalVariableCouldBeFinal","Code Style",record
LargeDataInputStream,"Local variable 'nextAdditionSize' could be declared final","streamconverter-core/src/main/java/com/streamConverter/benchmark/LargeDataGenerator.java",379,generateNextChunk,3,"LocalVariableCouldBeFinal","Code Style",nextAdditionSize
LargeDataInputStream,"This statement should have braces","streamconverter-core/src/main/java/com/streamConverter/benchmark/LargeDataGenerator.java",392,generateNextChunk,3,ControlStatementBraces,"Code Style",
LargeDataInputStream,"Local variable 'chunkBytes' could be declared final","streamconverter-core/src/main/java/com/streamConverter/benchmark/LargeDataGenerator.java",397,generateNextChunk,3,"LocalVariableCouldBeFinal","Code Style",chunkBytes
LargeDataInputStream,"Avoid catching generic exceptions such as NullPointerException, RuntimeException, Exception in try-catch block","streamconverter-core/src/main/java/com/streamConverter/benchmark/LargeDataGenerator.java",400,generateNextChunk,3,"AvoidCatchingGenericException",Design,
LargeDataInputStream,"A method should have only one exit point, and that should be the last statement in the method","streamconverter-core/src/main/java/com/streamConverter/benchmark/LargeDataGenerator.java",410,calculateFooterSize,3,OnlyOneReturn,"Code Style",
LargeDataInputStream,"A method should have only one exit point, and that should be the last statement in the method","streamconverter-core/src/main/java/com/streamConverter/benchmark/LargeDataGenerator.java",412,calculateFooterSize,3,OnlyOneReturn,"Code Style",
PerformanceAnalyzer,"Package name contains upper case characters","streamconverter-core/src/main/java/com/streamConverter/benchmark/PerformanceAnalyzer.java",1,,3,PackageCase,"Code Style",
PerformanceAnalyzer,"Each class should declare at least one constructor","streamconverter-core/src/main/java/com/streamConverter/benchmark/PerformanceAnalyzer.java",29,,3,AtLeastOneConstructor,"Code Style",
PerformanceAnalyzer,"The constant name 'logger' doesn't match '[A-Z][A-Z_0-9]*'","streamconverter-core/src/main/java/com/streamConverter/benchmark/PerformanceAnalyzer.java",31,,1,FieldNamingConventions,"Code Style",logger
PerformanceAnalyzer,"Parameter 'testName' is not assigned and could be declared final","streamconverter-core/src/main/java/com/streamConverter/benchmark/PerformanceAnalyzer.java",42,addRecord,3,"MethodArgumentCouldBeFinal","Code Style",testName
PerformanceAnalyzer,"Parameter 'results' is not assigned and could be declared final","streamconverter-core/src/main/java/com/streamConverter/benchmark/PerformanceAnalyzer.java",42,addRecord,3,"MethodArgumentCouldBeFinal","Code Style",results
PerformanceAnalyzer,"Parameter 'totalDataSize' is not assigned and could be declared final","streamconverter-core/src/main/java/com/streamConverter/benchmark/PerformanceAnalyzer.java",42,addRecord,3,"MethodArgumentCouldBeFinal","Code Style",totalDataSize
PerformanceAnalyzer,"Local variable 'record' could be declared final","streamconverter-core/src/main/java/com/streamConverter/benchmark/PerformanceAnalyzer.java",48,addRecord,3,"LocalVariableCouldBeFinal","Code Style",record
PerformanceAnalyzer,"Logger calls should be surrounded by log level guards.","streamconverter-core/src/main/java/com/streamConverter/benchmark/PerformanceAnalyzer.java",51,addRecord,2,GuardLogStatement,"Best Practices",
PerformanceAnalyzer,"A method should have only one exit point, and that should be the last statement in the method","streamconverter-core/src/main/java/com/streamConverter/benchmark/PerformanceAnalyzer.java",67,getStatistics,3,OnlyOneReturn,"Code Style",
PerformanceAnalyzer,"Local variable 'writer' could be declared final","streamconverter-core/src/main/java/com/streamConverter/benchmark/PerformanceAnalyzer.java",79,generateDetailedReport,3,"LocalVariableCouldBeFinal","Code Style",writer
PerformanceAnalyzer,"Avoid variables with short names like pw","streamconverter-core/src/main/java/com/streamConverter/benchmark/PerformanceAnalyzer.java",80,generateDetailedReport,3,ShortVariable,"Code Style",pw
PerformanceAnalyzer,"Parameter 'writer' is not assigned and could be declared final","streamconverter-core/src/main/java/com/streamConverter/benchmark/PerformanceAnalyzer.java",91,generateDetailedReport,3,"MethodArgumentCouldBeFinal","Code Style",writer
PerformanceAnalyzer,"Local variable 'stats' could be declared final","streamconverter-core/src/main/java/com/streamConverter/benchmark/PerformanceAnalyzer.java",103,generateDetailedReport,3,"LocalVariableCouldBeFinal","Code Style",stats
PerformanceAnalyzer,"Local variable 'record' could be declared final","streamconverter-core/src/main/java/com/streamConverter/benchmark/PerformanceAnalyzer.java",119,generateDetailedReport,3,"LocalVariableCouldBeFinal","Code Style",record
PerformanceAnalyzer,"Access to field `results` on foreign value `record` (degree 1)","streamconverter-core/src/main/java/com/streamConverter/benchmark/PerformanceAnalyzer.java",124,generateDetailedReport,3,LawOfDemeter,Design,
PerformanceAnalyzer,"Access to field `results` on foreign value `record` (degree 1)","streamconverter-core/src/main/java/com/streamConverter/benchmark/PerformanceAnalyzer.java",129,generateDetailedReport,3,LawOfDemeter,Design,
PerformanceAnalyzer,"Local variable 'result' could be declared final","streamconverter-core/src/main/java/com/streamConverter/benchmark/PerformanceAnalyzer.java",130,generateDetailedReport,3,"LocalVariableCouldBeFinal","Code Style",result
PerformanceAnalyzer,"Access to field `results` on foreign value `record` (degree 1)","streamconverter-core/src/main/java/com/streamConverter/benchmark/PerformanceAnalyzer.java",130,generateDetailedReport,3,LawOfDemeter,Design,result
PerformanceAnalyzer,"Call to `getCommandName` on foreign value `result` (degree 2)","streamconverter-core/src/main/java/com/streamConverter/benchmark/PerformanceAnalyzer.java",134,generateDetailedReport,3,LawOfDemeter,Design,
PerformanceAnalyzer,"Call to `getExecutionTimeMillis` on foreign value `result` (degree 2)","streamconverter-core/src/main/java/com/streamConverter/benchmark/PerformanceAnalyzer.java",135,generateDetailedReport,3,LawOfDemeter,Design,
PerformanceAnalyzer,"Call to `getInputBytes` on foreign value `result` (degree 2)","streamconverter-core/src/main/java/com/streamConverter/benchmark/PerformanceAnalyzer.java",137,generateDetailedReport,3,LawOfDemeter,Design,
PerformanceAnalyzer,"Local variable 'writer' could be declared final","streamconverter-core/src/main/java/com/streamConverter/benchmark/PerformanceAnalyzer.java",169,generateCSVReport,3,"LocalVariableCouldBeFinal","Code Style",writer
PerformanceAnalyzer,"Avoid variables with short names like pw","streamconverter-core/src/main/java/com/streamConverter/benchmark/PerformanceAnalyzer.java",170,generateCSVReport,3,ShortVariable,"Code Style",pw
PerformanceAnalyzer,"Parameter 'writer' is not assigned and could be declared final","streamconverter-core/src/main/java/com/streamConverter/benchmark/PerformanceAnalyzer.java",181,generateCSVReport,3,"MethodArgumentCouldBeFinal","Code Style",writer
PerformanceAnalyzer,"Local variable 'record' could be declared final","streamconverter-core/src/main/java/com/streamConverter/benchmark/PerformanceAnalyzer.java",187,generateCSVReport,3,"LocalVariableCouldBeFinal","Code Style",record
PerformanceAnalyzer,"Access to field `results` on foreign value `record` (degree 1)","streamconverter-core/src/main/java/com/streamConverter/benchmark/PerformanceAnalyzer.java",194,generateCSVReport,3,LawOfDemeter,Design,
PerformanceAnalyzer,"Parameter 'writer' is not assigned and could be declared final","streamconverter-core/src/main/java/com/streamConverter/benchmark/PerformanceAnalyzer.java",201,generateRecommendations,3,"MethodArgumentCouldBeFinal","Code Style",writer
PerformanceAnalyzer,"Parameter 'stats' is not assigned and could be declared final","streamconverter-core/src/main/java/com/streamConverter/benchmark/PerformanceAnalyzer.java",201,generateRecommendations,3,"MethodArgumentCouldBeFinal","Code Style",stats
PerformanceAnalyzer,"Local variable 'recommendations' could be declared final","streamconverter-core/src/main/java/com/streamConverter/benchmark/PerformanceAnalyzer.java",205,generateRecommendations,3,"LocalVariableCouldBeFinal","Code Style",recommendations
PerformanceAnalyzer,"Avoid using literals in if statements","streamconverter-core/src/main/java/com/streamConverter/benchmark/PerformanceAnalyzer.java",208,generateRecommendations,3,"AvoidLiteralsInIfCondition","Error Prone",
PerformanceAnalyzer,"Local variable 'memoryToDataRatio' could be declared final","streamconverter-core/src/main/java/com/streamConverter/benchmark/PerformanceAnalyzer.java",214,generateRecommendations,3,"LocalVariableCouldBeFinal","Code Style",memoryToDataRatio
PerformanceAnalyzer,"Avoid using literals in if statements","streamconverter-core/src/main/java/com/streamConverter/benchmark/PerformanceAnalyzer.java",215,generateRecommendations,3,"AvoidLiteralsInIfCondition","Error Prone",
PerformanceAnalyzer,"Local variable 'cvExecutionTime' could be declared final","streamconverter-core/src/main/java/com/streamConverter/benchmark/PerformanceAnalyzer.java",221,generateRecommendations,3,"LocalVariableCouldBeFinal","Code Style",cvExecutionTime
PerformanceAnalyzer,"Avoid using literals in if statements","streamconverter-core/src/main/java/com/streamConverter/benchmark/PerformanceAnalyzer.java",222,generateRecommendations,3,"AvoidLiteralsInIfCondition","Error Prone",
PerformanceAnalyzer,"Avoid excessively long variable names like avgCommandsPerTest","streamconverter-core/src/main/java/com/streamConverter/benchmark/PerformanceAnalyzer.java",228,generateRecommendations,3,LongVariable,"Code Style",avgCommandsPerTest
PerformanceAnalyzer,"Local variable 'avgCommandsPerTest' could be declared final","streamconverter-core/src/main/java/com/streamConverter/benchmark/PerformanceAnalyzer.java",228,generateRecommendations,3,"LocalVariableCouldBeFinal","Code Style",avgCommandsPerTest
PerformanceAnalyzer,"Avoid using literals in if statements","streamconverter-core/src/main/java/com/streamConverter/benchmark/PerformanceAnalyzer.java",230,generateRecommendations,3,"AvoidLiteralsInIfCondition","Error Prone",
PerformanceAnalyzer,"Parameter 'result' is not assigned and could be declared final","streamconverter-core/src/main/java/com/streamConverter/benchmark/PerformanceAnalyzer.java",247,calculateThroughput,3,"MethodArgumentCouldBeFinal","Code Style",result
PerformanceAnalyzer,"Parameter 'totalDataSize' is not assigned and could be declared final","streamconverter-core/src/main/java/com/streamConverter/benchmark/PerformanceAnalyzer.java",247,calculateThroughput,3,"MethodArgumentCouldBeFinal","Code Style",totalDataSize
PerformanceAnalyzer,"A method should have only one exit point, and that should be the last statement in the method","streamconverter-core/src/main/java/com/streamConverter/benchmark/PerformanceAnalyzer.java",249,calculateThroughput,3,OnlyOneReturn,"Code Style",
PerformanceAnalyzer,"Useless parentheses.","streamconverter-core/src/main/java/com/streamConverter/benchmark/PerformanceAnalyzer.java",251,calculateThroughput,4,UselessParentheses,"Code Style",
PerformanceRecord,"Missing commented default access modifier on field 'testName'","streamconverter-core/src/main/java/com/streamConverter/benchmark/PerformanceAnalyzer.java",256,,3,"CommentDefaultAccessModifier","Code Style",testName
PerformanceRecord,"Missing commented default access modifier on field 'results'","streamconverter-core/src/main/java/com/streamConverter/benchmark/PerformanceAnalyzer.java",257,,3,"CommentDefaultAccessModifier","Code Style",results
PerformanceRecord,"Missing commented default access modifier on field 'totalDataSize'","streamconverter-core/src/main/java/com/streamConverter/benchmark/PerformanceAnalyzer.java",258,,3,"CommentDefaultAccessModifier","Code Style",totalDataSize
PerformanceRecord,"Avoid excessively long variable names like totalExecutionTime","streamconverter-core/src/main/java/com/streamConverter/benchmark/PerformanceAnalyzer.java",259,,3,LongVariable,"Code Style",totalExecutionTime
PerformanceRecord,"Missing commented default access modifier on field 'totalExecutionTime'","streamconverter-core/src/main/java/com/streamConverter/benchmark/PerformanceAnalyzer.java",259,,3,"CommentDefaultAccessModifier","Code Style",totalExecutionTime
PerformanceRecord,"Missing commented default access modifier on field 'throughput'","streamconverter-core/src/main/java/com/streamConverter/benchmark/PerformanceAnalyzer.java",260,,3,"CommentDefaultAccessModifier","Code Style",throughput
PerformanceRecord,"Missing commented default access modifier on field 'peakMemoryUsage'","streamconverter-core/src/main/java/com/streamConverter/benchmark/PerformanceAnalyzer.java",261,,3,"CommentDefaultAccessModifier","Code Style",peakMemoryUsage
PerformanceRecord,"Missing commented default access modifier on field 'successRate'","streamconverter-core/src/main/java/com/streamConverter/benchmark/PerformanceAnalyzer.java",262,,3,"CommentDefaultAccessModifier","Code Style",successRate
PerformanceRecord,"Missing commented default access modifier on field 'timestamp'","streamconverter-core/src/main/java/com/streamConverter/benchmark/PerformanceAnalyzer.java",263,,3,"CommentDefaultAccessModifier","Code Style",timestamp
PerformanceRecord,"Missing commented default access modifier on constructor 'PerformanceRecord(String, List<CommandResult>, long)'","streamconverter-core/src/main/java/com/streamConverter/benchmark/PerformanceAnalyzer.java",265,PerformanceRecord,3,"CommentDefaultAccessModifier","Code Style",
PerformanceRecord,"Parameter 'testName' is not assigned and could be declared final","streamconverter-core/src/main/java/com/streamConverter/benchmark/PerformanceAnalyzer.java",265,PerformanceRecord,3,"MethodArgumentCouldBeFinal","Code Style",testName
PerformanceRecord,"Parameter 'results' is not assigned and could be declared final","streamconverter-core/src/main/java/com/streamConverter/benchmark/PerformanceAnalyzer.java",265,PerformanceRecord,3,"MethodArgumentCouldBeFinal","Code Style",results
PerformanceRecord,"Parameter 'totalDataSize' is not assigned and could be declared final","streamconverter-core/src/main/java/com/streamConverter/benchmark/PerformanceAnalyzer.java",265,PerformanceRecord,3,"MethodArgumentCouldBeFinal","Code Style",totalDataSize
PerformanceRecord,"Useless parentheses.","streamconverter-core/src/main/java/com/streamConverter/benchmark/PerformanceAnalyzer.java",277,PerformanceRecord,4,UselessParentheses,"Code Style",
PerformanceRecord,"Local variable 'successCount' could be declared final","streamconverter-core/src/main/java/com/streamConverter/benchmark/PerformanceAnalyzer.java",283,PerformanceRecord,3,"LocalVariableCouldBeFinal","Code Style",successCount
PerformanceRecord,"Substitute calls to size() == 0 (or size() != 0, size() > 0, size() < 1) with calls to isEmpty()","streamconverter-core/src/main/java/com/streamConverter/benchmark/PerformanceAnalyzer.java",284,PerformanceRecord,3,UseCollectionIsEmpty,"Best Practices",
PerformanceStatistics,"The class 'PerformanceStatistics' is suspected to be a Data Class (WOC=0.000%, NOPA=15, NOAM=0, WMC=11)","streamconverter-core/src/main/java/com/streamConverter/benchmark/PerformanceAnalyzer.java",289,,3,DataClass,Design,
PerformanceStatistics,"Avoid excessively long variable names like averageExecutionTime","streamconverter-core/src/main/java/com/streamConverter/benchmark/PerformanceAnalyzer.java",291,,3,LongVariable,"Code Style",averageExecutionTime
PerformanceStatistics,"Avoid excessively long variable names like medianExecutionTime","streamconverter-core/src/main/java/com/streamConverter/benchmark/PerformanceAnalyzer.java",300,,3,LongVariable,"Code Style",medianExecutionTime
PerformanceStatistics,"Avoid excessively long variable names like executionTimeStdDev","streamconverter-core/src/main/java/com/streamConverter/benchmark/PerformanceAnalyzer.java",303,,3,LongVariable,"Code Style",executionTimeStdDev
PerformanceStatistics,"Avoid excessively long variable names like totalDataProcessed","streamconverter-core/src/main/java/com/streamConverter/benchmark/PerformanceAnalyzer.java",321,,3,LongVariable,"Code Style",totalDataProcessed
PerformanceStatistics,"Avoid excessively long variable names like overallSuccessRate","streamconverter-core/src/main/java/com/streamConverter/benchmark/PerformanceAnalyzer.java",327,,3,LongVariable,"Code Style",overallSuccessRate
PerformanceStatistics,"Missing commented default access modifier on constructor 'PerformanceStatistics()'","streamconverter-core/src/main/java/com/streamConverter/benchmark/PerformanceAnalyzer.java",335,PerformanceStatistics,3,"CommentDefaultAccessModifier","Code Style",
PerformanceStatistics,"Missing commented default access modifier on constructor 'PerformanceStatistics(List<PerformanceRecord>)'","streamconverter-core/src/main/java/com/streamConverter/benchmark/PerformanceAnalyzer.java",357,PerformanceStatistics,3,"CommentDefaultAccessModifier","Code Style",
PerformanceStatistics,"Parameter 'records' is not assigned and could be declared final","streamconverter-core/src/main/java/com/streamConverter/benchmark/PerformanceAnalyzer.java",357,PerformanceStatistics,3,"MethodArgumentCouldBeFinal","Code Style",records
PerformanceStatistics,"Local variable 'executionTimes' could be declared final","streamconverter-core/src/main/java/com/streamConverter/benchmark/PerformanceAnalyzer.java",362,PerformanceStatistics,3,"LocalVariableCouldBeFinal","Code Style",executionTimes
PerformanceStatistics,"Local variable 'throughputs' could be declared final","streamconverter-core/src/main/java/com/streamConverter/benchmark/PerformanceAnalyzer.java",378,PerformanceStatistics,3,"LocalVariableCouldBeFinal","Code Style",throughputs
PerformanceStatistics,"Parameter 'sortedValues' is not assigned and could be declared final","streamconverter-core/src/main/java/com/streamConverter/benchmark/PerformanceAnalyzer.java",398,calculateMedian,3,"MethodArgumentCouldBeFinal","Code Style",sortedValues
PerformanceStatistics,"A method should have only one exit point, and that should be the last statement in the method","streamconverter-core/src/main/java/com/streamConverter/benchmark/PerformanceAnalyzer.java",400,calculateMedian,3,OnlyOneReturn,"Code Style",
PerformanceStatistics,"Local variable 'size' could be declared final","streamconverter-core/src/main/java/com/streamConverter/benchmark/PerformanceAnalyzer.java",403,calculateMedian,3,"LocalVariableCouldBeFinal","Code Style",size
PerformanceStatistics,"A method should have only one exit point, and that should be the last statement in the method","streamconverter-core/src/main/java/com/streamConverter/benchmark/PerformanceAnalyzer.java",405,calculateMedian,3,OnlyOneReturn,"Code Style",
PerformanceStatistics,"Parameter 'values' is not assigned and could be declared final","streamconverter-core/src/main/java/com/streamConverter/benchmark/PerformanceAnalyzer.java",411,"calculateStandardDeviation",3,"MethodArgumentCouldBeFinal","Code Style",values
PerformanceStatistics,"Parameter 'mean' is not assigned and could be declared final","streamconverter-core/src/main/java/com/streamConverter/benchmark/PerformanceAnalyzer.java",411,"calculateStandardDeviation",3,"MethodArgumentCouldBeFinal","Code Style",mean
PerformanceStatistics,"Avoid using literals in if statements","streamconverter-core/src/main/java/com/streamConverter/benchmark/PerformanceAnalyzer.java",412,"calculateStandardDeviation",3,"AvoidLiteralsInIfCondition","Error Prone",
PerformanceStatistics,"A method should have only one exit point, and that should be the last statement in the method","streamconverter-core/src/main/java/com/streamConverter/benchmark/PerformanceAnalyzer.java",413,"calculateStandardDeviation",3,OnlyOneReturn,"Code Style",
PerformanceStatistics,"Avoid excessively long variable names like sumSquaredDifferences","streamconverter-core/src/main/java/com/streamConverter/benchmark/PerformanceAnalyzer.java",416,"calculateStandardDeviation",3,LongVariable,"Code Style",sumSquaredDifferences
PerformanceStatistics,"Local variable 'sumSquaredDifferences' could be declared final","streamconverter-core/src/main/java/com/streamConverter/benchmark/PerformanceAnalyzer.java",416,"calculateStandardDeviation",3,"LocalVariableCouldBeFinal","Code Style",sumSquaredDifferences
ResourceMonitor,"Package name contains upper case characters","streamconverter-core/src/main/java/com/streamConverter/benchmark/ResourceMonitor.java",1,,3,PackageCase,"Code Style",
ResourceMonitor,"Each class should declare at least one constructor","streamconverter-core/src/main/java/com/streamConverter/benchmark/ResourceMonitor.java",17,,3,AtLeastOneConstructor,"Code Style",
ResourceMonitor,"Avoid using redundant field initializer for 'monitoring'","streamconverter-core/src/main/java/com/streamConverter/benchmark/ResourceMonitor.java",26,,3,"RedundantFieldInitializer",Performance,monitoring
ResourceMonitor,"Parameter 'expectedDataSize' is not assigned and could be declared final","streamconverter-core/src/main/java/com/streamConverter/benchmark/ResourceMonitor.java",33,start,3,"MethodArgumentCouldBeFinal","Code Style",expectedDataSize
ResourceMonitor,"Avoid variables with short names like t","streamconverter-core/src/main/java/com/streamConverter/benchmark/ResourceMonitor.java",47,start,3,ShortVariable,"Code Style",t
ResourceMonitor,"Local variable 't' could be declared final","streamconverter-core/src/main/java/com/streamConverter/benchmark/ResourceMonitor.java",47,start,3,"LocalVariableCouldBeFinal","Code Style",t
ResourceMonitor,"Local variable 'endTime' could be declared final","streamconverter-core/src/main/java/com/streamConverter/benchmark/ResourceMonitor.java",78,stop,3,"LocalVariableCouldBeFinal","Code Style",endTime
ResourceMonitor,"Local variable 'endMemory' could be declared final","streamconverter-core/src/main/java/com/streamConverter/benchmark/ResourceMonitor.java",79,stop,3,"LocalVariableCouldBeFinal","Code Style",endMemory
ResourceMonitor,"Local variable 'duration' could be declared final","streamconverter-core/src/main/java/com/streamConverter/benchmark/ResourceMonitor.java",81,stop,3,"LocalVariableCouldBeFinal","Code Style",duration
ResourceMonitor,"Local variable 'memoryUsed' could be declared final","streamconverter-core/src/main/java/com/streamConverter/benchmark/ResourceMonitor.java",82,stop,3,"LocalVariableCouldBeFinal","Code Style",memoryUsed
ResourceMonitor,"Local variable 'throughputMBps' could be declared final","streamconverter-core/src/main/java/com/streamConverter/benchmark/ResourceMonitor.java",83,stop,3,"LocalVariableCouldBeFinal","Code Style",throughputMBps
ResourceMonitor,"Useless parentheses.","streamconverter-core/src/main/java/com/streamConverter/benchmark/ResourceMonitor.java",84,stop,4,UselessParentheses,"Code Style",throughputMBps
ResourceMonitor,"This statement should have braces","streamconverter-core/src/main/java/com/streamConverter/benchmark/ResourceMonitor.java",99,updateMemoryUsage,3,ControlStatementBraces,"Code Style",
ResourceMonitor,"Local variable 'current' could be declared final","streamconverter-core/src/main/java/com/streamConverter/benchmark/ResourceMonitor.java",101,updateMemoryUsage,3,"LocalVariableCouldBeFinal","Code Style",current
ResourceMonitor,"Local variable 'heapUsage' could be declared final","streamconverter-core/src/main/java/com/streamConverter/benchmark/ResourceMonitor.java",117,getCurrentMemoryUsage,3,"LocalVariableCouldBeFinal","Code Style",heapUsage
ResourceMonitor,"Call to `getHeapMemoryUsage` on foreign value `memoryBean` (degree 1)","streamconverter-core/src/main/java/com/streamConverter/benchmark/ResourceMonitor.java",117,getCurrentMemoryUsage,3,LawOfDemeter,Design,heapUsage
ResourceMonitor,"Do not explicitly trigger a garbage collection.","streamconverter-core/src/main/java/com/streamConverter/benchmark/ResourceMonitor.java",123,forceGC,2,"DoNotCallGarbageCollectionExplicitly","Error Prone",
ResourceMonitor,"Do not explicitly trigger a garbage collection.","streamconverter-core/src/main/java/com/streamConverter/benchmark/ResourceMonitor.java",124,forceGC,2,"DoNotCallGarbageCollectionExplicitly","Error Prone",
ResourceUsage,"Package name contains upper case characters","streamconverter-core/src/main/java/com/streamConverter/benchmark/ResourceUsage.java",1,,3,PackageCase,"Code Style",
ResourceUsage,"Parameter 'durationMillis' is not assigned and could be declared final","streamconverter-core/src/main/java/com/streamConverter/benchmark/ResourceUsage.java",33,ResourceUsage,3,"MethodArgumentCouldBeFinal","Code Style",durationMillis
ResourceUsage,"Parameter 'memoryUsedBytes' is not assigned and could be declared final","streamconverter-core/src/main/java/com/streamConverter/benchmark/ResourceUsage.java",34,ResourceUsage,3,"MethodArgumentCouldBeFinal","Code Style",memoryUsedBytes
ResourceUsage,"Parameter 'peakMemoryBytes' is not assigned and could be declared final","streamconverter-core/src/main/java/com/streamConverter/benchmark/ResourceUsage.java",35,ResourceUsage,3,"MethodArgumentCouldBeFinal","Code Style",peakMemoryBytes
ResourceUsage,"Parameter 'startMemoryBytes' is not assigned and could be declared final","streamconverter-core/src/main/java/com/streamConverter/benchmark/ResourceUsage.java",36,ResourceUsage,3,"MethodArgumentCouldBeFinal","Code Style",startMemoryBytes
ResourceUsage,"Parameter 'endMemoryBytes' is not assigned and could be declared final","streamconverter-core/src/main/java/com/streamConverter/benchmark/ResourceUsage.java",37,ResourceUsage,3,"MethodArgumentCouldBeFinal","Code Style",endMemoryBytes
ResourceUsage,"Parameter 'dataSizeBytes' is not assigned and could be declared final","streamconverter-core/src/main/java/com/streamConverter/benchmark/ResourceUsage.java",38,ResourceUsage,3,"MethodArgumentCouldBeFinal","Code Style",dataSizeBytes
ResourceUsage,"Parameter 'throughputMBps' is not assigned and could be declared final","streamconverter-core/src/main/java/com/streamConverter/benchmark/ResourceUsage.java",39,ResourceUsage,3,"MethodArgumentCouldBeFinal","Code Style",throughputMBps
ResourceUsage,"Parameter 'measurementTime' is not assigned and could be declared final","streamconverter-core/src/main/java/com/streamConverter/benchmark/ResourceUsage.java",40,ResourceUsage,3,"MethodArgumentCouldBeFinal","Code Style",measurementTime
ResourceUsage,"A method should have only one exit point, and that should be the last statement in the method","streamconverter-core/src/main/java/com/streamConverter/benchmark/ResourceUsage.java",165,getMemoryEfficiency,3,OnlyOneReturn,"Code Style",
ResourceUsage,"This statement should have braces","streamconverter-core/src/main/java/com/streamConverter/benchmark/ResourceUsage.java",165,getMemoryEfficiency,3,ControlStatementBraces,"Code Style",
AbstractStreamCommand,"Package name contains upper case characters","streamconverter-core/src/main/java/com/streamConverter/command/AbstractStreamCommand.java",1,,3,PackageCase,"Code Style",
AbstractStreamCommand,"The constant name 'log' doesn't match '[A-Z][A-Z_0-9]*'","streamconverter-core/src/main/java/com/streamConverter/command/AbstractStreamCommand.java",18,,1,FieldNamingConventions,"Code Style",log
AbstractStreamCommand,"Avoid unnecessary constructors - the compiler will generate these for you","streamconverter-core/src/main/java/com/streamConverter/command/AbstractStreamCommand.java",25,AbstractStreamCommand,3,UnnecessaryConstructor,"Code Style",
AbstractStreamCommand,"Parameter 'inputStream' is not assigned and could be declared final","streamconverter-core/src/main/java/com/streamConverter/command/AbstractStreamCommand.java",40,execute,3,"MethodArgumentCouldBeFinal","Code Style",inputStream
AbstractStreamCommand,"Parameter 'outputStream' is not assigned and could be declared final","streamconverter-core/src/main/java/com/streamConverter/command/AbstractStreamCommand.java",40,execute,3,"MethodArgumentCouldBeFinal","Code Style",outputStream
AbstractStreamCommand,"Local variable 'commandName' could be declared final","streamconverter-core/src/main/java/com/streamConverter/command/AbstractStreamCommand.java",41,execute,3,"LocalVariableCouldBeFinal","Code Style",commandName
AbstractStreamCommand,"Local variable 'startTime' could be declared final","streamconverter-core/src/main/java/com/streamConverter/command/AbstractStreamCommand.java",42,execute,3,"LocalVariableCouldBeFinal","Code Style",startTime
AbstractStreamCommand,"Local variable 'startMemory' could be declared final","streamconverter-core/src/main/java/com/streamConverter/command/AbstractStreamCommand.java",43,execute,3,"LocalVariableCouldBeFinal","Code Style",startMemory
AbstractStreamCommand,"Logger calls should be surrounded by log level guards.","streamconverter-core/src/main/java/com/streamConverter/command/AbstractStreamCommand.java",47,execute,2,GuardLogStatement,"Best Practices",
AbstractStreamCommand,"Ensure that resources like this MeasuredInputStream object are closed after use","streamconverter-core/src/main/java/com/streamConverter/command/AbstractStreamCommand.java",50,execute,3,CloseResource,"Error Prone",measuredInput
AbstractStreamCommand,"Ensure that resources like this MeasuredOutputStream object are closed after use","streamconverter-core/src/main/java/com/streamConverter/command/AbstractStreamCommand.java",51,execute,3,CloseResource,"Error Prone",measuredOutput
AbstractStreamCommand,"Local variable 'duration' could be declared final","streamconverter-core/src/main/java/com/streamConverter/command/AbstractStreamCommand.java",59,execute,3,"LocalVariableCouldBeFinal","Code Style",duration
AbstractStreamCommand,"Local variable 'memoryUsed' could be declared final","streamconverter-core/src/main/java/com/streamConverter/command/AbstractStreamCommand.java",60,execute,3,"LocalVariableCouldBeFinal","Code Style",memoryUsed
AbstractStreamCommand,"Logger calls should be surrounded by log level guards.","streamconverter-core/src/main/java/com/streamConverter/command/AbstractStreamCommand.java",62,execute,2,GuardLogStatement,"Best Practices",
AbstractStreamCommand,"Avoid using literals in if statements","streamconverter-core/src/main/java/com/streamConverter/command/AbstractStreamCommand.java",71,execute,3,"AvoidLiteralsInIfCondition","Error Prone",
AbstractStreamCommand,"Avoid catching generic exceptions such as NullPointerException, RuntimeException, Exception in try-catch block","streamconverter-core/src/main/java/com/streamConverter/command/AbstractStreamCommand.java",75,execute,3,"AvoidCatchingGenericException",Design,
AbstractStreamCommand,"Local variable 'duration' could be declared final","streamconverter-core/src/main/java/com/streamConverter/command/AbstractStreamCommand.java",77,execute,3,"LocalVariableCouldBeFinal","Code Style",duration
AbstractStreamCommand,"Local variable 'memoryUsed' could be declared final","streamconverter-core/src/main/java/com/streamConverter/command/AbstractStreamCommand.java",78,execute,3,"LocalVariableCouldBeFinal","Code Style",memoryUsed
AbstractStreamCommand,"Local variable 'inputBytes' could be declared final","streamconverter-core/src/main/java/com/streamConverter/command/AbstractStreamCommand.java",81,execute,3,"LocalVariableCouldBeFinal","Code Style",inputBytes
AbstractStreamCommand,"Local variable 'outputBytes' could be declared final","streamconverter-core/src/main/java/com/streamConverter/command/AbstractStreamCommand.java",82,execute,3,"LocalVariableCouldBeFinal","Code Style",outputBytes
AbstractStreamCommand,"Logger calls should be surrounded by log level guards.","streamconverter-core/src/main/java/com/streamConverter/command/AbstractStreamCommand.java",84,execute,2,GuardLogStatement,"Best Practices",
AbstractStreamCommand,"An instanceof check is being performed on the caught exception.  Create a separate catch clause for this exception type.","streamconverter-core/src/main/java/com/streamConverter/command/AbstractStreamCommand.java",95,execute,3,"AvoidInstanceofChecksInCatchClause","Error Prone",
AbstractStreamCommand,"The instance method name '_execute' doesn't match '[a-z][a-zA-Z0-9]*'","streamconverter-core/src/main/java/com/streamConverter/command/AbstractStreamCommand.java",110,_execute,1,MethodNamingConventions,"Code Style",
AbstractStreamCommand,"Local variable 'runtime' could be declared final","streamconverter-core/src/main/java/com/streamConverter/command/AbstractStreamCommand.java",130,getUsedMemory,3,"LocalVariableCouldBeFinal","Code Style",runtime
CommandConfig,"Package name contains upper case characters","streamconverter-core/src/main/java/com/streamConverter/command/CommandConfig.java",1,,3,PackageCase,"Code Style",
CommandConfig,"Parameter 'commandClass' is not assigned and could be declared final","streamconverter-core/src/main/java/com/streamConverter/command/CommandConfig.java",19,CommandConfig,3,"MethodArgumentCouldBeFinal","Code Style",commandClass
CommandConfig,"Parameter 'args' is not assigned and could be declared final","streamconverter-core/src/main/java/com/streamConverter/command/CommandConfig.java",19,CommandConfig,3,"MethodArgumentCouldBeFinal","Code Style",args
CommandConfig,"The user-supplied array 'args' is stored directly.","streamconverter-core/src/main/java/com/streamConverter/command/CommandConfig.java",21,CommandConfig,3,ArrayIsStoredDirectly,"Best Practices",
CommandConfig,"Parameter 'commandClass' is not assigned and could be declared final","streamconverter-core/src/main/java/com/streamConverter/command/CommandConfig.java",33,CommandConfig,3,"MethodArgumentCouldBeFinal","Code Style",commandClass
CommandConfig,"Parameter 'description' is not assigned and could be declared final","streamconverter-core/src/main/java/com/streamConverter/command/CommandConfig.java",33,CommandConfig,3,"MethodArgumentCouldBeFinal","Code Style",description
CommandConfig,"Parameter 'args' is not assigned and could be declared final","streamconverter-core/src/main/java/com/streamConverter/command/CommandConfig.java",33,CommandConfig,3,"MethodArgumentCouldBeFinal","Code Style",args
CommandConfig,"The user-supplied array 'args' is stored directly.","streamconverter-core/src/main/java/com/streamConverter/command/CommandConfig.java",35,CommandConfig,3,ArrayIsStoredDirectly,"Best Practices",
CommandConfig,"Returning 'args' may expose an internal array.","streamconverter-core/src/main/java/com/streamConverter/command/CommandConfig.java",54,getArgs,3,"MethodReturnsInternalArray","Best Practices",
CommandFactory,"Package name contains upper case characters","streamconverter-core/src/main/java/com/streamConverter/command/CommandFactory.java",1,,3,PackageCase,"Code Style",
CommandFactory,"This utility class has a non-private constructor","streamconverter-core/src/main/java/com/streamConverter/command/CommandFactory.java",28,,3,UseUtilityClass,Design,
CommandFactory,"The constant name 'log' doesn't match '[A-Z][A-Z_0-9]*'","streamconverter-core/src/main/java/com/streamConverter/command/CommandFactory.java",29,,1,FieldNamingConventions,"Code Style",log
CommandFactory,"The String literal ""unchecked"" appears 4 times in this file; the first occurrence is on line 39","streamconverter-core/src/main/java/com/streamConverter/command/CommandFactory.java",39,createWithLogging,3,AvoidDuplicateLiterals,"Error Prone",
CommandFactory,"Parameter 'commandClass' is not assigned and could be declared final","streamconverter-core/src/main/java/com/streamConverter/command/CommandFactory.java",41,createWithLogging,3,"MethodArgumentCouldBeFinal","Code Style",commandClass
CommandFactory,"Parameter 'args' is not assigned and could be declared final","streamconverter-core/src/main/java/com/streamConverter/command/CommandFactory.java",41,createWithLogging,3,"MethodArgumentCouldBeFinal","Code Style",args
CommandFactory,"Local variable 'command' could be declared final","streamconverter-core/src/main/java/com/streamConverter/command/CommandFactory.java",43,createWithLogging,3,"LocalVariableCouldBeFinal","Code Style",command
CommandFactory,"Logger calls should be surrounded by log level guards.","streamconverter-core/src/main/java/com/streamConverter/command/CommandFactory.java",44,createWithLogging,2,GuardLogStatement,"Best Practices",
CommandFactory,"A method should have only one exit point, and that should be the last statement in the method","streamconverter-core/src/main/java/com/streamConverter/command/CommandFactory.java",49,createWithLogging,3,OnlyOneReturn,"Code Style",
CommandFactory,"Avoid catching generic exceptions such as NullPointerException, RuntimeException, Exception in try-catch block","streamconverter-core/src/main/java/com/streamConverter/command/CommandFactory.java",54,createWithLogging,3,"AvoidCatchingGenericException",Design,
CommandFactory,"Logger calls should be surrounded by log level guards.","streamconverter-core/src/main/java/com/streamConverter/command/CommandFactory.java",55,createWithLogging,2,GuardLogStatement,"Best Practices",
CommandFactory,"Avoid throwing raw exception types.","streamconverter-core/src/main/java/com/streamConverter/command/CommandFactory.java",56,createWithLogging,1,"AvoidThrowingRawExceptionTypes",Design,
CommandFactory,"Parameter 'commandClass' is not assigned and could be declared final","streamconverter-core/src/main/java/com/streamConverter/command/CommandFactory.java",71,createWithLogging,3,"MethodArgumentCouldBeFinal","Code Style",commandClass
CommandFactory,"Avoid excessively long variable names like enableDetailedLogging","streamconverter-core/src/main/java/com/streamConverter/command/CommandFactory.java",71,createWithLogging,3,LongVariable,"Code Style",enableDetailedLogging
CommandFactory,"Parameter 'enableDetailedLogging' is not assigned and could be declared final","streamconverter-core/src/main/java/com/streamConverter/command/CommandFactory.java",71,createWithLogging,3,"MethodArgumentCouldBeFinal","Code Style",enableDetailedLogging
CommandFactory,"Parameter 'args' is not assigned and could be declared final","streamconverter-core/src/main/java/com/streamConverter/command/CommandFactory.java",71,createWithLogging,3,"MethodArgumentCouldBeFinal","Code Style",args
CommandFactory,"Local variable 'command' could be declared final","streamconverter-core/src/main/java/com/streamConverter/command/CommandFactory.java",73,createWithLogging,3,"LocalVariableCouldBeFinal","Code Style",command
CommandFactory,"Logger calls should be surrounded by log level guards.","streamconverter-core/src/main/java/com/streamConverter/command/CommandFactory.java",74,createWithLogging,2,GuardLogStatement,"Best Practices",
CommandFactory,"A method should have only one exit point, and that should be the last statement in the method","streamconverter-core/src/main/java/com/streamConverter/command/CommandFactory.java",82,createWithLogging,3,OnlyOneReturn,"Code Style",
CommandFactory,"Avoid catching generic exceptions such as NullPointerException, RuntimeException, Exception in try-catch block","streamconverter-core/src/main/java/com/streamConverter/command/CommandFactory.java",87,createWithLogging,3,"AvoidCatchingGenericException",Design,
CommandFactory,"Logger calls should be surrounded by log level guards.","streamconverter-core/src/main/java/com/streamConverter/command/CommandFactory.java",88,createWithLogging,2,GuardLogStatement,"Best Practices",
CommandFactory,"Avoid throwing raw exception types.","streamconverter-core/src/main/java/com/streamConverter/command/CommandFactory.java",89,createWithLogging,1,"AvoidThrowingRawExceptionTypes",Design,
CommandFactory,"Parameter 'configs' is not assigned and could be declared final","streamconverter-core/src/main/java/com/streamConverter/command/CommandFactory.java",99,"createPipelineWithLogging",3,"MethodArgumentCouldBeFinal","Code Style",configs
CommandFactory,"Local variable 'commands' could be declared final","streamconverter-core/src/main/java/com/streamConverter/command/CommandFactory.java",100,"createPipelineWithLogging",3,"LocalVariableCouldBeFinal","Code Style",commands
CommandFactory,"Local variable 'config' could be declared final","streamconverter-core/src/main/java/com/streamConverter/command/CommandFactory.java",105,"createPipelineWithLogging",3,"LocalVariableCouldBeFinal","Code Style",config
CommandFactory,"Local variable 'command' could be declared final","streamconverter-core/src/main/java/com/streamConverter/command/CommandFactory.java",107,"createPipelineWithLogging",3,"LocalVariableCouldBeFinal","Code Style",command
CommandFactory,"Logger calls should be surrounded by log level guards.","streamconverter-core/src/main/java/com/streamConverter/command/CommandFactory.java",109,"createPipelineWithLogging",2,GuardLogStatement,"Best Practices",
CommandFactory,"Avoid catching generic exceptions such as NullPointerException, RuntimeException, Exception in try-catch block","streamconverter-core/src/main/java/com/streamConverter/command/CommandFactory.java",110,"createPipelineWithLogging",3,"AvoidCatchingGenericException",Design,
CommandFactory,"Logger calls should be surrounded by log level guards.","streamconverter-core/src/main/java/com/streamConverter/command/CommandFactory.java",111,"createPipelineWithLogging",2,GuardLogStatement,"Best Practices",
CommandFactory,"Avoid throwing raw exception types.","streamconverter-core/src/main/java/com/streamConverter/command/CommandFactory.java",117,"createPipelineWithLogging",1,"AvoidThrowingRawExceptionTypes",Design,
CommandFactory,"Logger calls should be surrounded by log level guards.","streamconverter-core/src/main/java/com/streamConverter/command/CommandFactory.java",121,"createPipelineWithLogging",2,GuardLogStatement,"Best Practices",
CommandFactory,"Parameter 'configs' is not assigned and could be declared final","streamconverter-core/src/main/java/com/streamConverter/command/CommandFactory.java",131,"createPipelineWithDetailedLogging",3,"MethodArgumentCouldBeFinal","Code Style",configs
CommandFactory,"Local variable 'commands' could be declared final","streamconverter-core/src/main/java/com/streamConverter/command/CommandFactory.java",132,"createPipelineWithDetailedLogging",3,"LocalVariableCouldBeFinal","Code Style",commands
CommandFactory,"Local variable 'config' could be declared final","streamconverter-core/src/main/java/com/streamConverter/command/CommandFactory.java",137,"createPipelineWithDetailedLogging",3,"LocalVariableCouldBeFinal","Code Style",config
CommandFactory,"Local variable 'command' could be declared final","streamconverter-core/src/main/java/com/streamConverter/command/CommandFactory.java",139,"createPipelineWithDetailedLogging",3,"LocalVariableCouldBeFinal","Code Style",command
CommandFactory,"Logger calls should be surrounded by log level guards.","streamconverter-core/src/main/java/com/streamConverter/command/CommandFactory.java",142,"createPipelineWithDetailedLogging",2,GuardLogStatement,"Best Practices",
CommandFactory,"Avoid catching generic exceptions such as NullPointerException, RuntimeException, Exception in try-catch block","streamconverter-core/src/main/java/com/streamConverter/command/CommandFactory.java",147,"createPipelineWithDetailedLogging",3,"AvoidCatchingGenericException",Design,
CommandFactory,"Logger calls should be surrounded by log level guards.","streamconverter-core/src/main/java/com/streamConverter/command/CommandFactory.java",148,"createPipelineWithDetailedLogging",2,GuardLogStatement,"Best Practices",
CommandFactory,"Avoid throwing raw exception types.","streamconverter-core/src/main/java/com/streamConverter/command/CommandFactory.java",154,"createPipelineWithDetailedLogging",1,"AvoidThrowingRawExceptionTypes",Design,
CommandFactory,"Logger calls should be surrounded by log level guards.","streamconverter-core/src/main/java/com/streamConverter/command/CommandFactory.java",158,"createPipelineWithDetailedLogging",2,GuardLogStatement,"Best Practices",
CommandFactory,"Parameter 'commandClass' is not assigned and could be declared final","streamconverter-core/src/main/java/com/streamConverter/command/CommandFactory.java",173,createInstance,3,"MethodArgumentCouldBeFinal","Code Style",commandClass
CommandFactory,"Parameter 'args' is not assigned and could be declared final","streamconverter-core/src/main/java/com/streamConverter/command/CommandFactory.java",173,createInstance,3,"MethodArgumentCouldBeFinal","Code Style",args
CommandFactory,"A method/constructor should not explicitly throw java.lang.Exception","streamconverter-core/src/main/java/com/streamConverter/command/CommandFactory.java",174,createInstance,3,"SignatureDeclareThrowsException",Design,
CommandFactory,"Local variable 'constructor' could be declared final","streamconverter-core/src/main/java/com/streamConverter/command/CommandFactory.java",177,createInstance,3,"LocalVariableCouldBeFinal","Code Style",constructor
CommandFactory,"A method should have only one exit point, and that should be the last statement in the method","streamconverter-core/src/main/java/com/streamConverter/command/CommandFactory.java",178,createInstance,3,OnlyOneReturn,"Code Style",
CommandFactory,"Local variable 'argTypes' could be declared final","streamconverter-core/src/main/java/com/streamConverter/command/CommandFactory.java",182,createInstance,3,"LocalVariableCouldBeFinal","Code Style",argTypes
CommandFactory,"Local variable 'constructor' could be declared final","streamconverter-core/src/main/java/com/streamConverter/command/CommandFactory.java",189,createInstance,3,"LocalVariableCouldBeFinal","Code Style",constructor
CommandFactory,"A method should have only one exit point, and that should be the last statement in the method","streamconverter-core/src/main/java/com/streamConverter/command/CommandFactory.java",190,createInstance,3,OnlyOneReturn,"Code Style",
CommandFactory,"Parameter 'commandClass' is not assigned and could be declared final","streamconverter-core/src/main/java/com/streamConverter/command/CommandFactory.java",209,"createInstanceWithBestMatch",3,"MethodArgumentCouldBeFinal","Code Style",commandClass
CommandFactory,"Parameter 'args' is not assigned and could be declared final","streamconverter-core/src/main/java/com/streamConverter/command/CommandFactory.java",209,"createInstanceWithBestMatch",3,"MethodArgumentCouldBeFinal","Code Style",args
CommandFactory,"Consider using varargs for methods or constructors which take an array the last parameter.","streamconverter-core/src/main/java/com/streamConverter/command/CommandFactory.java",209,"createInstanceWithBestMatch",4,UseVarargs,"Best Practices",argTypes
CommandFactory,"Parameter 'argTypes' is not assigned and could be declared final","streamconverter-core/src/main/java/com/streamConverter/command/CommandFactory.java",209,"createInstanceWithBestMatch",3,"MethodArgumentCouldBeFinal","Code Style",argTypes
CommandFactory,"A method/constructor should not explicitly throw java.lang.Exception","streamconverter-core/src/main/java/com/streamConverter/command/CommandFactory.java",209,"createInstanceWithBestMatch",3,"SignatureDeclareThrowsException",Design,
CommandFactory,"Local variable 'constructors' could be declared final","streamconverter-core/src/main/java/com/streamConverter/command/CommandFactory.java",210,"createInstanceWithBestMatch",3,"LocalVariableCouldBeFinal","Code Style",constructors
CommandFactory,"Local variable 'constructor' could be declared final","streamconverter-core/src/main/java/com/streamConverter/command/CommandFactory.java",212,"createInstanceWithBestMatch",3,"LocalVariableCouldBeFinal","Code Style",constructor
CommandFactory,"Local variable 'paramTypes' could be declared final","streamconverter-core/src/main/java/com/streamConverter/command/CommandFactory.java",213,"createInstanceWithBestMatch",3,"LocalVariableCouldBeFinal","Code Style",paramTypes
CommandFactory,"The method 'isCompatible(Class<?>, Class<?>)' has a cognitive complexity of 26, current threshold is 15","streamconverter-core/src/main/java/com/streamConverter/command/CommandFactory.java",242,isCompatible,3,CognitiveComplexity,Design,
CommandFactory,"The method 'isCompatible(Class<?>, Class<?>)' has a cyclomatic complexity of 19.","streamconverter-core/src/main/java/com/streamConverter/command/CommandFactory.java",242,isCompatible,3,CyclomaticComplexity,Design,
CommandFactory,"The method 'isCompatible(Class<?>, Class<?>)' has an NPath complexity of 513, current threshold is 200","streamconverter-core/src/main/java/com/streamConverter/command/CommandFactory.java",242,isCompatible,3,NPathComplexity,Design,
CommandFactory,"Parameter 'paramType' is not assigned and could be declared final","streamconverter-core/src/main/java/com/streamConverter/command/CommandFactory.java",242,isCompatible,3,"MethodArgumentCouldBeFinal","Code Style",paramType
CommandFactory,"Parameter 'argType' is not assigned and could be declared final","streamconverter-core/src/main/java/com/streamConverter/command/CommandFactory.java",242,isCompatible,3,"MethodArgumentCouldBeFinal","Code Style",argType
CommandFactory,"A method should have only one exit point, and that should be the last statement in the method","streamconverter-core/src/main/java/com/streamConverter/command/CommandFactory.java",244,isCompatible,3,OnlyOneReturn,"Code Style",
CommandFactory,"A method should have only one exit point, and that should be the last statement in the method","streamconverter-core/src/main/java/com/streamConverter/command/CommandFactory.java",249,isCompatible,3,OnlyOneReturn,"Code Style",
CommandFactory,"This statement should have braces","streamconverter-core/src/main/java/com/streamConverter/command/CommandFactory.java",249,isCompatible,3,ControlStatementBraces,"Code Style",
CommandFactory,"A method should have only one exit point, and that should be the last statement in the method","streamconverter-core/src/main/java/com/streamConverter/command/CommandFactory.java",250,isCompatible,3,OnlyOneReturn,"Code Style",
CommandFactory,"This statement should have braces","streamconverter-core/src/main/java/com/streamConverter/command/CommandFactory.java",250,isCompatible,3,ControlStatementBraces,"Code Style",
CommandFactory,"A method should have only one exit point, and that should be the last statement in the method","streamconverter-core/src/main/java/com/streamConverter/command/CommandFactory.java",251,isCompatible,3,OnlyOneReturn,"Code Style",
CommandFactory,"This statement should have braces","streamconverter-core/src/main/java/com/streamConverter/command/CommandFactory.java",251,isCompatible,3,ControlStatementBraces,"Code Style",
CommandFactory,"A method should have only one exit point, and that should be the last statement in the method","streamconverter-core/src/main/java/com/streamConverter/command/CommandFactory.java",252,isCompatible,3,OnlyOneReturn,"Code Style",
CommandFactory,"This statement should have braces","streamconverter-core/src/main/java/com/streamConverter/command/CommandFactory.java",252,isCompatible,3,ControlStatementBraces,"Code Style",
CommandFactory,"A method should have only one exit point, and that should be the last statement in the method","streamconverter-core/src/main/java/com/streamConverter/command/CommandFactory.java",253,isCompatible,3,OnlyOneReturn,"Code Style",
CommandFactory,"This statement should have braces","streamconverter-core/src/main/java/com/streamConverter/command/CommandFactory.java",253,isCompatible,3,ControlStatementBraces,"Code Style",
CommandFactory,"A method should have only one exit point, and that should be the last statement in the method","streamconverter-core/src/main/java/com/streamConverter/command/CommandFactory.java",254,isCompatible,3,OnlyOneReturn,"Code Style",
CommandFactory,"This statement should have braces","streamconverter-core/src/main/java/com/streamConverter/command/CommandFactory.java",254,isCompatible,3,ControlStatementBraces,"Code Style",
CommandFactory,"A method should have only one exit point, and that should be the last statement in the method","streamconverter-core/src/main/java/com/streamConverter/command/CommandFactory.java",255,isCompatible,3,OnlyOneReturn,"Code Style",
CommandFactory,"This statement should have braces","streamconverter-core/src/main/java/com/streamConverter/command/CommandFactory.java",255,isCompatible,3,ControlStatementBraces,"Code Style",
CommandFactory,"A method should have only one exit point, and that should be the last statement in the method","streamconverter-core/src/main/java/com/streamConverter/command/CommandFactory.java",256,isCompatible,3,OnlyOneReturn,"Code Style",
CommandFactory,"This statement should have braces","streamconverter-core/src/main/java/com/streamConverter/command/CommandFactory.java",256,isCompatible,3,ControlStatementBraces,"Code Style",
ConsumerCommand,"Package name contains upper case characters","streamconverter-core/src/main/java/com/streamConverter/command/ConsumerCommand.java",1,,3,PackageCase,"Code Style",
ConsumerCommand,"Avoid unnecessary constructors - the compiler will generate these for you","streamconverter-core/src/main/java/com/streamConverter/command/ConsumerCommand.java",23,ConsumerCommand,3,UnnecessaryConstructor,"Code Style",
ConsumerCommand,"Parameter 'inputStream' is not assigned and could be declared final","streamconverter-core/src/main/java/com/streamConverter/command/ConsumerCommand.java",35,_execute,3,"MethodArgumentCouldBeFinal","Code Style",inputStream
ConsumerCommand,"Parameter 'outputStream' is not assigned and could be declared final","streamconverter-core/src/main/java/com/streamConverter/command/ConsumerCommand.java",35,_execute,3,"MethodArgumentCouldBeFinal","Code Style",outputStream
"ContextPropagatingDecorator","Package name contains upper case characters","streamconverter-core/src/main/java/com/streamConverter/command/ContextPropagatingDecorator.java",1,,3,PackageCase,"Code Style",
"ContextPropagatingDecorator","The constant name 'logger' doesn't match '[A-Z][A-Z_0-9]*'","streamconverter-core/src/main/java/com/streamConverter/command/ContextPropagatingDecorator.java",19,,1,FieldNamingConventions,"Code Style",logger
"ContextPropagatingDecorator","Parameter 'command' is not assigned and could be declared final","streamconverter-core/src/main/java/com/streamConverter/command/ContextPropagatingDecorator.java",29,"ContextPropagatingDecorator",3,"MethodArgumentCouldBeFinal","Code Style",command
"ContextPropagatingDecorator","Parameter 'command' is not assigned and could be declared final","streamconverter-core/src/main/java/com/streamConverter/command/ContextPropagatingDecorator.java",40,"ContextPropagatingDecorator",3,"MethodArgumentCouldBeFinal","Code Style",command
"ContextPropagatingDecorator","Parameter 'commandName' is not assigned and could be declared final","streamconverter-core/src/main/java/com/streamConverter/command/ContextPropagatingDecorator.java",40,"ContextPropagatingDecorator",3,"MethodArgumentCouldBeFinal","Code Style",commandName
"ContextPropagatingDecorator","Parameter 'inputStream' is not assigned and could be declared final","streamconverter-core/src/main/java/com/streamConverter/command/ContextPropagatingDecorator.java",46,execute,3,"MethodArgumentCouldBeFinal","Code Style",inputStream
"ContextPropagatingDecorator","Parameter 'outputStream' is not assigned and could be declared final","streamconverter-core/src/main/java/com/streamConverter/command/ContextPropagatingDecorator.java",46,execute,3,"MethodArgumentCouldBeFinal","Code Style",outputStream
"ContextPropagatingDecorator","Local variable 'context' could be declared final","streamconverter-core/src/main/java/com/streamConverter/command/ContextPropagatingDecorator.java",48,execute,3,"LocalVariableCouldBeFinal","Code Style",context
"ContextPropagatingDecorator","Parameter 'inputStream' is not assigned and could be declared final","streamconverter-core/src/main/java/com/streamConverter/command/ContextPropagatingDecorator.java",53,execute,3,"MethodArgumentCouldBeFinal","Code Style",inputStream
"ContextPropagatingDecorator","Parameter 'outputStream' is not assigned and could be declared final","streamconverter-core/src/main/java/com/streamConverter/command/ContextPropagatingDecorator.java",53,execute,3,"MethodArgumentCouldBeFinal","Code Style",outputStream
"ContextPropagatingDecorator","Parameter 'context' is not assigned and could be declared final","streamconverter-core/src/main/java/com/streamConverter/command/ContextPropagatingDecorator.java",53,execute,3,"MethodArgumentCouldBeFinal","Code Style",context
"ContextPropagatingDecorator","Local variable 'sequence' could be declared final","streamconverter-core/src/main/java/com/streamConverter/command/ContextPropagatingDecorator.java",57,execute,3,"LocalVariableCouldBeFinal","Code Style",sequence
"ContextPropagatingDecorator","Local variable 'stageName' could be declared final","streamconverter-core/src/main/java/com/streamConverter/command/ContextPropagatingDecorator.java",58,execute,3,"LocalVariableCouldBeFinal","Code Style",stageName
"ContextPropagatingDecorator","Avoid excessively long variable names like previousExecutionId","streamconverter-core/src/main/java/com/streamConverter/command/ContextPropagatingDecorator.java",61,execute,3,LongVariable,"Code Style",previousExecutionId
"ContextPropagatingDecorator","Local variable 'previousExecutionId' could be declared final","streamconverter-core/src/main/java/com/streamConverter/command/ContextPropagatingDecorator.java",61,execute,3,"LocalVariableCouldBeFinal","Code Style",previousExecutionId
"ContextPropagatingDecorator","Local variable 'previousStage' could be declared final","streamconverter-core/src/main/java/com/streamConverter/command/ContextPropagatingDecorator.java",62,execute,3,"LocalVariableCouldBeFinal","Code Style",previousStage
"ContextPropagatingDecorator","Logger calls should be surrounded by log level guards.","streamconverter-core/src/main/java/com/streamConverter/command/ContextPropagatingDecorator.java",81,execute,2,GuardLogStatement,"Best Practices",
"ContextPropagatingDecorator","Avoid catching generic exceptions such as NullPointerException, RuntimeException, Exception in try-catch block","streamconverter-core/src/main/java/com/streamConverter/command/ContextPropagatingDecorator.java",88,execute,3,"AvoidCatchingGenericException",Design,
"ContextPropagatingDecorator","Logger calls should be surrounded by log level guards.","streamconverter-core/src/main/java/com/streamConverter/command/ContextPropagatingDecorator.java",89,execute,2,GuardLogStatement,"Best Practices",
"ContextPropagatingDecorator","Avoid excessively long variable names like previousExecutionId","streamconverter-core/src/main/java/com/streamConverter/command/ContextPropagatingDecorator.java",107,restoreMDCContext,3,LongVariable,"Code Style",previousExecutionId
"ContextPropagatingDecorator","Parameter 'previousExecutionId' is not assigned and could be declared final","streamconverter-core/src/main/java/com/streamConverter/command/ContextPropagatingDecorator.java",107,restoreMDCContext,3,"MethodArgumentCouldBeFinal","Code Style",previousExecutionId
"ContextPropagatingDecorator","Parameter 'previousStage' is not assigned and could be declared final","streamconverter-core/src/main/java/com/streamConverter/command/ContextPropagatingDecorator.java",107,restoreMDCContext,3,"MethodArgumentCouldBeFinal","Code Style",previousStage
EnhancedCommandFactory,"Package name contains upper case characters","streamconverter-core/src/main/java/com/streamConverter/command/EnhancedCommandFactory.java",1,,3,PackageCase,"Code Style",
EnhancedCommandFactory,"This class has too many methods, consider refactoring it.","streamconverter-core/src/main/java/com/streamConverter/command/EnhancedCommandFactory.java",46,,3,TooManyMethods,Design,
EnhancedCommandFactory,"The constant name 'log' doesn't match '[A-Z][A-Z_0-9]*'","streamconverter-core/src/main/java/com/streamConverter/command/EnhancedCommandFactory.java",47,,1,FieldNamingConventions,"Code Style",log
EnhancedCommandFactory,"Parameter 'config' is not assigned and could be declared final","streamconverter-core/src/main/java/com/streamConverter/command/EnhancedCommandFactory.java",62,EnhancedCommandFactory,3,"MethodArgumentCouldBeFinal","Code Style",config
EnhancedCommandFactory,"Parameter 'commandClass' is not assigned and could be declared final","streamconverter-core/src/main/java/com/streamConverter/command/EnhancedCommandFactory.java",78,createWithLogging,3,"MethodArgumentCouldBeFinal","Code Style",commandClass
EnhancedCommandFactory,"Parameter 'args' is not assigned and could be declared final","streamconverter-core/src/main/java/com/streamConverter/command/EnhancedCommandFactory.java",78,createWithLogging,3,"MethodArgumentCouldBeFinal","Code Style",args
EnhancedCommandFactory,"Avoid throwing raw exception types.","streamconverter-core/src/main/java/com/streamConverter/command/EnhancedCommandFactory.java",82,createWithLogging,1,"AvoidThrowingRawExceptionTypes",Design,
EnhancedCommandFactory,"Parameter 'commandClass' is not assigned and could be declared final","streamconverter-core/src/main/java/com/streamConverter/command/EnhancedCommandFactory.java",97,createWithLoggingChecked,3,"MethodArgumentCouldBeFinal","Code Style",commandClass
EnhancedCommandFactory,"Parameter 'args' is not assigned and could be declared final","streamconverter-core/src/main/java/com/streamConverter/command/EnhancedCommandFactory.java",97,createWithLoggingChecked,3,"MethodArgumentCouldBeFinal","Code Style",args
EnhancedCommandFactory,"Parameter 'commandClass' is not assigned and could be declared final","streamconverter-core/src/main/java/com/streamConverter/command/EnhancedCommandFactory.java",111,createWithLogging,3,"MethodArgumentCouldBeFinal","Code Style",commandClass
EnhancedCommandFactory,"Avoid excessively long variable names like enableDetailedLogging","streamconverter-core/src/main/java/com/streamConverter/command/EnhancedCommandFactory.java",111,createWithLogging,3,LongVariable,"Code Style",enableDetailedLogging
EnhancedCommandFactory,"Parameter 'enableDetailedLogging' is not assigned and could be declared final","streamconverter-core/src/main/java/com/streamConverter/command/EnhancedCommandFactory.java",111,createWithLogging,3,"MethodArgumentCouldBeFinal","Code Style",enableDetailedLogging
EnhancedCommandFactory,"Parameter 'args' is not assigned and could be declared final","streamconverter-core/src/main/java/com/streamConverter/command/EnhancedCommandFactory.java",111,createWithLogging,3,"MethodArgumentCouldBeFinal","Code Style",args
EnhancedCommandFactory,"Avoid throwing raw exception types.","streamconverter-core/src/main/java/com/streamConverter/command/EnhancedCommandFactory.java",115,createWithLogging,1,"AvoidThrowingRawExceptionTypes",Design,
EnhancedCommandFactory,"Parameter 'commandClass' is not assigned and could be declared final","streamconverter-core/src/main/java/com/streamConverter/command/EnhancedCommandFactory.java",132,createWithLoggingChecked,3,"MethodArgumentCouldBeFinal","Code Style",commandClass
EnhancedCommandFactory,"Avoid excessively long variable names like enableDetailedLogging","streamconverter-core/src/main/java/com/streamConverter/command/EnhancedCommandFactory.java",132,createWithLoggingChecked,3,LongVariable,"Code Style",enableDetailedLogging
EnhancedCommandFactory,"Parameter 'enableDetailedLogging' is not assigned and could be declared final","streamconverter-core/src/main/java/com/streamConverter/command/EnhancedCommandFactory.java",132,createWithLoggingChecked,3,"MethodArgumentCouldBeFinal","Code Style",enableDetailedLogging
EnhancedCommandFactory,"Parameter 'args' is not assigned and could be declared final","streamconverter-core/src/main/java/com/streamConverter/command/EnhancedCommandFactory.java",132,createWithLoggingChecked,3,"MethodArgumentCouldBeFinal","Code Style",args
EnhancedCommandFactory,"Parameter 'configs' is not assigned and could be declared final","streamconverter-core/src/main/java/com/streamConverter/command/EnhancedCommandFactory.java",143,"createPipelineWithLogging",3,"MethodArgumentCouldBeFinal","Code Style",configs
EnhancedCommandFactory,"Avoid throwing raw exception types.","streamconverter-core/src/main/java/com/streamConverter/command/EnhancedCommandFactory.java",147,"createPipelineWithLogging",1,"AvoidThrowingRawExceptionTypes",Design,
EnhancedCommandFactory,"Parameter 'configs' is not assigned and could be declared final","streamconverter-core/src/main/java/com/streamConverter/command/EnhancedCommandFactory.java",157,"createPipelineWithDetailedLogging",3,"MethodArgumentCouldBeFinal","Code Style",configs
EnhancedCommandFactory,"Avoid throwing raw exception types.","streamconverter-core/src/main/java/com/streamConverter/command/EnhancedCommandFactory.java",161,"createPipelineWithDetailedLogging",1,"AvoidThrowingRawExceptionTypes",Design,
EnhancedCommandFactory,"Parameter 'configs' is not assigned and could be declared final","streamconverter-core/src/main/java/com/streamConverter/command/EnhancedCommandFactory.java",173,"createPipelineWithLoggingChecked",3,"MethodArgumentCouldBeFinal","Code Style",configs
EnhancedCommandFactory,"Parameter 'configs' is not assigned and could be declared final","streamconverter-core/src/main/java/com/streamConverter/command/EnhancedCommandFactory.java",187,"createPipelineWithDetailedLoggingChecked",3,"MethodArgumentCouldBeFinal","Code Style",configs
EnhancedCommandFactory,"Parameter 'commandClass' is not assigned and could be declared final","streamconverter-core/src/main/java/com/streamConverter/command/EnhancedCommandFactory.java",203,createCached,3,"MethodArgumentCouldBeFinal","Code Style",commandClass
EnhancedCommandFactory,"Parameter 'args' is not assigned and could be declared final","streamconverter-core/src/main/java/com/streamConverter/command/EnhancedCommandFactory.java",203,createCached,3,"MethodArgumentCouldBeFinal","Code Style",args
EnhancedCommandFactory,"Local variable 'cacheKey' could be declared final","streamconverter-core/src/main/java/com/streamConverter/command/EnhancedCommandFactory.java",205,createCached,3,"LocalVariableCouldBeFinal","Code Style",cacheKey
EnhancedCommandFactory,"Local variable 'cached' could be declared final","streamconverter-core/src/main/java/com/streamConverter/command/EnhancedCommandFactory.java",208,createCached,3,"LocalVariableCouldBeFinal","Code Style",cached
EnhancedCommandFactory,"Logger calls should be surrounded by log level guards.","streamconverter-core/src/main/java/com/streamConverter/command/EnhancedCommandFactory.java",210,createCached,2,GuardLogStatement,"Best Practices",
EnhancedCommandFactory,"A method should have only one exit point, and that should be the last statement in the method","streamconverter-core/src/main/java/com/streamConverter/command/EnhancedCommandFactory.java",211,createCached,3,OnlyOneReturn,"Code Style",
EnhancedCommandFactory,"Local variable 'command' could be declared final","streamconverter-core/src/main/java/com/streamConverter/command/EnhancedCommandFactory.java",214,createCached,3,"LocalVariableCouldBeFinal","Code Style",command
EnhancedCommandFactory,"Parameter 'configs' is not assigned and could be declared final","streamconverter-core/src/main/java/com/streamConverter/command/EnhancedCommandFactory.java",226,createPipelineOptimized,3,"MethodArgumentCouldBeFinal","Code Style",configs
EnhancedCommandFactory,"Parameter 'commandClass' is not assigned and could be declared final","streamconverter-core/src/main/java/com/streamConverter/command/EnhancedCommandFactory.java",243,"createForControllerIntegration",3,"MethodArgumentCouldBeFinal","Code Style",commandClass
EnhancedCommandFactory,"Avoid excessively long variable names like enableDetailedLogging","streamconverter-core/src/main/java/com/streamConverter/command/EnhancedCommandFactory.java",243,"createForControllerIntegration",3,LongVariable,"Code Style",enableDetailedLogging
EnhancedCommandFactory,"Parameter 'enableDetailedLogging' is not assigned and could be declared final","streamconverter-core/src/main/java/com/streamConverter/command/EnhancedCommandFactory.java",243,"createForControllerIntegration",3,"MethodArgumentCouldBeFinal","Code Style",enableDetailedLogging
EnhancedCommandFactory,"Parameter 'args' is not assigned and could be declared final","streamconverter-core/src/main/java/com/streamConverter/command/EnhancedCommandFactory.java",243,"createForControllerIntegration",3,"MethodArgumentCouldBeFinal","Code Style",args
EnhancedCommandFactory,"Parameter 'commandClass' is not assigned and could be declared final","streamconverter-core/src/main/java/com/streamConverter/command/EnhancedCommandFactory.java",253,createCommandWithLogging,3,"MethodArgumentCouldBeFinal","Code Style",commandClass
EnhancedCommandFactory,"Avoid excessively long variable names like enableDetailedLogging","streamconverter-core/src/main/java/com/streamConverter/command/EnhancedCommandFactory.java",253,createCommandWithLogging,3,LongVariable,"Code Style",enableDetailedLogging
EnhancedCommandFactory,"Parameter 'enableDetailedLogging' is not assigned and could be declared final","streamconverter-core/src/main/java/com/streamConverter/command/EnhancedCommandFactory.java",253,createCommandWithLogging,3,"MethodArgumentCouldBeFinal","Code Style",enableDetailedLogging
EnhancedCommandFactory,"Parameter 'args' is not assigned and could be declared final","streamconverter-core/src/main/java/com/streamConverter/command/EnhancedCommandFactory.java",253,createCommandWithLogging,3,"MethodArgumentCouldBeFinal","Code Style",args
EnhancedCommandFactory,"Local variable 'command' could be declared final","streamconverter-core/src/main/java/com/streamConverter/command/EnhancedCommandFactory.java",256,createCommandWithLogging,3,"LocalVariableCouldBeFinal","Code Style",command
EnhancedCommandFactory,"Logger calls should be surrounded by log level guards.","streamconverter-core/src/main/java/com/streamConverter/command/EnhancedCommandFactory.java",259,createCommandWithLogging,2,GuardLogStatement,"Best Practices",
EnhancedCommandFactory,"A method should have only one exit point, and that should be the last statement in the method","streamconverter-core/src/main/java/com/streamConverter/command/EnhancedCommandFactory.java",269,createCommandWithLogging,3,OnlyOneReturn,"Code Style",
EnhancedCommandFactory,"A method should have only one exit point, and that should be the last statement in the method","streamconverter-core/src/main/java/com/streamConverter/command/EnhancedCommandFactory.java",272,createCommandWithLogging,3,OnlyOneReturn,"Code Style",
EnhancedCommandFactory,"Parameter 'configs' is not assigned and could be declared final","streamconverter-core/src/main/java/com/streamConverter/command/EnhancedCommandFactory.java",279,createPipeline,3,"MethodArgumentCouldBeFinal","Code Style",configs
EnhancedCommandFactory,"Avoid excessively long variable names like enableDetailedLogging","streamconverter-core/src/main/java/com/streamConverter/command/EnhancedCommandFactory.java",279,createPipeline,3,LongVariable,"Code Style",enableDetailedLogging
EnhancedCommandFactory,"Parameter 'enableDetailedLogging' is not assigned and could be declared final","streamconverter-core/src/main/java/com/streamConverter/command/EnhancedCommandFactory.java",279,createPipeline,3,"MethodArgumentCouldBeFinal","Code Style",enableDetailedLogging
EnhancedCommandFactory,"Local variable 'commands' could be declared final","streamconverter-core/src/main/java/com/streamConverter/command/EnhancedCommandFactory.java",281,createPipeline,3,"LocalVariableCouldBeFinal","Code Style",commands
EnhancedCommandFactory,"Local variable 'config' could be declared final","streamconverter-core/src/main/java/com/streamConverter/command/EnhancedCommandFactory.java",289,createPipeline,3,"LocalVariableCouldBeFinal","Code Style",config
EnhancedCommandFactory,"Local variable 'command' could be declared final","streamconverter-core/src/main/java/com/streamConverter/command/EnhancedCommandFactory.java",291,createPipeline,3,"LocalVariableCouldBeFinal","Code Style",command
EnhancedCommandFactory,"Avoid catching generic exceptions such as NullPointerException, RuntimeException, Exception in try-catch block","streamconverter-core/src/main/java/com/streamConverter/command/EnhancedCommandFactory.java",299,createPipeline,3,"AvoidCatchingGenericException",Design,
EnhancedCommandFactory,"Local variable 'message' could be declared final","streamconverter-core/src/main/java/com/streamConverter/command/EnhancedCommandFactory.java",300,createPipeline,3,"LocalVariableCouldBeFinal","Code Style",message
EnhancedCommandFactory,"Logger calls should be surrounded by log level guards.","streamconverter-core/src/main/java/com/streamConverter/command/EnhancedCommandFactory.java",313,createPipeline,2,GuardLogStatement,"Best Practices",
IStreamCommand,"Package name contains upper case characters","streamconverter-core/src/main/java/com/streamConverter/command/IStreamCommand.java",1,,3,PackageCase,"Code Style",
IStreamCommand,"Annotate this interface with @FunctionalInterface or with @SuppressWarnings(""PMD.ImplicitFunctionalInterface"") to clarify your intent.","streamconverter-core/src/main/java/com/streamConverter/command/IStreamCommand.java",22,,2,"ImplicitFunctionalInterface","Best Practices",
IStreamCommand,"Parameter 'inputStream' is not assigned and could be declared final","streamconverter-core/src/main/java/com/streamConverter/command/IStreamCommand.java",35,execute,3,"MethodArgumentCouldBeFinal","Code Style",inputStream
IStreamCommand,"Parameter 'outputStream' is not assigned and could be declared final","streamconverter-core/src/main/java/com/streamConverter/command/IStreamCommand.java",35,execute,3,"MethodArgumentCouldBeFinal","Code Style",outputStream
LoggingDecorator,"Package name contains upper case characters","streamconverter-core/src/main/java/com/streamConverter/command/LoggingDecorator.java",1,,3,PackageCase,"Code Style",
LoggingDecorator,"Parameter 'delegate' is not assigned and could be declared final","streamconverter-core/src/main/java/com/streamConverter/command/LoggingDecorator.java",33,LoggingDecorator,3,"MethodArgumentCouldBeFinal","Code Style",delegate
LoggingDecorator,"Parameter 'delegate' is not assigned and could be declared final","streamconverter-core/src/main/java/com/streamConverter/command/LoggingDecorator.java",45,LoggingDecorator,3,"MethodArgumentCouldBeFinal","Code Style",delegate
LoggingDecorator,"Parameter 'loggerName' is not assigned and could be declared final","streamconverter-core/src/main/java/com/streamConverter/command/LoggingDecorator.java",45,LoggingDecorator,3,"MethodArgumentCouldBeFinal","Code Style",loggerName
LoggingDecorator,"Parameter 'inputStream' is not assigned and could be declared final","streamconverter-core/src/main/java/com/streamConverter/command/LoggingDecorator.java",52,execute,3,"MethodArgumentCouldBeFinal","Code Style",inputStream
LoggingDecorator,"Parameter 'outputStream' is not assigned and could be declared final","streamconverter-core/src/main/java/com/streamConverter/command/LoggingDecorator.java",52,execute,3,"MethodArgumentCouldBeFinal","Code Style",outputStream
LoggingDecorator,"Local variable 'startTime' could be declared final","streamconverter-core/src/main/java/com/streamConverter/command/LoggingDecorator.java",53,execute,3,"LocalVariableCouldBeFinal","Code Style",startTime
LoggingDecorator,"Local variable 'isAbstractCommand' could be declared final","streamconverter-core/src/main/java/com/streamConverter/command/LoggingDecorator.java",56,execute,3,"LocalVariableCouldBeFinal","Code Style",isAbstractCommand
LoggingDecorator,"Logger calls should be surrounded by log level guards.","streamconverter-core/src/main/java/com/streamConverter/command/LoggingDecorator.java",66,execute,2,GuardLogStatement,"Best Practices",
LoggingDecorator,"Logger calls should be surrounded by log level guards.","streamconverter-core/src/main/java/com/streamConverter/command/LoggingDecorator.java",67,execute,2,GuardLogStatement,"Best Practices",
LoggingDecorator,"Logger calls should be surrounded by log level guards.","streamconverter-core/src/main/java/com/streamConverter/command/LoggingDecorator.java",68,execute,2,GuardLogStatement,"Best Practices",
LoggingDecorator,"Local variable 'currentThread' could be declared final","streamconverter-core/src/main/java/com/streamConverter/command/LoggingDecorator.java",71,execute,3,"LocalVariableCouldBeFinal","Code Style",currentThread
LoggingDecorator,"Logger calls should be surrounded by log level guards.","streamconverter-core/src/main/java/com/streamConverter/command/LoggingDecorator.java",72,execute,2,GuardLogStatement,"Best Practices",
LoggingDecorator,"Local variable 'runtime' could be declared final","streamconverter-core/src/main/java/com/streamConverter/command/LoggingDecorator.java",75,execute,3,"LocalVariableCouldBeFinal","Code Style",runtime
LoggingDecorator,"Local variable 'totalMemory' could be declared final","streamconverter-core/src/main/java/com/streamConverter/command/LoggingDecorator.java",76,execute,3,"LocalVariableCouldBeFinal","Code Style",totalMemory
LoggingDecorator,"Local variable 'freeMemory' could be declared final","streamconverter-core/src/main/java/com/streamConverter/command/LoggingDecorator.java",77,execute,3,"LocalVariableCouldBeFinal","Code Style",freeMemory
LoggingDecorator,"Local variable 'usedMemory' could be declared final","streamconverter-core/src/main/java/com/streamConverter/command/LoggingDecorator.java",78,execute,3,"LocalVariableCouldBeFinal","Code Style",usedMemory
LoggingDecorator,"Logger calls should be surrounded by log level guards.","streamconverter-core/src/main/java/com/streamConverter/command/LoggingDecorator.java",80,execute,2,GuardLogStatement,"Best Practices",
LoggingDecorator,"Local variable 'duration' could be declared final","streamconverter-core/src/main/java/com/streamConverter/command/LoggingDecorator.java",91,execute,3,"LocalVariableCouldBeFinal","Code Style",duration
LoggingDecorator,"Local variable 'usedMemoryAfter' could be declared final","streamconverter-core/src/main/java/com/streamConverter/command/LoggingDecorator.java",102,execute,3,"LocalVariableCouldBeFinal","Code Style",usedMemoryAfter
LoggingDecorator,"Useless parentheses.","streamconverter-core/src/main/java/com/streamConverter/command/LoggingDecorator.java",102,execute,4,UselessParentheses,"Code Style",usedMemoryAfter
LoggingDecorator,"Local variable 'memoryDiff' could be declared final","streamconverter-core/src/main/java/com/streamConverter/command/LoggingDecorator.java",103,execute,3,"LocalVariableCouldBeFinal","Code Style",memoryDiff
LoggingDecorator,"Logger calls should be surrounded by log level guards.","streamconverter-core/src/main/java/com/streamConverter/command/LoggingDecorator.java",105,execute,2,GuardLogStatement,"Best Practices",
LoggingDecorator,"Avoid catching generic exceptions such as NullPointerException, RuntimeException, Exception in try-catch block","streamconverter-core/src/main/java/com/streamConverter/command/LoggingDecorator.java",113,execute,3,"AvoidCatchingGenericException",Design,
LoggingDecorator,"Local variable 'duration' could be declared final","streamconverter-core/src/main/java/com/streamConverter/command/LoggingDecorator.java",115,execute,3,"LocalVariableCouldBeFinal","Code Style",duration
LoggingDecorator,"Logger calls should be surrounded by log level guards.","streamconverter-core/src/main/java/com/streamConverter/command/LoggingDecorator.java",125,execute,2,GuardLogStatement,"Best Practices",
LoggingDecorator,"Logger calls should be surrounded by log level guards.","streamconverter-core/src/main/java/com/streamConverter/command/LoggingDecorator.java",126,execute,2,GuardLogStatement,"Best Practices",
LoggingDecorator,"Local variable 'stackTrace' could be declared final","streamconverter-core/src/main/java/com/streamConverter/command/LoggingDecorator.java",130,execute,3,"LocalVariableCouldBeFinal","Code Style",stackTrace
LoggingDecorator,"Parameter 'duration' is not assigned and could be declared final","streamconverter-core/src/main/java/com/streamConverter/command/LoggingDecorator.java",147,analyzePerformance,3,"MethodArgumentCouldBeFinal","Code Style",duration
LoggingDecorator,"Parameter 'memoryDiff' is not assigned and could be declared final","streamconverter-core/src/main/java/com/streamConverter/command/LoggingDecorator.java",147,analyzePerformance,3,"MethodArgumentCouldBeFinal","Code Style",memoryDiff
LoggingDecorator,"Avoid using literals in if statements","streamconverter-core/src/main/java/com/streamConverter/command/LoggingDecorator.java",149,analyzePerformance,3,"AvoidLiteralsInIfCondition","Error Prone",
LoggingDecorator,"Number 10000 should separate every third digit with an underscore","streamconverter-core/src/main/java/com/streamConverter/command/LoggingDecorator.java",149,analyzePerformance,3,"UseUnderscoresInNumericLiterals","Code Style",
LoggingDecorator,"Avoid using literals in if statements","streamconverter-core/src/main/java/com/streamConverter/command/LoggingDecorator.java",151,analyzePerformance,3,"AvoidLiteralsInIfCondition","Error Prone",
LoggingDecorator,"Local variable 'memoryDiffMB' could be declared final","streamconverter-core/src/main/java/com/streamConverter/command/LoggingDecorator.java",156,analyzePerformance,3,"LocalVariableCouldBeFinal","Code Style",memoryDiffMB
LoggingDecorator,"Avoid using literals in if statements","streamconverter-core/src/main/java/com/streamConverter/command/LoggingDecorator.java",157,analyzePerformance,3,"AvoidLiteralsInIfCondition","Error Prone",
LoggingDecorator,"Avoid using literals in if statements","streamconverter-core/src/main/java/com/streamConverter/command/LoggingDecorator.java",159,analyzePerformance,3,"AvoidLiteralsInIfCondition","Error Prone",
LoggingDecorator,"Parameter 'inputStream' is not assigned and could be declared final","streamconverter-core/src/main/java/com/streamConverter/command/LoggingDecorator.java",179,safeAvailable,3,"MethodArgumentCouldBeFinal","Code Style",inputStream
LoggingDecorator,"A method should have only one exit point, and that should be the last statement in the method","streamconverter-core/src/main/java/com/streamConverter/command/LoggingDecorator.java",181,safeAvailable,3,OnlyOneReturn,"Code Style",
LoggingDecorator,"Logger calls should be surrounded by log level guards.","streamconverter-core/src/main/java/com/streamConverter/command/LoggingDecorator.java",183,safeAvailable,2,GuardLogStatement,"Best Practices",
CsvFilterCommand,"Package name contains upper case characters","streamconverter-core/src/main/java/com/streamConverter/command/impl/CsvFilterCommand.java",1,,3,PackageCase,"Code Style",
CsvFilterCommand,"It is a good practice to call super() in a constructor","streamconverter-core/src/main/java/com/streamConverter/command/impl/CsvFilterCommand.java",39,CsvFilterCommand,3,CallSuperInConstructor,"Code Style",
CsvFilterCommand,"Parameter 'columnSelector' is not assigned and could be declared final","streamconverter-core/src/main/java/com/streamConverter/command/impl/CsvFilterCommand.java",39,CsvFilterCommand,3,"MethodArgumentCouldBeFinal","Code Style",columnSelector
CsvFilterCommand,"Parameter 'hasHeader' is not assigned and could be declared final","streamconverter-core/src/main/java/com/streamConverter/command/impl/CsvFilterCommand.java",39,CsvFilterCommand,3,"MethodArgumentCouldBeFinal","Code Style",hasHeader
CsvFilterCommand,"String.trim().length() == 0 / String.trim().isEmpty() is an inefficient way to validate a blank String.","streamconverter-core/src/main/java/com/streamConverter/command/impl/CsvFilterCommand.java",40,CsvFilterCommand,3,"InefficientEmptyStringCheck",Performance,
CsvFilterCommand,"It is a good practice to call super() in a constructor","streamconverter-core/src/main/java/com/streamConverter/command/impl/CsvFilterCommand.java",54,CsvFilterCommand,3,CallSuperInConstructor,"Code Style",
CsvFilterCommand,"Parameter 'columnSelectors' is not assigned and could be declared final","streamconverter-core/src/main/java/com/streamConverter/command/impl/CsvFilterCommand.java",54,CsvFilterCommand,3,"MethodArgumentCouldBeFinal","Code Style",columnSelectors
CsvFilterCommand,"Parameter 'hasHeader' is not assigned and could be declared final","streamconverter-core/src/main/java/com/streamConverter/command/impl/CsvFilterCommand.java",54,CsvFilterCommand,3,"MethodArgumentCouldBeFinal","Code Style",hasHeader
CsvFilterCommand,"Parameter 'columnSelector' is not assigned and could be declared final","streamconverter-core/src/main/java/com/streamConverter/command/impl/CsvFilterCommand.java",67,CsvFilterCommand,3,"MethodArgumentCouldBeFinal","Code Style",columnSelector
CsvFilterCommand,"Parameter 'columnSelectors' is not assigned and could be declared final","streamconverter-core/src/main/java/com/streamConverter/command/impl/CsvFilterCommand.java",76,CsvFilterCommand,3,"MethodArgumentCouldBeFinal","Code Style",columnSelectors
CsvFilterCommand,"Parameter 'inputStream' is not assigned and could be declared final","streamconverter-core/src/main/java/com/streamConverter/command/impl/CsvFilterCommand.java",86,_execute,3,"MethodArgumentCouldBeFinal","Code Style",inputStream
CsvFilterCommand,"Parameter 'outputStream' is not assigned and could be declared final","streamconverter-core/src/main/java/com/streamConverter/command/impl/CsvFilterCommand.java",86,_execute,3,"MethodArgumentCouldBeFinal","Code Style",outputStream
CsvFilterCommand,"The initializer for variable 'columnIndices' is never used (overwritten on lines 107 and 114)","streamconverter-core/src/main/java/com/streamConverter/command/impl/CsvFilterCommand.java",91,_execute,3,UnusedAssignment,"Best Practices",columnIndices
CsvFilterCommand,"Declaration of 'headers' can be moved closer to its usages","streamconverter-core/src/main/java/com/streamConverter/command/impl/CsvFilterCommand.java",92,_execute,3,PrematureDeclaration,"Code Style",headers
CsvFilterCommand,"The initializer for variable 'headers' is never used (overwritten on line 105)","streamconverter-core/src/main/java/com/streamConverter/command/impl/CsvFilterCommand.java",92,_execute,3,UnusedAssignment,"Best Practices",headers
CsvFilterCommand,"Local variable 'firstLine' could be declared final","streamconverter-core/src/main/java/com/streamConverter/command/impl/CsvFilterCommand.java",95,_execute,3,"LocalVariableCouldBeFinal","Code Style",firstLine
CsvFilterCommand,"Local variable 'firstRowFields' could be declared final","streamconverter-core/src/main/java/com/streamConverter/command/impl/CsvFilterCommand.java",102,_execute,3,"LocalVariableCouldBeFinal","Code Style",firstRowFields
CsvFilterCommand,"Avoid assignments in operands","streamconverter-core/src/main/java/com/streamConverter/command/impl/CsvFilterCommand.java",123,_execute,3,AssignmentInOperand,"Error Prone",
CsvFilterCommand,"Local variable 'fields' could be declared final","streamconverter-core/src/main/java/com/streamConverter/command/impl/CsvFilterCommand.java",124,_execute,3,"LocalVariableCouldBeFinal","Code Style",fields
CsvFilterCommand,"The method 'mapColumnSelectorsToIndices(List<String>, String[])' has a cognitive complexity of 17, current threshold is 15","streamconverter-core/src/main/java/com/streamConverter/command/impl/CsvFilterCommand.java",141,"mapColumnSelectorsToIndices",3,CognitiveComplexity,Design,
CsvFilterCommand,"The method 'mapColumnSelectorsToIndices(List<String>, String[])' has a cyclomatic complexity of 10.","streamconverter-core/src/main/java/com/streamConverter/command/impl/CsvFilterCommand.java",141,"mapColumnSelectorsToIndices",3,CyclomaticComplexity,Design,
CsvFilterCommand,"Parameter 'selectors' is not assigned and could be declared final","streamconverter-core/src/main/java/com/streamConverter/command/impl/CsvFilterCommand.java",141,"mapColumnSelectorsToIndices",3,"MethodArgumentCouldBeFinal","Code Style",selectors
CsvFilterCommand,"Consider using varargs for methods or constructors which take an array the last parameter.","streamconverter-core/src/main/java/com/streamConverter/command/impl/CsvFilterCommand.java",141,"mapColumnSelectorsToIndices",4,UseVarargs,"Best Practices",headers
CsvFilterCommand,"Parameter 'headers' is not assigned and could be declared final","streamconverter-core/src/main/java/com/streamConverter/command/impl/CsvFilterCommand.java",141,"mapColumnSelectorsToIndices",3,"MethodArgumentCouldBeFinal","Code Style",headers
CsvFilterCommand,"Local variable 'indices' could be declared final","streamconverter-core/src/main/java/com/streamConverter/command/impl/CsvFilterCommand.java",142,"mapColumnSelectorsToIndices",3,"LocalVariableCouldBeFinal","Code Style",indices
CsvFilterCommand,"Local variable 'selector' could be declared final","streamconverter-core/src/main/java/com/streamConverter/command/impl/CsvFilterCommand.java",144,"mapColumnSelectorsToIndices",3,"LocalVariableCouldBeFinal","Code Style",selector
CsvFilterCommand,"Local variable 'index' could be declared final","streamconverter-core/src/main/java/com/streamConverter/command/impl/CsvFilterCommand.java",158,"mapColumnSelectorsToIndices",3,"LocalVariableCouldBeFinal","Code Style",index
CsvFilterCommand,"Avoid empty catch blocks","streamconverter-core/src/main/java/com/streamConverter/command/impl/CsvFilterCommand.java",163,"mapColumnSelectorsToIndices",3,EmptyCatchBlock,"Error Prone",
CsvFilterCommand,"Parameter 'selectors' is not assigned and could be declared final","streamconverter-core/src/main/java/com/streamConverter/command/impl/CsvFilterCommand.java",184,"parseNumericColumnSelectors",3,"MethodArgumentCouldBeFinal","Code Style",selectors
CsvFilterCommand,"Parameter 'totalColumns' is not assigned and could be declared final","streamconverter-core/src/main/java/com/streamConverter/command/impl/CsvFilterCommand.java",184,"parseNumericColumnSelectors",3,"MethodArgumentCouldBeFinal","Code Style",totalColumns
CsvFilterCommand,"Local variable 'indices' could be declared final","streamconverter-core/src/main/java/com/streamConverter/command/impl/CsvFilterCommand.java",185,"parseNumericColumnSelectors",3,"LocalVariableCouldBeFinal","Code Style",indices
CsvFilterCommand,"Local variable 'selector' could be declared final","streamconverter-core/src/main/java/com/streamConverter/command/impl/CsvFilterCommand.java",187,"parseNumericColumnSelectors",3,"LocalVariableCouldBeFinal","Code Style",selector
CsvFilterCommand,"Local variable 'index' could be declared final","streamconverter-core/src/main/java/com/streamConverter/command/impl/CsvFilterCommand.java",189,"parseNumericColumnSelectors",3,"LocalVariableCouldBeFinal","Code Style",index
CsvFilterCommand,"Thrown exception does not preserve the stack trace of exception 'e' on all code paths","streamconverter-core/src/main/java/com/streamConverter/command/impl/CsvFilterCommand.java",195,"parseNumericColumnSelectors",3,PreserveStackTrace,"Best Practices",
CsvFilterCommand,"Parameter 'line' is not assigned and could be declared final","streamconverter-core/src/main/java/com/streamConverter/command/impl/CsvFilterCommand.java",209,parseCsvLine,3,"MethodArgumentCouldBeFinal","Code Style",line
CsvFilterCommand,"A method should have only one exit point, and that should be the last statement in the method","streamconverter-core/src/main/java/com/streamConverter/command/impl/CsvFilterCommand.java",213,parseCsvLine,3,OnlyOneReturn,"Code Style",
CsvFilterCommand,"Local variable 'fields' could be declared final","streamconverter-core/src/main/java/com/streamConverter/command/impl/CsvFilterCommand.java",216,parseCsvLine,3,"LocalVariableCouldBeFinal","Code Style",fields
CsvFilterCommand,"Local variable 'current' could be declared final","streamconverter-core/src/main/java/com/streamConverter/command/impl/CsvFilterCommand.java",217,parseCsvLine,3,"LocalVariableCouldBeFinal","Code Style",current
CsvFilterCommand,"Avoid variables with short names like c","streamconverter-core/src/main/java/com/streamConverter/command/impl/CsvFilterCommand.java",221,parseCsvLine,3,ShortVariable,"Code Style",c
CsvFilterCommand,"Local variable 'c' could be declared final","streamconverter-core/src/main/java/com/streamConverter/command/impl/CsvFilterCommand.java",221,parseCsvLine,3,"LocalVariableCouldBeFinal","Code Style",c
CsvFilterCommand,"Avoid using literals in if statements","streamconverter-core/src/main/java/com/streamConverter/command/impl/CsvFilterCommand.java",223,parseCsvLine,3,"AvoidLiteralsInIfCondition","Error Prone",
CsvFilterCommand,"Parameter 'writer' is not assigned and could be declared final","streamconverter-core/src/main/java/com/streamConverter/command/impl/CsvFilterCommand.java",245,writeFilteredRow,3,"MethodArgumentCouldBeFinal","Code Style",writer
CsvFilterCommand,"Parameter 'fields' is not assigned and could be declared final","streamconverter-core/src/main/java/com/streamConverter/command/impl/CsvFilterCommand.java",245,writeFilteredRow,3,"MethodArgumentCouldBeFinal","Code Style",fields
CsvFilterCommand,"Parameter 'columnIndices' is not assigned and could be declared final","streamconverter-core/src/main/java/com/streamConverter/command/impl/CsvFilterCommand.java",245,writeFilteredRow,3,"MethodArgumentCouldBeFinal","Code Style",columnIndices
CsvFilterCommand,"Local variable 'columnIndex' could be declared final","streamconverter-core/src/main/java/com/streamConverter/command/impl/CsvFilterCommand.java",252,writeFilteredRow,3,"LocalVariableCouldBeFinal","Code Style",columnIndex
CsvFilterCommand,"Local variable 'field' could be declared final","streamconverter-core/src/main/java/com/streamConverter/command/impl/CsvFilterCommand.java",254,writeFilteredRow,3,"LocalVariableCouldBeFinal","Code Style",field
CsvNavigateCommand,"Package name contains upper case characters","streamconverter-core/src/main/java/com/streamConverter/command/impl/CsvNavigateCommand.java",1,,3,PackageCase,"Code Style",
CsvNavigateCommand,"Perhaps 'columnIndex' could be replaced by a local variable.","streamconverter-core/src/main/java/com/streamConverter/command/impl/CsvNavigateCommand.java",26,,3,SingularField,Design,columnIndex
CsvNavigateCommand,"It is a good practice to call super() in a constructor","streamconverter-core/src/main/java/com/streamConverter/command/impl/CsvNavigateCommand.java",35,CsvNavigateCommand,3,CallSuperInConstructor,"Code Style",
CsvNavigateCommand,"Parameter 'columnSelector' is not assigned and could be declared final","streamconverter-core/src/main/java/com/streamConverter/command/impl/CsvNavigateCommand.java",35,CsvNavigateCommand,3,"MethodArgumentCouldBeFinal","Code Style",columnSelector
CsvNavigateCommand,"Parameter 'rule' is not assigned and could be declared final","streamconverter-core/src/main/java/com/streamConverter/command/impl/CsvNavigateCommand.java",35,CsvNavigateCommand,3,"MethodArgumentCouldBeFinal","Code Style",rule
CsvNavigateCommand,"Parameter 'columnSelector' is not assigned and could be declared final","streamconverter-core/src/main/java/com/streamConverter/command/impl/CsvNavigateCommand.java",53,CsvNavigateCommand,3,"MethodArgumentCouldBeFinal","Code Style",columnSelector
CsvNavigateCommand,"Parameter 'columnSelector' is not assigned and could be declared final","streamconverter-core/src/main/java/com/streamConverter/command/impl/CsvNavigateCommand.java",77,extractOnly,3,"MethodArgumentCouldBeFinal","Code Style",columnSelector
CsvNavigateCommand,"Local variable 'selectorInfo' could be declared final","streamconverter-core/src/main/java/com/streamConverter/command/impl/CsvNavigateCommand.java",93,getCommandDetails,3,"LocalVariableCouldBeFinal","Code Style",selectorInfo
CsvNavigateCommand,"Parameter 'inputStream' is not assigned and could be declared final","streamconverter-core/src/main/java/com/streamConverter/command/impl/CsvNavigateCommand.java",102,_execute,3,"MethodArgumentCouldBeFinal","Code Style",inputStream
CsvNavigateCommand,"Parameter 'outputStream' is not assigned and could be declared final","streamconverter-core/src/main/java/com/streamConverter/command/impl/CsvNavigateCommand.java",102,_execute,3,"MethodArgumentCouldBeFinal","Code Style",outputStream
CsvNavigateCommand,"Parameter 'reader' is not assigned and could be declared final","streamconverter-core/src/main/java/com/streamConverter/command/impl/CsvNavigateCommand.java",118,applyRuleToEntireCsv,3,"MethodArgumentCouldBeFinal","Code Style",reader
CsvNavigateCommand,"Parameter 'writer' is not assigned and could be declared final","streamconverter-core/src/main/java/com/streamConverter/command/impl/CsvNavigateCommand.java",118,applyRuleToEntireCsv,3,"MethodArgumentCouldBeFinal","Code Style",writer
CsvNavigateCommand,"Avoid assignments in operands","streamconverter-core/src/main/java/com/streamConverter/command/impl/CsvNavigateCommand.java",123,applyRuleToEntireCsv,3,AssignmentInOperand,"Error Prone",
CsvNavigateCommand,"Local variable 'transformedLine' could be declared final","streamconverter-core/src/main/java/com/streamConverter/command/impl/CsvNavigateCommand.java",129,applyRuleToEntireCsv,3,"LocalVariableCouldBeFinal","Code Style",transformedLine
CsvNavigateCommand,"Parameter 'reader' is not assigned and could be declared final","streamconverter-core/src/main/java/com/streamConverter/command/impl/CsvNavigateCommand.java",139,applyRuleToColumn,3,"MethodArgumentCouldBeFinal","Code Style",reader
CsvNavigateCommand,"Parameter 'writer' is not assigned and could be declared final","streamconverter-core/src/main/java/com/streamConverter/command/impl/CsvNavigateCommand.java",139,applyRuleToColumn,3,"MethodArgumentCouldBeFinal","Code Style",writer
CsvNavigateCommand,"Local variable 'headerLine' could be declared final","streamconverter-core/src/main/java/com/streamConverter/command/impl/CsvNavigateCommand.java",140,applyRuleToColumn,3,"LocalVariableCouldBeFinal","Code Style",headerLine
CsvNavigateCommand,"Local variable 'headers' could be declared final","streamconverter-core/src/main/java/com/streamConverter/command/impl/CsvNavigateCommand.java",145,applyRuleToColumn,3,"LocalVariableCouldBeFinal","Code Style",headers
CsvNavigateCommand,"Avoid assignments in operands","streamconverter-core/src/main/java/com/streamConverter/command/impl/CsvNavigateCommand.java",159,applyRuleToColumn,3,AssignmentInOperand,"Error Prone",
CsvNavigateCommand,"Local variable 'values' could be declared final","streamconverter-core/src/main/java/com/streamConverter/command/impl/CsvNavigateCommand.java",160,applyRuleToColumn,3,"LocalVariableCouldBeFinal","Code Style",values
CsvNavigateCommand,"Parameter 'line' is not assigned and could be declared final","streamconverter-core/src/main/java/com/streamConverter/command/impl/CsvNavigateCommand.java",174,parseCSVLine,3,"MethodArgumentCouldBeFinal","Code Style",line
CsvNavigateCommand,"Consider using varargs for methods or constructors which take an array the last parameter.","streamconverter-core/src/main/java/com/streamConverter/command/impl/CsvNavigateCommand.java",179,formatCsvRow,4,UseVarargs,"Best Practices",values
CsvNavigateCommand,"Parameter 'values' is not assigned and could be declared final","streamconverter-core/src/main/java/com/streamConverter/command/impl/CsvNavigateCommand.java",179,formatCsvRow,3,"MethodArgumentCouldBeFinal","Code Style",values
CsvNavigateCommand,"Local variable 'row' could be declared final","streamconverter-core/src/main/java/com/streamConverter/command/impl/CsvNavigateCommand.java",180,formatCsvRow,3,"LocalVariableCouldBeFinal","Code Style",row
CsvNavigateCommand,"Avoid appending characters as strings in StringBuffer.append.","streamconverter-core/src/main/java/com/streamConverter/command/impl/CsvNavigateCommand.java",183,formatCsvRow,3,AppendCharacterWithChar,Performance,
CsvNavigateCommand,"Parameter 'value' is not assigned and could be declared final","streamconverter-core/src/main/java/com/streamConverter/command/impl/CsvNavigateCommand.java",191,escapeCsvValue,3,"MethodArgumentCouldBeFinal","Code Style",value
CsvNavigateCommand,"A method should have only one exit point, and that should be the last statement in the method","streamconverter-core/src/main/java/com/streamConverter/command/impl/CsvNavigateCommand.java",193,escapeCsvValue,3,OnlyOneReturn,"Code Style",
CsvNavigateCommand,"A method should have only one exit point, and that should be the last statement in the method","streamconverter-core/src/main/java/com/streamConverter/command/impl/CsvNavigateCommand.java",202,escapeCsvValue,3,OnlyOneReturn,"Code Style",
CsvNavigateCommand,"Parameter 'headers' is not assigned and could be declared final","streamconverter-core/src/main/java/com/streamConverter/command/impl/CsvNavigateCommand.java",208,findColumnIndex,3,"MethodArgumentCouldBeFinal","Code Style",headers
CsvNavigateCommand,"Parameter 'selector' is not assigned and could be declared final","streamconverter-core/src/main/java/com/streamConverter/command/impl/CsvNavigateCommand.java",208,findColumnIndex,3,"MethodArgumentCouldBeFinal","Code Style",selector
CsvNavigateCommand,"A method should have only one exit point, and that should be the last statement in the method","streamconverter-core/src/main/java/com/streamConverter/command/impl/CsvNavigateCommand.java",212,findColumnIndex,3,OnlyOneReturn,"Code Style",
CsvNavigateCommand,"Local variable 'index' could be declared final","streamconverter-core/src/main/java/com/streamConverter/command/impl/CsvNavigateCommand.java",218,findColumnIndex,3,"LocalVariableCouldBeFinal","Code Style",index
CsvNavigateCommand,"A method should have only one exit point, and that should be the last statement in the method","streamconverter-core/src/main/java/com/streamConverter/command/impl/CsvNavigateCommand.java",220,findColumnIndex,3,OnlyOneReturn,"Code Style",
CsvNavigateCommand,"Avoid empty catch blocks","streamconverter-core/src/main/java/com/streamConverter/command/impl/CsvNavigateCommand.java",222,findColumnIndex,3,EmptyCatchBlock,"Error Prone",
JsonFilterCommand,"Package name contains upper case characters","streamconverter-core/src/main/java/com/streamConverter/command/impl/JsonFilterCommand.java",1,,3,PackageCase,"Code Style",
JsonFilterCommand,"It is a good practice to call super() in a constructor","streamconverter-core/src/main/java/com/streamConverter/command/impl/JsonFilterCommand.java",37,JsonFilterCommand,3,CallSuperInConstructor,"Code Style",
JsonFilterCommand,"Parameter 'jsonPath' is not assigned and could be declared final","streamconverter-core/src/main/java/com/streamConverter/command/impl/JsonFilterCommand.java",37,JsonFilterCommand,3,"MethodArgumentCouldBeFinal","Code Style",jsonPath
JsonFilterCommand,"String.trim().length() == 0 / String.trim().isEmpty() is an inefficient way to validate a blank String.","streamconverter-core/src/main/java/com/streamConverter/command/impl/JsonFilterCommand.java",38,JsonFilterCommand,3,"InefficientEmptyStringCheck",Performance,
JsonFilterCommand,"Parameter 'inputStream' is not assigned and could be declared final","streamconverter-core/src/main/java/com/streamConverter/command/impl/JsonFilterCommand.java",50,_execute,3,"MethodArgumentCouldBeFinal","Code Style",inputStream
JsonFilterCommand,"Parameter 'outputStream' is not assigned and could be declared final","streamconverter-core/src/main/java/com/streamConverter/command/impl/JsonFilterCommand.java",50,_execute,3,"MethodArgumentCouldBeFinal","Code Style",outputStream
JsonFilterCommand,"Local variable 'jsonContent' could be declared final","streamconverter-core/src/main/java/com/streamConverter/command/impl/JsonFilterCommand.java",56,_execute,3,"LocalVariableCouldBeFinal","Code Style",jsonContent
JsonFilterCommand,"String.trim().length() == 0 / String.trim().isEmpty() is an inefficient way to validate a blank String.","streamconverter-core/src/main/java/com/streamConverter/command/impl/JsonFilterCommand.java",58,_execute,3,"InefficientEmptyStringCheck",Performance,
JsonFilterCommand,"The String literal ""null"" appears 4 times in this file; the first occurrence is on line 59","streamconverter-core/src/main/java/com/streamConverter/command/impl/JsonFilterCommand.java",59,_execute,3,AvoidDuplicateLiterals,"Error Prone",
JsonFilterCommand,"Local variable 'result' could be declared final","streamconverter-core/src/main/java/com/streamConverter/command/impl/JsonFilterCommand.java",66,_execute,3,"LocalVariableCouldBeFinal","Code Style",result
JsonFilterCommand,"Avoid catching generic exceptions such as NullPointerException, RuntimeException, Exception in try-catch block","streamconverter-core/src/main/java/com/streamConverter/command/impl/JsonFilterCommand.java",70,_execute,3,"AvoidCatchingGenericException",Design,
JsonFilterCommand,"Parameter 'reader' is not assigned and could be declared final","streamconverter-core/src/main/java/com/streamConverter/command/impl/JsonFilterCommand.java",85,readJsonContent,3,"MethodArgumentCouldBeFinal","Code Style",reader
JsonFilterCommand,"Local variable 'jsonBuilder' could be declared final","streamconverter-core/src/main/java/com/streamConverter/command/impl/JsonFilterCommand.java",86,readJsonContent,3,"LocalVariableCouldBeFinal","Code Style",jsonBuilder
JsonFilterCommand,"Local variable 'buffer' could be declared final","streamconverter-core/src/main/java/com/streamConverter/command/impl/JsonFilterCommand.java",87,readJsonContent,3,"LocalVariableCouldBeFinal","Code Style",buffer
JsonFilterCommand,"Avoid assignments in operands","streamconverter-core/src/main/java/com/streamConverter/command/impl/JsonFilterCommand.java",91,readJsonContent,3,AssignmentInOperand,"Error Prone",
JsonFilterCommand,"Parameter 'jsonContent' is not assigned and could be declared final","streamconverter-core/src/main/java/com/streamConverter/command/impl/JsonFilterCommand.java",113,extractJsonValue,3,"MethodArgumentCouldBeFinal","Code Style",jsonContent
JsonFilterCommand,"Parameter 'path' is not assigned and could be declared final","streamconverter-core/src/main/java/com/streamConverter/command/impl/JsonFilterCommand.java",113,extractJsonValue,3,"MethodArgumentCouldBeFinal","Code Style",path
JsonFilterCommand,"Avoid using literals in if statements","streamconverter-core/src/main/java/com/streamConverter/command/impl/JsonFilterCommand.java",115,extractJsonValue,3,"AvoidLiteralsInIfCondition","Error Prone",
JsonFilterCommand,"A method should have only one exit point, and that should be the last statement in the method","streamconverter-core/src/main/java/com/streamConverter/command/impl/JsonFilterCommand.java",116,extractJsonValue,3,OnlyOneReturn,"Code Style",
JsonFilterCommand,"String.indexOf(char) is faster than String.indexOf(String).","streamconverter-core/src/main/java/com/streamConverter/command/impl/JsonFilterCommand.java",120,extractJsonValue,3,UseIndexOfChar,Performance,
JsonFilterCommand,"Local variable 'property' could be declared final","streamconverter-core/src/main/java/com/streamConverter/command/impl/JsonFilterCommand.java",121,extractJsonValue,3,"LocalVariableCouldBeFinal","Code Style",property
JsonFilterCommand,"A method should have only one exit point, and that should be the last statement in the method","streamconverter-core/src/main/java/com/streamConverter/command/impl/JsonFilterCommand.java",122,extractJsonValue,3,OnlyOneReturn,"Code Style",
JsonFilterCommand,"Parameter 'jsonContent' is not assigned and could be declared final","streamconverter-core/src/main/java/com/streamConverter/command/impl/JsonFilterCommand.java",137,extractSimpleProperty,3,"MethodArgumentCouldBeFinal","Code Style",jsonContent
JsonFilterCommand,"Parameter 'property' is not assigned and could be declared final","streamconverter-core/src/main/java/com/streamConverter/command/impl/JsonFilterCommand.java",137,extractSimpleProperty,3,"MethodArgumentCouldBeFinal","Code Style",property
JsonFilterCommand,"Local variable 'searchPattern' could be declared final","streamconverter-core/src/main/java/com/streamConverter/command/impl/JsonFilterCommand.java",138,extractSimpleProperty,3,"LocalVariableCouldBeFinal","Code Style",searchPattern
JsonFilterCommand,"Local variable 'propertyStart' could be declared final","streamconverter-core/src/main/java/com/streamConverter/command/impl/JsonFilterCommand.java",139,extractSimpleProperty,3,"LocalVariableCouldBeFinal","Code Style",propertyStart
JsonFilterCommand,"A method should have only one exit point, and that should be the last statement in the method","streamconverter-core/src/main/java/com/streamConverter/command/impl/JsonFilterCommand.java",142,extractSimpleProperty,3,OnlyOneReturn,"Code Style",
JsonFilterCommand,"Local variable 'colonIndex' could be declared final","streamconverter-core/src/main/java/com/streamConverter/command/impl/JsonFilterCommand.java",146,extractSimpleProperty,3,"LocalVariableCouldBeFinal","Code Style",colonIndex
JsonFilterCommand,"A method should have only one exit point, and that should be the last statement in the method","streamconverter-core/src/main/java/com/streamConverter/command/impl/JsonFilterCommand.java",154,extractSimpleProperty,3,OnlyOneReturn,"Code Style",
JsonFilterCommand,"Local variable 'firstChar' could be declared final","streamconverter-core/src/main/java/com/streamConverter/command/impl/JsonFilterCommand.java",158,extractSimpleProperty,3,"LocalVariableCouldBeFinal","Code Style",firstChar
JsonFilterCommand,"Avoid using literals in if statements","streamconverter-core/src/main/java/com/streamConverter/command/impl/JsonFilterCommand.java",160,extractSimpleProperty,3,"AvoidLiteralsInIfCondition","Error Prone",
JsonFilterCommand,"A method should have only one exit point, and that should be the last statement in the method","streamconverter-core/src/main/java/com/streamConverter/command/impl/JsonFilterCommand.java",162,extractSimpleProperty,3,OnlyOneReturn,"Code Style",
JsonFilterCommand,"Avoid using literals in if statements","streamconverter-core/src/main/java/com/streamConverter/command/impl/JsonFilterCommand.java",163,extractSimpleProperty,3,"AvoidLiteralsInIfCondition","Error Prone",
JsonFilterCommand,"A method should have only one exit point, and that should be the last statement in the method","streamconverter-core/src/main/java/com/streamConverter/command/impl/JsonFilterCommand.java",165,extractSimpleProperty,3,OnlyOneReturn,"Code Style",
JsonFilterCommand,"Avoid using literals in if statements","streamconverter-core/src/main/java/com/streamConverter/command/impl/JsonFilterCommand.java",166,extractSimpleProperty,3,"AvoidLiteralsInIfCondition","Error Prone",
JsonFilterCommand,"A method should have only one exit point, and that should be the last statement in the method","streamconverter-core/src/main/java/com/streamConverter/command/impl/JsonFilterCommand.java",168,extractSimpleProperty,3,OnlyOneReturn,"Code Style",
JsonFilterCommand,"Parameter 'json' is not assigned and could be declared final","streamconverter-core/src/main/java/com/streamConverter/command/impl/JsonFilterCommand.java",175,extractQuotedString,3,"MethodArgumentCouldBeFinal","Code Style",json
JsonFilterCommand,"Parameter 'start' is not assigned and could be declared final","streamconverter-core/src/main/java/com/streamConverter/command/impl/JsonFilterCommand.java",175,extractQuotedString,3,"MethodArgumentCouldBeFinal","Code Style",start
JsonFilterCommand,"Local variable 'result' could be declared final","streamconverter-core/src/main/java/com/streamConverter/command/impl/JsonFilterCommand.java",176,extractQuotedString,3,"LocalVariableCouldBeFinal","Code Style",result
JsonFilterCommand,"Avoid variables with short names like i","streamconverter-core/src/main/java/com/streamConverter/command/impl/JsonFilterCommand.java",178,extractQuotedString,3,ShortVariable,"Code Style",i
JsonFilterCommand,"Avoid variables with short names like c","streamconverter-core/src/main/java/com/streamConverter/command/impl/JsonFilterCommand.java",181,extractQuotedString,3,ShortVariable,"Code Style",c
JsonFilterCommand,"Local variable 'c' could be declared final","streamconverter-core/src/main/java/com/streamConverter/command/impl/JsonFilterCommand.java",181,extractQuotedString,3,"LocalVariableCouldBeFinal","Code Style",c
JsonFilterCommand,"Parameter 'json' is not assigned and could be declared final","streamconverter-core/src/main/java/com/streamConverter/command/impl/JsonFilterCommand.java",193,extractJsonObject,3,"MethodArgumentCouldBeFinal","Code Style",json
JsonFilterCommand,"Parameter 'start' is not assigned and could be declared final","streamconverter-core/src/main/java/com/streamConverter/command/impl/JsonFilterCommand.java",193,extractJsonObject,3,"MethodArgumentCouldBeFinal","Code Style",start
JsonFilterCommand,"Local variable 'result' could be declared final","streamconverter-core/src/main/java/com/streamConverter/command/impl/JsonFilterCommand.java",194,extractJsonObject,3,"LocalVariableCouldBeFinal","Code Style",result
JsonFilterCommand,"Avoid variables with short names like c","streamconverter-core/src/main/java/com/streamConverter/command/impl/JsonFilterCommand.java",198,extractJsonObject,3,ShortVariable,"Code Style",c
JsonFilterCommand,"Local variable 'c' could be declared final","streamconverter-core/src/main/java/com/streamConverter/command/impl/JsonFilterCommand.java",198,extractJsonObject,3,"LocalVariableCouldBeFinal","Code Style",c
JsonFilterCommand,"Avoid using literals in if statements","streamconverter-core/src/main/java/com/streamConverter/command/impl/JsonFilterCommand.java",201,extractJsonObject,3,"AvoidLiteralsInIfCondition","Error Prone",
JsonFilterCommand,"This statement should have braces","streamconverter-core/src/main/java/com/streamConverter/command/impl/JsonFilterCommand.java",201,extractJsonObject,3,ControlStatementBraces,"Code Style",
JsonFilterCommand,"Avoid using literals in if statements","streamconverter-core/src/main/java/com/streamConverter/command/impl/JsonFilterCommand.java",202,extractJsonObject,3,"AvoidLiteralsInIfCondition","Error Prone",
JsonFilterCommand,"This statement should have braces","streamconverter-core/src/main/java/com/streamConverter/command/impl/JsonFilterCommand.java",202,extractJsonObject,3,ControlStatementBraces,"Code Style",
JsonFilterCommand,"This statement should have braces","streamconverter-core/src/main/java/com/streamConverter/command/impl/JsonFilterCommand.java",204,extractJsonObject,3,ControlStatementBraces,"Code Style",
JsonFilterCommand,"Parameter 'json' is not assigned and could be declared final","streamconverter-core/src/main/java/com/streamConverter/command/impl/JsonFilterCommand.java",210,extractJsonArray,3,"MethodArgumentCouldBeFinal","Code Style",json
JsonFilterCommand,"Parameter 'start' is not assigned and could be declared final","streamconverter-core/src/main/java/com/streamConverter/command/impl/JsonFilterCommand.java",210,extractJsonArray,3,"MethodArgumentCouldBeFinal","Code Style",start
JsonFilterCommand,"Local variable 'result' could be declared final","streamconverter-core/src/main/java/com/streamConverter/command/impl/JsonFilterCommand.java",211,extractJsonArray,3,"LocalVariableCouldBeFinal","Code Style",result
JsonFilterCommand,"Avoid variables with short names like c","streamconverter-core/src/main/java/com/streamConverter/command/impl/JsonFilterCommand.java",215,extractJsonArray,3,ShortVariable,"Code Style",c
JsonFilterCommand,"Local variable 'c' could be declared final","streamconverter-core/src/main/java/com/streamConverter/command/impl/JsonFilterCommand.java",215,extractJsonArray,3,"LocalVariableCouldBeFinal","Code Style",c
JsonFilterCommand,"Avoid using literals in if statements","streamconverter-core/src/main/java/com/streamConverter/command/impl/JsonFilterCommand.java",218,extractJsonArray,3,"AvoidLiteralsInIfCondition","Error Prone",
JsonFilterCommand,"This statement should have braces","streamconverter-core/src/main/java/com/streamConverter/command/impl/JsonFilterCommand.java",218,extractJsonArray,3,ControlStatementBraces,"Code Style",
JsonFilterCommand,"Avoid using literals in if statements","streamconverter-core/src/main/java/com/streamConverter/command/impl/JsonFilterCommand.java",219,extractJsonArray,3,"AvoidLiteralsInIfCondition","Error Prone",
JsonFilterCommand,"This statement should have braces","streamconverter-core/src/main/java/com/streamConverter/command/impl/JsonFilterCommand.java",219,extractJsonArray,3,ControlStatementBraces,"Code Style",
JsonFilterCommand,"This statement should have braces","streamconverter-core/src/main/java/com/streamConverter/command/impl/JsonFilterCommand.java",221,extractJsonArray,3,ControlStatementBraces,"Code Style",
JsonFilterCommand,"Parameter 'json' is not assigned and could be declared final","streamconverter-core/src/main/java/com/streamConverter/command/impl/JsonFilterCommand.java",227,extractSimpleValue,3,"MethodArgumentCouldBeFinal","Code Style",json
JsonFilterCommand,"Parameter 'start' is not assigned and could be declared final","streamconverter-core/src/main/java/com/streamConverter/command/impl/JsonFilterCommand.java",227,extractSimpleValue,3,"MethodArgumentCouldBeFinal","Code Style",start
JsonFilterCommand,"Local variable 'result' could be declared final","streamconverter-core/src/main/java/com/streamConverter/command/impl/JsonFilterCommand.java",228,extractSimpleValue,3,"LocalVariableCouldBeFinal","Code Style",result
JsonFilterCommand,"Avoid variables with short names like c","streamconverter-core/src/main/java/com/streamConverter/command/impl/JsonFilterCommand.java",231,extractSimpleValue,3,ShortVariable,"Code Style",c
JsonFilterCommand,"Local variable 'c' could be declared final","streamconverter-core/src/main/java/com/streamConverter/command/impl/JsonFilterCommand.java",231,extractSimpleValue,3,"LocalVariableCouldBeFinal","Code Style",c
JsonNavigateCommand,"Package name contains upper case characters","streamconverter-core/src/main/java/com/streamConverter/command/impl/JsonNavigateCommand.java",1,,3,PackageCase,"Code Style",
JsonNavigateCommand,"Possible God Class (WMC=67, ATFD=15, TCC=19.118%)","streamconverter-core/src/main/java/com/streamConverter/command/impl/JsonNavigateCommand.java",29,,3,GodClass,Design,
JsonNavigateCommand,"This class has too many methods, consider refactoring it.","streamconverter-core/src/main/java/com/streamConverter/command/impl/JsonNavigateCommand.java",29,,3,TooManyMethods,Design,
JsonNavigateCommand,"Avoid unused private fields such as 'BUFFER_SIZE'.","streamconverter-core/src/main/java/com/streamConverter/command/impl/JsonNavigateCommand.java",31,,3,UnusedPrivateField,"Best Practices",BUFFER_SIZE
JsonNavigateCommand,"Avoid unused private fields such as 'MAX_CHUNK_SIZE'.","streamconverter-core/src/main/java/com/streamConverter/command/impl/JsonNavigateCommand.java",32,,3,UnusedPrivateField,"Best Practices",MAX_CHUNK_SIZE
JsonNavigateCommand,"Avoid unused private fields such as 'MEMORY_THRESHOLD'.","streamconverter-core/src/main/java/com/streamConverter/command/impl/JsonNavigateCommand.java",33,,3,UnusedPrivateField,"Best Practices",MEMORY_THRESHOLD
JsonNavigateCommand,"It is a good practice to call super() in a constructor","streamconverter-core/src/main/java/com/streamConverter/command/impl/JsonNavigateCommand.java",46,JsonNavigateCommand,3,CallSuperInConstructor,"Code Style",
JsonNavigateCommand,"Parameter 'jsonPath' is not assigned and could be declared final","streamconverter-core/src/main/java/com/streamConverter/command/impl/JsonNavigateCommand.java",46,JsonNavigateCommand,3,"MethodArgumentCouldBeFinal","Code Style",jsonPath
JsonNavigateCommand,"Parameter 'rule' is not assigned and could be declared final","streamconverter-core/src/main/java/com/streamConverter/command/impl/JsonNavigateCommand.java",46,JsonNavigateCommand,3,"MethodArgumentCouldBeFinal","Code Style",rule
JsonNavigateCommand,"Parameter 'jsonPath' is not assigned and could be declared final","streamconverter-core/src/main/java/com/streamConverter/command/impl/JsonNavigateCommand.java",65,JsonNavigateCommand,3,"MethodArgumentCouldBeFinal","Code Style",jsonPath
JsonNavigateCommand,"Parameter 'jsonPath' is not assigned and could be declared final","streamconverter-core/src/main/java/com/streamConverter/command/impl/JsonNavigateCommand.java",89,extractOnly,3,"MethodArgumentCouldBeFinal","Code Style",jsonPath
JsonNavigateCommand,"Local variable 'pathInfo' could be declared final","streamconverter-core/src/main/java/com/streamConverter/command/impl/JsonNavigateCommand.java",105,getCommandDetails,3,"LocalVariableCouldBeFinal","Code Style",pathInfo
JsonNavigateCommand,"Parameter 'inputStream' is not assigned and could be declared final","streamconverter-core/src/main/java/com/streamConverter/command/impl/JsonNavigateCommand.java",111,_execute,3,"MethodArgumentCouldBeFinal","Code Style",inputStream
JsonNavigateCommand,"Parameter 'outputStream' is not assigned and could be declared final","streamconverter-core/src/main/java/com/streamConverter/command/impl/JsonNavigateCommand.java",111,_execute,3,"MethodArgumentCouldBeFinal","Code Style",outputStream
JsonNavigateCommand,"Parameter 'inputStream' is not assigned and could be declared final","streamconverter-core/src/main/java/com/streamConverter/command/impl/JsonNavigateCommand.java",132,"processJsonWithJacksonStreaming",3,"MethodArgumentCouldBeFinal","Code Style",inputStream
JsonNavigateCommand,"Parameter 'outputStream' is not assigned and could be declared final","streamconverter-core/src/main/java/com/streamConverter/command/impl/JsonNavigateCommand.java",132,"processJsonWithJacksonStreaming",3,"MethodArgumentCouldBeFinal","Code Style",outputStream
JsonNavigateCommand,"Local variable 'jsonFactory' could be declared final","streamconverter-core/src/main/java/com/streamConverter/command/impl/JsonNavigateCommand.java",134,"processJsonWithJacksonStreaming",3,"LocalVariableCouldBeFinal","Code Style",jsonFactory
JsonNavigateCommand,"Avoid empty catch blocks","streamconverter-core/src/main/java/com/streamConverter/command/impl/JsonNavigateCommand.java",158,"processJsonWithJacksonStreaming",3,EmptyCatchBlock,"Error Prone",
JsonNavigateCommand,"Parameter 'inputStream' is not assigned and could be declared final","streamconverter-core/src/main/java/com/streamConverter/command/impl/JsonNavigateCommand.java",167,"processJsonWithJacksonTree",3,"MethodArgumentCouldBeFinal","Code Style",inputStream
JsonNavigateCommand,"Parameter 'outputStream' is not assigned and could be declared final","streamconverter-core/src/main/java/com/streamConverter/command/impl/JsonNavigateCommand.java",167,"processJsonWithJacksonTree",3,"MethodArgumentCouldBeFinal","Code Style",outputStream
JsonNavigateCommand,"Local variable 'rootNode' could be declared final","streamconverter-core/src/main/java/com/streamConverter/command/impl/JsonNavigateCommand.java",170,"processJsonWithJacksonTree",3,"LocalVariableCouldBeFinal","Code Style",rootNode
JsonNavigateCommand,"Local variable 'transformedResult' could be declared final","streamconverter-core/src/main/java/com/streamConverter/command/impl/JsonNavigateCommand.java",174,"processJsonWithJacksonTree",3,"LocalVariableCouldBeFinal","Code Style",transformedResult
JsonNavigateCommand,"Local variable 'modifiedRoot' could be declared final","streamconverter-core/src/main/java/com/streamConverter/command/impl/JsonNavigateCommand.java",182,"processJsonWithJacksonTree",3,"LocalVariableCouldBeFinal","Code Style",modifiedRoot
JsonNavigateCommand,"Avoid empty catch blocks","streamconverter-core/src/main/java/com/streamConverter/command/impl/JsonNavigateCommand.java",207,"processJsonWithJacksonTree",3,EmptyCatchBlock,"Error Prone",
JsonNavigateCommand,"Avoid catching generic exceptions such as NullPointerException, RuntimeException, Exception in try-catch block","streamconverter-core/src/main/java/com/streamConverter/command/impl/JsonNavigateCommand.java",210,"processJsonWithJacksonTree",3,"AvoidCatchingGenericException",Design,
JsonNavigateCommand,"Parameter 'parser' is not assigned and could be declared final","streamconverter-core/src/main/java/com/streamConverter/command/impl/JsonNavigateCommand.java",216,processEntireJsonStream,3,"MethodArgumentCouldBeFinal","Code Style",parser
JsonNavigateCommand,"Parameter 'generator' is not assigned and could be declared final","streamconverter-core/src/main/java/com/streamConverter/command/impl/JsonNavigateCommand.java",216,processEntireJsonStream,3,"MethodArgumentCouldBeFinal","Code Style",generator
JsonNavigateCommand,"Avoid assignments in operands","streamconverter-core/src/main/java/com/streamConverter/command/impl/JsonNavigateCommand.java",219,processEntireJsonStream,3,AssignmentInOperand,"Error Prone",
JsonNavigateCommand,"Parameter 'parser' is not assigned and could be declared final","streamconverter-core/src/main/java/com/streamConverter/command/impl/JsonNavigateCommand.java",225,"processJsonStreamWithPath",3,"MethodArgumentCouldBeFinal","Code Style",parser
JsonNavigateCommand,"Parameter 'generator' is not assigned and could be declared final","streamconverter-core/src/main/java/com/streamConverter/command/impl/JsonNavigateCommand.java",225,"processJsonStreamWithPath",3,"MethodArgumentCouldBeFinal","Code Style",generator
JsonNavigateCommand,"Local variable 'propertyName' could be declared final","streamconverter-core/src/main/java/com/streamConverter/command/impl/JsonNavigateCommand.java",229,"processJsonStreamWithPath",3,"LocalVariableCouldBeFinal","Code Style",propertyName
JsonNavigateCommand,"Avoid assignments in operands","streamconverter-core/src/main/java/com/streamConverter/command/impl/JsonNavigateCommand.java",233,"processJsonStreamWithPath",3,AssignmentInOperand,"Error Prone",
JsonNavigateCommand,"Local variable 'transformedValue' could be declared final","streamconverter-core/src/main/java/com/streamConverter/command/impl/JsonNavigateCommand.java",239,"processJsonStreamWithPath",3,"LocalVariableCouldBeFinal","Code Style",transformedValue
JsonNavigateCommand,"Parameter 'rootNode' is not assigned and could be declared final","streamconverter-core/src/main/java/com/streamConverter/command/impl/JsonNavigateCommand.java",254,navigateJsonPath,3,"MethodArgumentCouldBeFinal","Code Style",rootNode
JsonNavigateCommand,"Parameter 'path' is not assigned and could be declared final","streamconverter-core/src/main/java/com/streamConverter/command/impl/JsonNavigateCommand.java",254,navigateJsonPath,3,"MethodArgumentCouldBeFinal","Code Style",path
JsonNavigateCommand,"Local variable 'propertyPath' could be declared final","streamconverter-core/src/main/java/com/streamConverter/command/impl/JsonNavigateCommand.java",256,navigateJsonPath,3,"LocalVariableCouldBeFinal","Code Style",propertyPath
JsonNavigateCommand,"Avoid if (x != y) ..; else ..;","streamconverter-core/src/main/java/com/streamConverter/command/impl/JsonNavigateCommand.java",258,navigateJsonPath,3,ConfusingTernary,"Code Style",
JsonNavigateCommand,"A method should have only one exit point, and that should be the last statement in the method","streamconverter-core/src/main/java/com/streamConverter/command/impl/JsonNavigateCommand.java",259,navigateJsonPath,3,OnlyOneReturn,"Code Style",
JsonNavigateCommand,"A method should have only one exit point, and that should be the last statement in the method","streamconverter-core/src/main/java/com/streamConverter/command/impl/JsonNavigateCommand.java",262,navigateJsonPath,3,OnlyOneReturn,"Code Style",
JsonNavigateCommand,"Parameter 'path' is not assigned and could be declared final","streamconverter-core/src/main/java/com/streamConverter/command/impl/JsonNavigateCommand.java",269,extractPropertyFromPath,3,"MethodArgumentCouldBeFinal","Code Style",path
JsonNavigateCommand,"A method should have only one exit point, and that should be the last statement in the method","streamconverter-core/src/main/java/com/streamConverter/command/impl/JsonNavigateCommand.java",271,extractPropertyFromPath,3,OnlyOneReturn,"Code Style",
JsonNavigateCommand,"Parameter 'parser' is not assigned and could be declared final","streamconverter-core/src/main/java/com/streamConverter/command/impl/JsonNavigateCommand.java",277,copyTokenWithRule,3,"MethodArgumentCouldBeFinal","Code Style",parser
JsonNavigateCommand,"Parameter 'generator' is not assigned and could be declared final","streamconverter-core/src/main/java/com/streamConverter/command/impl/JsonNavigateCommand.java",277,copyTokenWithRule,3,"MethodArgumentCouldBeFinal","Code Style",generator
JsonNavigateCommand,"Parameter 'token' is not assigned and could be declared final","streamconverter-core/src/main/java/com/streamConverter/command/impl/JsonNavigateCommand.java",277,copyTokenWithRule,3,"MethodArgumentCouldBeFinal","Code Style",token
JsonNavigateCommand,"Local variable 'transformedValue' could be declared final","streamconverter-core/src/main/java/com/streamConverter/command/impl/JsonNavigateCommand.java",280,copyTokenWithRule,3,"LocalVariableCouldBeFinal","Code Style",transformedValue
JsonNavigateCommand,"The method 'copyToken(JsonParser, JsonGenerator, JsonToken)' has a cyclomatic complexity of 12.","streamconverter-core/src/main/java/com/streamConverter/command/impl/JsonNavigateCommand.java",288,copyToken,3,CyclomaticComplexity,Design,
JsonNavigateCommand,"Parameter 'parser' is not assigned and could be declared final","streamconverter-core/src/main/java/com/streamConverter/command/impl/JsonNavigateCommand.java",288,copyToken,3,"MethodArgumentCouldBeFinal","Code Style",parser
JsonNavigateCommand,"Parameter 'generator' is not assigned and could be declared final","streamconverter-core/src/main/java/com/streamConverter/command/impl/JsonNavigateCommand.java",288,copyToken,3,"MethodArgumentCouldBeFinal","Code Style",generator
JsonNavigateCommand,"Parameter 'token' is not assigned and could be declared final","streamconverter-core/src/main/java/com/streamConverter/command/impl/JsonNavigateCommand.java",288,copyToken,3,"MethodArgumentCouldBeFinal","Code Style",token
JsonNavigateCommand,"Parameter 'rootNode' is not assigned and could be declared final","streamconverter-core/src/main/java/com/streamConverter/command/impl/JsonNavigateCommand.java",331,replacePropertyValue,3,"MethodArgumentCouldBeFinal","Code Style",rootNode
JsonNavigateCommand,"Parameter 'path' is not assigned and could be declared final","streamconverter-core/src/main/java/com/streamConverter/command/impl/JsonNavigateCommand.java",331,replacePropertyValue,3,"MethodArgumentCouldBeFinal","Code Style",path
JsonNavigateCommand,"Parameter 'newValue' is not assigned and could be declared final","streamconverter-core/src/main/java/com/streamConverter/command/impl/JsonNavigateCommand.java",331,replacePropertyValue,3,"MethodArgumentCouldBeFinal","Code Style",newValue
JsonNavigateCommand,"Local variable 'propertyPath' could be declared final","streamconverter-core/src/main/java/com/streamConverter/command/impl/JsonNavigateCommand.java",333,replacePropertyValue,3,"LocalVariableCouldBeFinal","Code Style",propertyPath
JsonNavigateCommand,"A method should have only one exit point, and that should be the last statement in the method","streamconverter-core/src/main/java/com/streamConverter/command/impl/JsonNavigateCommand.java",336,replacePropertyValue,3,OnlyOneReturn,"Code Style",
JsonNavigateCommand,"Parameter 'rootNode' is not assigned and could be declared final","streamconverter-core/src/main/java/com/streamConverter/command/impl/JsonNavigateCommand.java",343,replaceSimpleProperty,3,"MethodArgumentCouldBeFinal","Code Style",rootNode
JsonNavigateCommand,"Parameter 'propertyName' is not assigned and could be declared final","streamconverter-core/src/main/java/com/streamConverter/command/impl/JsonNavigateCommand.java",343,replaceSimpleProperty,3,"MethodArgumentCouldBeFinal","Code Style",propertyName
JsonNavigateCommand,"Parameter 'newValue' is not assigned and could be declared final","streamconverter-core/src/main/java/com/streamConverter/command/impl/JsonNavigateCommand.java",343,replaceSimpleProperty,3,"MethodArgumentCouldBeFinal","Code Style",newValue
JsonNavigateCommand,"Local variable 'objectNode' could be declared final","streamconverter-core/src/main/java/com/streamConverter/command/impl/JsonNavigateCommand.java",346,replaceSimpleProperty,3,"LocalVariableCouldBeFinal","Code Style",objectNode
JsonNavigateCommand,"A method should have only one exit point, and that should be the last statement in the method","streamconverter-core/src/main/java/com/streamConverter/command/impl/JsonNavigateCommand.java",349,replaceSimpleProperty,3,OnlyOneReturn,"Code Style",
JsonNavigateCommand,"Parameter 'arrayNode' is not assigned and could be declared final","streamconverter-core/src/main/java/com/streamConverter/command/impl/JsonNavigateCommand.java",355,processJsonArray,3,"MethodArgumentCouldBeFinal","Code Style",arrayNode
JsonNavigateCommand,"Parameter 'jsonPath' is not assigned and could be declared final","streamconverter-core/src/main/java/com/streamConverter/command/impl/JsonNavigateCommand.java",355,processJsonArray,3,"MethodArgumentCouldBeFinal","Code Style",jsonPath
JsonNavigateCommand,"Local variable 'resultArray' could be declared final","streamconverter-core/src/main/java/com/streamConverter/command/impl/JsonNavigateCommand.java",356,processJsonArray,3,"LocalVariableCouldBeFinal","Code Style",resultArray
JsonNavigateCommand,"Local variable 'element' could be declared final","streamconverter-core/src/main/java/com/streamConverter/command/impl/JsonNavigateCommand.java",358,processJsonArray,3,"LocalVariableCouldBeFinal","Code Style",element
JsonNavigateCommand,"Local variable 'modifiedElement' could be declared final","streamconverter-core/src/main/java/com/streamConverter/command/impl/JsonNavigateCommand.java",359,processJsonArray,3,"LocalVariableCouldBeFinal","Code Style",modifiedElement
JsonNavigateCommand,"Parameter 'objectNode' is not assigned and could be declared final","streamconverter-core/src/main/java/com/streamConverter/command/impl/JsonNavigateCommand.java",367,processSingleJsonObject,3,"MethodArgumentCouldBeFinal","Code Style",objectNode
JsonNavigateCommand,"Parameter 'jsonPath' is not assigned and could be declared final","streamconverter-core/src/main/java/com/streamConverter/command/impl/JsonNavigateCommand.java",367,processSingleJsonObject,3,"MethodArgumentCouldBeFinal","Code Style",jsonPath
JsonNavigateCommand,"Local variable 'targetNode' could be declared final","streamconverter-core/src/main/java/com/streamConverter/command/impl/JsonNavigateCommand.java",369,processSingleJsonObject,3,"LocalVariableCouldBeFinal","Code Style",targetNode
JsonNavigateCommand,"Local variable 'propertyValue' could be declared final","streamconverter-core/src/main/java/com/streamConverter/command/impl/JsonNavigateCommand.java",372,processSingleJsonObject,3,"LocalVariableCouldBeFinal","Code Style",propertyValue
JsonNavigateCommand,"Local variable 'transformedValue' could be declared final","streamconverter-core/src/main/java/com/streamConverter/command/impl/JsonNavigateCommand.java",373,processSingleJsonObject,3,"LocalVariableCouldBeFinal","Code Style",transformedValue
JsonNavigateCommand,"A method should have only one exit point, and that should be the last statement in the method","streamconverter-core/src/main/java/com/streamConverter/command/impl/JsonNavigateCommand.java",377,processSingleJsonObject,3,OnlyOneReturn,"Code Style",
"LineEndingNormalizeCommand","Package name contains upper case characters","streamconverter-core/src/main/java/com/streamConverter/command/impl/LineEndingNormalizeCommand.java",1,,3,PackageCase,"Code Style",
"LineEndingNormalizeCommand","The constant name 'logger' doesn't match '[A-Z][A-Z_0-9]*'","streamconverter-core/src/main/java/com/streamConverter/command/impl/LineEndingNormalizeCommand.java",27,,1,FieldNamingConventions,"Code Style",logger
LineEndingType,"Parameter 'separator' is not assigned and could be declared final","streamconverter-core/src/main/java/com/streamConverter/command/impl/LineEndingNormalizeCommand.java",48,LineEndingType,3,"MethodArgumentCouldBeFinal","Code Style",separator
"LineEndingNormalizeCommand","It is a good practice to call super() in a constructor","streamconverter-core/src/main/java/com/streamConverter/command/impl/LineEndingNormalizeCommand.java",70,"LineEndingNormalizeCommand",3,CallSuperInConstructor,"Code Style",
"LineEndingNormalizeCommand","Parameter 'targetType' is not assigned and could be declared final","streamconverter-core/src/main/java/com/streamConverter/command/impl/LineEndingNormalizeCommand.java",70,"LineEndingNormalizeCommand",3,"MethodArgumentCouldBeFinal","Code Style",targetType
"LineEndingNormalizeCommand","The method '_execute(InputStream, OutputStream)' has a cognitive complexity of 21, current threshold is 15","streamconverter-core/src/main/java/com/streamConverter/command/impl/LineEndingNormalizeCommand.java",75,_execute,3,CognitiveComplexity,Design,
"LineEndingNormalizeCommand","Parameter 'inputStream' is not assigned and could be declared final","streamconverter-core/src/main/java/com/streamConverter/command/impl/LineEndingNormalizeCommand.java",75,_execute,3,"MethodArgumentCouldBeFinal","Code Style",inputStream
"LineEndingNormalizeCommand","Parameter 'outputStream' is not assigned and could be declared final","streamconverter-core/src/main/java/com/streamConverter/command/impl/LineEndingNormalizeCommand.java",75,_execute,3,"MethodArgumentCouldBeFinal","Code Style",outputStream
"LineEndingNormalizeCommand","Local variable 'buffer' could be declared final","streamconverter-core/src/main/java/com/streamConverter/command/impl/LineEndingNormalizeCommand.java",84,_execute,3,"LocalVariableCouldBeFinal","Code Style",buffer
"LineEndingNormalizeCommand","Avoid assignments in operands","streamconverter-core/src/main/java/com/streamConverter/command/impl/LineEndingNormalizeCommand.java",86,_execute,3,AssignmentInOperand,"Error Prone",
"LineEndingNormalizeCommand","Local variable 'targetSeparator' could be declared final","streamconverter-core/src/main/java/com/streamConverter/command/impl/LineEndingNormalizeCommand.java",91,_execute,3,"LocalVariableCouldBeFinal","Code Style",targetSeparator
"LineEndingNormalizeCommand","Avoid assignments in operands","streamconverter-core/src/main/java/com/streamConverter/command/impl/LineEndingNormalizeCommand.java",94,_execute,3,AssignmentInOperand,"Error Prone",
"LineEndingNormalizeCommand","Avoid using literals in if statements","streamconverter-core/src/main/java/com/streamConverter/command/impl/LineEndingNormalizeCommand.java",95,_execute,3,"AvoidLiteralsInIfCondition","Error Prone",
"LineEndingNormalizeCommand","Local variable 'next' could be declared final","streamconverter-core/src/main/java/com/streamConverter/command/impl/LineEndingNormalizeCommand.java",97,_execute,3,"LocalVariableCouldBeFinal","Code Style",next
"LineEndingNormalizeCommand","Avoid using literals in if statements","streamconverter-core/src/main/java/com/streamConverter/command/impl/LineEndingNormalizeCommand.java",98,_execute,3,"AvoidLiteralsInIfCondition","Error Prone",
"LineEndingNormalizeCommand","Avoid using literals in if statements","streamconverter-core/src/main/java/com/streamConverter/command/impl/LineEndingNormalizeCommand.java",109,_execute,3,"AvoidLiteralsInIfCondition","Error Prone",
"LineEndingNormalizeCommand","Parameter 'separator' is not assigned and could be declared final","streamconverter-core/src/main/java/com/streamConverter/command/impl/LineEndingNormalizeCommand.java",141,escapeLineSeparator,3,"MethodArgumentCouldBeFinal","Code Style",separator
"LineEndingNormalizeCommand","A method should have only one exit point, and that should be the last statement in the method","streamconverter-core/src/main/java/com/streamConverter/command/impl/LineEndingNormalizeCommand.java",142,escapeLineSeparator,3,OnlyOneReturn,"Code Style",
"LineEndingNormalizeCommand","This statement should have braces","streamconverter-core/src/main/java/com/streamConverter/command/impl/LineEndingNormalizeCommand.java",142,escapeLineSeparator,3,ControlStatementBraces,"Code Style",
SampleStreamCommand,"Package name contains upper case characters","streamconverter-core/src/main/java/com/streamConverter/command/impl/SampleStreamCommand.java",1,,3,PackageCase,"Code Style",
SampleStreamCommand,"Avoid variables with short names like id","streamconverter-core/src/main/java/com/streamConverter/command/impl/SampleStreamCommand.java",16,,3,ShortVariable,"Code Style",id
SampleStreamCommand,"Field 'id' may be declared final","streamconverter-core/src/main/java/com/streamConverter/command/impl/SampleStreamCommand.java",16,,3,ImmutableField,Design,id
SampleStreamCommand,"It is a good practice to call super() in a constructor","streamconverter-core/src/main/java/com/streamConverter/command/impl/SampleStreamCommand.java",19,SampleStreamCommand,3,CallSuperInConstructor,"Code Style",
SampleStreamCommand,"It is a good practice to call super() in a constructor","streamconverter-core/src/main/java/com/streamConverter/command/impl/SampleStreamCommand.java",29,SampleStreamCommand,3,CallSuperInConstructor,"Code Style",
SampleStreamCommand,"Parameter 'arg' is not assigned and could be declared final","streamconverter-core/src/main/java/com/streamConverter/command/impl/SampleStreamCommand.java",29,SampleStreamCommand,3,"MethodArgumentCouldBeFinal","Code Style",arg
SampleStreamCommand,"Parameter 'inputStream' is not assigned and could be declared final","streamconverter-core/src/main/java/com/streamConverter/command/impl/SampleStreamCommand.java",41,_execute,3,"MethodArgumentCouldBeFinal","Code Style",inputStream
SampleStreamCommand,"Parameter 'outputStream' is not assigned and could be declared final","streamconverter-core/src/main/java/com/streamConverter/command/impl/SampleStreamCommand.java",41,_execute,3,"MethodArgumentCouldBeFinal","Code Style",outputStream
SendHttpCommand,"Package name contains upper case characters","streamconverter-core/src/main/java/com/streamConverter/command/impl/SendHttpCommand.java",13,,3,PackageCase,"Code Style",
SendHttpCommand,"The constant name 'logger' doesn't match '[A-Z][A-Z_0-9]*'","streamconverter-core/src/main/java/com/streamConverter/command/impl/SendHttpCommand.java",37,,1,FieldNamingConventions,"Code Style",logger
SendHttpCommand,"Field 'url' may be declared final","streamconverter-core/src/main/java/com/streamConverter/command/impl/SendHttpCommand.java",39,,3,ImmutableField,Design,url
SendHttpCommand,"Parameter 'url' is not assigned and could be declared final","streamconverter-core/src/main/java/com/streamConverter/command/impl/SendHttpCommand.java",48,SendHttpCommand,3,"MethodArgumentCouldBeFinal","Code Style",url
SendHttpCommand,"Local variable 'httpClient' could be declared final","streamconverter-core/src/main/java/com/streamConverter/command/impl/SendHttpCommand.java",53,SendHttpCommand,3,"LocalVariableCouldBeFinal","Code Style",httpClient
SendHttpCommand,"Number 10000 should separate every third digit with an underscore","streamconverter-core/src/main/java/com/streamConverter/command/impl/SendHttpCommand.java",56,SendHttpCommand,3,"UseUnderscoresInNumericLiterals","Code Style",
SendHttpCommand,"The method 'validateAndSanitizeUrl(String)' has a cyclomatic complexity of 16.","streamconverter-core/src/main/java/com/streamConverter/command/impl/SendHttpCommand.java",75,validateAndSanitizeUrl,3,CyclomaticComplexity,Design,
SendHttpCommand,"Parameter 'url' is not assigned and could be declared final","streamconverter-core/src/main/java/com/streamConverter/command/impl/SendHttpCommand.java",75,validateAndSanitizeUrl,3,"MethodArgumentCouldBeFinal","Code Style",url
SendHttpCommand,"Local variable 'trimmedUrl' could be declared final","streamconverter-core/src/main/java/com/streamConverter/command/impl/SendHttpCommand.java",78,validateAndSanitizeUrl,3,"LocalVariableCouldBeFinal","Code Style",trimmedUrl
SendHttpCommand,"Local variable 'uri' could be declared final","streamconverter-core/src/main/java/com/streamConverter/command/impl/SendHttpCommand.java",84,validateAndSanitizeUrl,3,"LocalVariableCouldBeFinal","Code Style",uri
SendHttpCommand,"Local variable 'scheme' could be declared final","streamconverter-core/src/main/java/com/streamConverter/command/impl/SendHttpCommand.java",85,validateAndSanitizeUrl,3,"LocalVariableCouldBeFinal","Code Style",scheme
SendHttpCommand,"Local variable 'host' could be declared final","streamconverter-core/src/main/java/com/streamConverter/command/impl/SendHttpCommand.java",95,validateAndSanitizeUrl,3,"LocalVariableCouldBeFinal","Code Style",host
SendHttpCommand,"String.trim().length() == 0 / String.trim().isEmpty() is an inefficient way to validate a blank String.","streamconverter-core/src/main/java/com/streamConverter/command/impl/SendHttpCommand.java",96,validateAndSanitizeUrl,3,"InefficientEmptyStringCheck",Performance,
SendHttpCommand,"Parameter 'host' is not assigned and could be declared final","streamconverter-core/src/main/java/com/streamConverter/command/impl/SendHttpCommand.java",113,isLocalhost,3,"MethodArgumentCouldBeFinal","Code Style",host
SendHttpCommand,"A method should have only one exit point, and that should be the last statement in the method","streamconverter-core/src/main/java/com/streamConverter/command/impl/SendHttpCommand.java",115,isLocalhost,3,OnlyOneReturn,"Code Style",
SendHttpCommand,"Local variable 'cleanHost' could be declared final","streamconverter-core/src/main/java/com/streamConverter/command/impl/SendHttpCommand.java",119,isLocalhost,3,"LocalVariableCouldBeFinal","Code Style",cleanHost
SendHttpCommand,"Do not hard code the IP address ${variableName}","streamconverter-core/src/main/java/com/streamConverter/command/impl/SendHttpCommand.java",123,isLocalhost,3,AvoidUsingHardCodedIP,"Best Practices",
SendHttpCommand,"Do not hard code the IP address ${variableName}","streamconverter-core/src/main/java/com/streamConverter/command/impl/SendHttpCommand.java",124,isLocalhost,3,AvoidUsingHardCodedIP,"Best Practices",
SendHttpCommand,"Parameter 'host' is not assigned and could be declared final","streamconverter-core/src/main/java/com/streamConverter/command/impl/SendHttpCommand.java",128,isPrivateIpAddress,3,"MethodArgumentCouldBeFinal","Code Style",host
SendHttpCommand,"Local variable 'address' could be declared final","streamconverter-core/src/main/java/com/streamConverter/command/impl/SendHttpCommand.java",131,isPrivateIpAddress,3,"LocalVariableCouldBeFinal","Code Style",address
SendHttpCommand,"A method should have only one exit point, and that should be the last statement in the method","streamconverter-core/src/main/java/com/streamConverter/command/impl/SendHttpCommand.java",133,isPrivateIpAddress,3,OnlyOneReturn,"Code Style",
SendHttpCommand,"Parameter 'inputStream' is not assigned and could be declared final","streamconverter-core/src/main/java/com/streamConverter/command/impl/SendHttpCommand.java",148,_execute,3,"MethodArgumentCouldBeFinal","Code Style",inputStream
SendHttpCommand,"Parameter 'outputStream' is not assigned and could be declared final","streamconverter-core/src/main/java/com/streamConverter/command/impl/SendHttpCommand.java",148,_execute,3,"MethodArgumentCouldBeFinal","Code Style",outputStream
SendHttpCommand,"Local variable 'bytes' could be declared final","streamconverter-core/src/main/java/com/streamConverter/command/impl/SendHttpCommand.java",191,_execute,3,"LocalVariableCouldBeFinal","Code Style",bytes
SendHttpCommand,"Avoid throwing raw exception types.","streamconverter-core/src/main/java/com/streamConverter/command/impl/SendHttpCommand.java",196,_execute,1,"AvoidThrowingRawExceptionTypes",Design,
SendHttpCommand,"Avoid throwing raw exception types.","streamconverter-core/src/main/java/com/streamConverter/command/impl/SendHttpCommand.java",211,_execute,1,"AvoidThrowingRawExceptionTypes",Design,
SendHttpCommand,"Exception thrown at line 196 is caught in this block.","streamconverter-core/src/main/java/com/streamConverter/command/impl/SendHttpCommand.java",219,_execute,3,ExceptionAsFlowControl,Design,
SendHttpCommand,"Exception thrown at line 211 is caught in this block.","streamconverter-core/src/main/java/com/streamConverter/command/impl/SendHttpCommand.java",219,_execute,3,ExceptionAsFlowControl,Design,
SendHttpCommand,"Avoid catching generic exceptions such as NullPointerException, RuntimeException, Exception in try-catch block","streamconverter-core/src/main/java/com/streamConverter/command/impl/SendHttpCommand.java",219,_execute,3,"AvoidCatchingGenericException",Design,
SendHttpCommand,"Local variable 'errorMessage' could be declared final","streamconverter-core/src/main/java/com/streamConverter/command/impl/SendHttpCommand.java",221,_execute,3,"LocalVariableCouldBeFinal","Code Style",errorMessage
SendHttpCommand,"Avoid catching generic exceptions such as NullPointerException, RuntimeException, Exception in try-catch block","streamconverter-core/src/main/java/com/streamConverter/command/impl/SendHttpCommand.java",224,_execute,3,"AvoidCatchingGenericException",Design,
SendHttpCommand,"Local variable 'errorMessage' could be declared final","streamconverter-core/src/main/java/com/streamConverter/command/impl/SendHttpCommand.java",225,_execute,3,"LocalVariableCouldBeFinal","Code Style",errorMessage
XmlFilterCommand,"Package name contains upper case characters","streamconverter-core/src/main/java/com/streamConverter/command/impl/XmlFilterCommand.java",1,,3,PackageCase,"Code Style",
XmlFilterCommand,"It is a good practice to call super() in a constructor","streamconverter-core/src/main/java/com/streamConverter/command/impl/XmlFilterCommand.java",45,XmlFilterCommand,3,CallSuperInConstructor,"Code Style",
XmlFilterCommand,"Parameter 'xpath' is not assigned and could be declared final","streamconverter-core/src/main/java/com/streamConverter/command/impl/XmlFilterCommand.java",45,XmlFilterCommand,3,"MethodArgumentCouldBeFinal","Code Style",xpath
XmlFilterCommand,"String.trim().length() == 0 / String.trim().isEmpty() is an inefficient way to validate a blank String.","streamconverter-core/src/main/java/com/streamConverter/command/impl/XmlFilterCommand.java",46,XmlFilterCommand,3,"InefficientEmptyStringCheck",Performance,
XmlFilterCommand,"The method '_execute(InputStream, OutputStream)' has a NCSS line count of 62.","streamconverter-core/src/main/java/com/streamConverter/command/impl/XmlFilterCommand.java",59,_execute,3,NcssCount,Design,
XmlFilterCommand,"The method '_execute(InputStream, OutputStream)' has a cognitive complexity of 35, current threshold is 15","streamconverter-core/src/main/java/com/streamConverter/command/impl/XmlFilterCommand.java",59,_execute,3,CognitiveComplexity,Design,
XmlFilterCommand,"The method '_execute(InputStream, OutputStream)' has a cyclomatic complexity of 17.","streamconverter-core/src/main/java/com/streamConverter/command/impl/XmlFilterCommand.java",59,_execute,3,CyclomaticComplexity,Design,
XmlFilterCommand,"Parameter 'inputStream' is not assigned and could be declared final","streamconverter-core/src/main/java/com/streamConverter/command/impl/XmlFilterCommand.java",59,_execute,3,"MethodArgumentCouldBeFinal","Code Style",inputStream
XmlFilterCommand,"Parameter 'outputStream' is not assigned and could be declared final","streamconverter-core/src/main/java/com/streamConverter/command/impl/XmlFilterCommand.java",59,_execute,3,"MethodArgumentCouldBeFinal","Code Style",outputStream
XmlFilterCommand,"Local variable 'inputFactory' could be declared final","streamconverter-core/src/main/java/com/streamConverter/command/impl/XmlFilterCommand.java",62,_execute,3,"LocalVariableCouldBeFinal","Code Style",inputFactory
XmlFilterCommand,"Local variable 'extractedElements' could be declared final","streamconverter-core/src/main/java/com/streamConverter/command/impl/XmlFilterCommand.java",66,_execute,3,"LocalVariableCouldBeFinal","Code Style",extractedElements
XmlFilterCommand,"Local variable 'reader' could be declared final","streamconverter-core/src/main/java/com/streamConverter/command/impl/XmlFilterCommand.java",68,_execute,3,"LocalVariableCouldBeFinal","Code Style",reader
XmlFilterCommand,"Local variable 'currentPath' could be declared final","streamconverter-core/src/main/java/com/streamConverter/command/impl/XmlFilterCommand.java",69,_execute,3,"LocalVariableCouldBeFinal","Code Style",currentPath
XmlFilterCommand,"Local variable 'currentElement' could be declared final","streamconverter-core/src/main/java/com/streamConverter/command/impl/XmlFilterCommand.java",70,_execute,3,"LocalVariableCouldBeFinal","Code Style",currentElement
XmlFilterCommand,"Local variable 'outputFactory' could be declared final","streamconverter-core/src/main/java/com/streamConverter/command/impl/XmlFilterCommand.java",75,_execute,3,"LocalVariableCouldBeFinal","Code Style",outputFactory
XmlFilterCommand,"Local variable 'event' could be declared final","streamconverter-core/src/main/java/com/streamConverter/command/impl/XmlFilterCommand.java",79,_execute,3,"LocalVariableCouldBeFinal","Code Style",event
XmlFilterCommand,"Local variable 'elementName' could be declared final","streamconverter-core/src/main/java/com/streamConverter/command/impl/XmlFilterCommand.java",83,_execute,3,"LocalVariableCouldBeFinal","Code Style",elementName
XmlFilterCommand,"Call to `getName` on foreign value `event.asStartElement()` (degree 1)","streamconverter-core/src/main/java/com/streamConverter/command/impl/XmlFilterCommand.java",83,_execute,3,LawOfDemeter,Design,elementName
XmlFilterCommand,"Avoid instantiating new objects inside loops","streamconverter-core/src/main/java/com/streamConverter/command/impl/XmlFilterCommand.java",91,_execute,3,"AvoidInstantiatingObjectsInLoops",Performance,
XmlFilterCommand,"Local variable 'eventWriter' could be declared final","streamconverter-core/src/main/java/com/streamConverter/command/impl/XmlFilterCommand.java",94,_execute,3,"LocalVariableCouldBeFinal","Code Style",eventWriter
XmlFilterCommand,"Logger calls should be surrounded by log level guards.","streamconverter-core/src/main/java/com/streamConverter/command/impl/XmlFilterCommand.java",98,_execute,2,GuardLogStatement,"Best Practices",
XmlFilterCommand,"Local variable 'eventWriter' could be declared final","streamconverter-core/src/main/java/com/streamConverter/command/impl/XmlFilterCommand.java",103,_execute,3,"LocalVariableCouldBeFinal","Code Style",eventWriter
XmlFilterCommand,"Logger calls should be surrounded by log level guards.","streamconverter-core/src/main/java/com/streamConverter/command/impl/XmlFilterCommand.java",107,_execute,2,GuardLogStatement,"Best Practices",
XmlFilterCommand,"Local variable 'eventWriter' could be declared final","streamconverter-core/src/main/java/com/streamConverter/command/impl/XmlFilterCommand.java",114,_execute,3,"LocalVariableCouldBeFinal","Code Style",eventWriter
XmlFilterCommand,"Logger calls should be surrounded by log level guards.","streamconverter-core/src/main/java/com/streamConverter/command/impl/XmlFilterCommand.java",118,_execute,2,GuardLogStatement,"Best Practices",
XmlFilterCommand,"Local variable 'eventWriter' could be declared final","streamconverter-core/src/main/java/com/streamConverter/command/impl/XmlFilterCommand.java",135,_execute,3,"LocalVariableCouldBeFinal","Code Style",eventWriter
XmlFilterCommand,"Logger calls should be surrounded by log level guards.","streamconverter-core/src/main/java/com/streamConverter/command/impl/XmlFilterCommand.java",139,_execute,2,GuardLogStatement,"Best Practices",
XmlFilterCommand,"Parameter 'writer' is not assigned and could be declared final","streamconverter-core/src/main/java/com/streamConverter/command/impl/XmlFilterCommand.java",160,writeExtractedElements,3,"MethodArgumentCouldBeFinal","Code Style",writer
XmlFilterCommand,"Parameter 'elements' is not assigned and could be declared final","streamconverter-core/src/main/java/com/streamConverter/command/impl/XmlFilterCommand.java",160,writeExtractedElements,3,"MethodArgumentCouldBeFinal","Code Style",elements
XmlFilterCommand,"Avoid using literals in if statements","streamconverter-core/src/main/java/com/streamConverter/command/impl/XmlFilterCommand.java",168,writeExtractedElements,3,"AvoidLiteralsInIfCondition","Error Prone",
XmlFilterCommand,"Local variable 'element' could be declared final","streamconverter-core/src/main/java/com/streamConverter/command/impl/XmlFilterCommand.java",175,writeExtractedElements,3,"LocalVariableCouldBeFinal","Code Style",element
XmlNavigateCommand,"Package name contains upper case characters","streamconverter-core/src/main/java/com/streamConverter/command/impl/XmlNavigateCommand.java",1,,3,PackageCase,"Code Style",
XmlNavigateCommand,"Possible God Class (WMC=48, ATFD=12, TCC=4.545%)","streamconverter-core/src/main/java/com/streamConverter/command/impl/XmlNavigateCommand.java",31,,3,GodClass,Design,
XmlNavigateCommand,"This class has too many methods, consider refactoring it.","streamconverter-core/src/main/java/com/streamConverter/command/impl/XmlNavigateCommand.java",31,,3,TooManyMethods,Design,
XmlNavigateCommand,"It is a good practice to call super() in a constructor","streamconverter-core/src/main/java/com/streamConverter/command/impl/XmlNavigateCommand.java",46,XmlNavigateCommand,3,CallSuperInConstructor,"Code Style",
XmlNavigateCommand,"Parameter 'xpath' is not assigned and could be declared final","streamconverter-core/src/main/java/com/streamConverter/command/impl/XmlNavigateCommand.java",46,XmlNavigateCommand,3,"MethodArgumentCouldBeFinal","Code Style",xpath
XmlNavigateCommand,"Parameter 'rule' is not assigned and could be declared final","streamconverter-core/src/main/java/com/streamConverter/command/impl/XmlNavigateCommand.java",46,XmlNavigateCommand,3,"MethodArgumentCouldBeFinal","Code Style",rule
XmlNavigateCommand,"Parameter 'xpath' is not assigned and could be declared final","streamconverter-core/src/main/java/com/streamConverter/command/impl/XmlNavigateCommand.java",67,XmlNavigateCommand,3,"MethodArgumentCouldBeFinal","Code Style",xpath
XmlNavigateCommand,"Parameter 'xpath' is not assigned and could be declared final","streamconverter-core/src/main/java/com/streamConverter/command/impl/XmlNavigateCommand.java",91,extractOnly,3,"MethodArgumentCouldBeFinal","Code Style",xpath
XmlNavigateCommand,"A method should have only one exit point, and that should be the last statement in the method","streamconverter-core/src/main/java/com/streamConverter/command/impl/XmlNavigateCommand.java",108,getCommandDetails,3,OnlyOneReturn,"Code Style",
XmlNavigateCommand,"Parameter 'inputStream' is not assigned and could be declared final","streamconverter-core/src/main/java/com/streamConverter/command/impl/XmlNavigateCommand.java",115,_execute,3,"MethodArgumentCouldBeFinal","Code Style",inputStream
XmlNavigateCommand,"Parameter 'outputStream' is not assigned and could be declared final","streamconverter-core/src/main/java/com/streamConverter/command/impl/XmlNavigateCommand.java",115,_execute,3,"MethodArgumentCouldBeFinal","Code Style",outputStream
XmlNavigateCommand,"Parameter 'inputStream' is not assigned and could be declared final","streamconverter-core/src/main/java/com/streamConverter/command/impl/XmlNavigateCommand.java",130,applyRuleToEntireXml,3,"MethodArgumentCouldBeFinal","Code Style",inputStream
XmlNavigateCommand,"Parameter 'writer' is not assigned and could be declared final","streamconverter-core/src/main/java/com/streamConverter/command/impl/XmlNavigateCommand.java",130,applyRuleToEntireXml,3,"MethodArgumentCouldBeFinal","Code Style",writer
XmlNavigateCommand,"Parameter 'inputStream' is not assigned and could be declared final","streamconverter-core/src/main/java/com/streamConverter/command/impl/XmlNavigateCommand.java",150,applyRuleToXmlPath,3,"MethodArgumentCouldBeFinal","Code Style",inputStream
XmlNavigateCommand,"Parameter 'writer' is not assigned and could be declared final","streamconverter-core/src/main/java/com/streamConverter/command/impl/XmlNavigateCommand.java",150,applyRuleToXmlPath,3,"MethodArgumentCouldBeFinal","Code Style",writer
XmlNavigateCommand,"The method 'navigateXmlWithRule(XMLEventReader, XMLEventWriter, FixedStaXPathHandler, IRule)' has a cognitive complexity of 22, current threshold is 15","streamconverter-core/src/main/java/com/streamConverter/command/impl/XmlNavigateCommand.java",166,navigateXmlWithRule,3,CognitiveComplexity,Design,
XmlNavigateCommand,"The method 'navigateXmlWithRule(XMLEventReader, XMLEventWriter, FixedStaXPathHandler, IRule)' has a cyclomatic complexity of 11.","streamconverter-core/src/main/java/com/streamConverter/command/impl/XmlNavigateCommand.java",166,navigateXmlWithRule,3,CyclomaticComplexity,Design,
XmlNavigateCommand,"Parameter 'eventReader' is not assigned and could be declared final","streamconverter-core/src/main/java/com/streamConverter/command/impl/XmlNavigateCommand.java",167,navigateXmlWithRule,3,"MethodArgumentCouldBeFinal","Code Style",eventReader
XmlNavigateCommand,"Parameter 'eventWriter' is not assigned and could be declared final","streamconverter-core/src/main/java/com/streamConverter/command/impl/XmlNavigateCommand.java",168,navigateXmlWithRule,3,"MethodArgumentCouldBeFinal","Code Style",eventWriter
XmlNavigateCommand,"Parameter 'pathHandler' is not assigned and could be declared final","streamconverter-core/src/main/java/com/streamConverter/command/impl/XmlNavigateCommand.java",169,navigateXmlWithRule,3,"MethodArgumentCouldBeFinal","Code Style",pathHandler
XmlNavigateCommand,"Parameter 'rule' is not assigned and could be declared final","streamconverter-core/src/main/java/com/streamConverter/command/impl/XmlNavigateCommand.java",170,navigateXmlWithRule,3,"MethodArgumentCouldBeFinal","Code Style",rule
XmlNavigateCommand,"Local variable 'currentPath' could be declared final","streamconverter-core/src/main/java/com/streamConverter/command/impl/XmlNavigateCommand.java",172,navigateXmlWithRule,3,"LocalVariableCouldBeFinal","Code Style",currentPath
XmlNavigateCommand,"Local variable 'event' could be declared final","streamconverter-core/src/main/java/com/streamConverter/command/impl/XmlNavigateCommand.java",177,navigateXmlWithRule,3,"LocalVariableCouldBeFinal","Code Style",event
XmlNavigateCommand,"Local variable 'elementName' could be declared final","streamconverter-core/src/main/java/com/streamConverter/command/impl/XmlNavigateCommand.java",180,navigateXmlWithRule,3,"LocalVariableCouldBeFinal","Code Style",elementName
XmlNavigateCommand,"Call to `getName` on foreign value `event.asStartElement()` (degree 1)","streamconverter-core/src/main/java/com/streamConverter/command/impl/XmlNavigateCommand.java",180,navigateXmlWithRule,3,LawOfDemeter,Design,elementName
XmlNavigateCommand,"Local variable 'originalData' could be declared final","streamconverter-core/src/main/java/com/streamConverter/command/impl/XmlNavigateCommand.java",202,navigateXmlWithRule,3,"LocalVariableCouldBeFinal","Code Style",originalData
XmlNavigateCommand,"Local variable 'transformedData' could be declared final","streamconverter-core/src/main/java/com/streamConverter/command/impl/XmlNavigateCommand.java",203,navigateXmlWithRule,3,"LocalVariableCouldBeFinal","Code Style",transformedData
XmlNavigateCommand,"Avoid if (x != y) ..; else ..;","streamconverter-core/src/main/java/com/streamConverter/command/impl/XmlNavigateCommand.java",204,navigateXmlWithRule,3,ConfusingTernary,"Code Style",
XmlNavigateCommand,"Local variable 'transformedEvent' could be declared final","streamconverter-core/src/main/java/com/streamConverter/command/impl/XmlNavigateCommand.java",206,navigateXmlWithRule,3,"LocalVariableCouldBeFinal","Code Style",transformedEvent
XmlNavigateCommand,"Parameter 'inputStream' is not assigned and could be declared final","streamconverter-core/src/main/java/com/streamConverter/command/impl/XmlNavigateCommand.java",216,createXMLEventReader,3,"MethodArgumentCouldBeFinal","Code Style",inputStream
XmlNavigateCommand,"Local variable 'inputFactory' could be declared final","streamconverter-core/src/main/java/com/streamConverter/command/impl/XmlNavigateCommand.java",217,createXMLEventReader,3,"LocalVariableCouldBeFinal","Code Style",inputFactory
XmlNavigateCommand,"Local variable 'reader' could be declared final","streamconverter-core/src/main/java/com/streamConverter/command/impl/XmlNavigateCommand.java",218,createXMLEventReader,3,"LocalVariableCouldBeFinal","Code Style",reader
XmlNavigateCommand,"Parameter 'writer' is not assigned and could be declared final","streamconverter-core/src/main/java/com/streamConverter/command/impl/XmlNavigateCommand.java",225,createXMLEventWriter,3,"MethodArgumentCouldBeFinal","Code Style",writer
XmlNavigateCommand,"Local variable 'outputFactory' could be declared final","streamconverter-core/src/main/java/com/streamConverter/command/impl/XmlNavigateCommand.java",226,createXMLEventWriter,3,"LocalVariableCouldBeFinal","Code Style",outputFactory
XmlNavigateCommand,"Avoid variables with short names like e","streamconverter-core/src/main/java/com/streamConverter/command/impl/XmlNavigateCommand.java",230,handleXmlException,3,ShortVariable,"Code Style",e
XmlNavigateCommand,"Parameter 'e' is not assigned and could be declared final","streamconverter-core/src/main/java/com/streamConverter/command/impl/XmlNavigateCommand.java",230,handleXmlException,3,"MethodArgumentCouldBeFinal","Code Style",e
XmlNavigateCommand,"Local variable 'message' could be declared final","streamconverter-core/src/main/java/com/streamConverter/command/impl/XmlNavigateCommand.java",231,handleXmlException,3,"LocalVariableCouldBeFinal","Code Style",message
XmlNavigateCommand,"Parameter 'eventReader' is not assigned and could be declared final","streamconverter-core/src/main/java/com/streamConverter/command/impl/XmlNavigateCommand.java",244,processXmlEvents,3,"MethodArgumentCouldBeFinal","Code Style",eventReader
XmlNavigateCommand,"Parameter 'eventWriter' is not assigned and could be declared final","streamconverter-core/src/main/java/com/streamConverter/command/impl/XmlNavigateCommand.java",244,processXmlEvents,3,"MethodArgumentCouldBeFinal","Code Style",eventWriter
XmlNavigateCommand,"Parameter 'processor' is not assigned and could be declared final","streamconverter-core/src/main/java/com/streamConverter/command/impl/XmlNavigateCommand.java",244,processXmlEvents,3,"MethodArgumentCouldBeFinal","Code Style",processor
XmlNavigateCommand,"Local variable 'event' could be declared final","streamconverter-core/src/main/java/com/streamConverter/command/impl/XmlNavigateCommand.java",247,processXmlEvents,3,"LocalVariableCouldBeFinal","Code Style",event
XmlNavigateCommand,"Local variable 'originalData' could be declared final","streamconverter-core/src/main/java/com/streamConverter/command/impl/XmlNavigateCommand.java",250,processXmlEvents,3,"LocalVariableCouldBeFinal","Code Style",originalData
XmlNavigateCommand,"Local variable 'transformedData' could be declared final","streamconverter-core/src/main/java/com/streamConverter/command/impl/XmlNavigateCommand.java",251,processXmlEvents,3,"LocalVariableCouldBeFinal","Code Style",transformedData
XmlNavigateCommand,"Avoid if (x != y) ..; else ..;","streamconverter-core/src/main/java/com/streamConverter/command/impl/XmlNavigateCommand.java",253,processXmlEvents,3,ConfusingTernary,"Code Style",
XmlNavigateCommand,"Local variable 'transformedEvent' could be declared final","streamconverter-core/src/main/java/com/streamConverter/command/impl/XmlNavigateCommand.java",254,processXmlEvents,3,"LocalVariableCouldBeFinal","Code Style",transformedEvent
XmlNavigateCommand,"Parameter 'eventReader' is not assigned and could be declared final","streamconverter-core/src/main/java/com/streamConverter/command/impl/XmlNavigateCommand.java",266,closeResources,3,"MethodArgumentCouldBeFinal","Code Style",eventReader
XmlNavigateCommand,"Parameter 'eventWriter' is not assigned and could be declared final","streamconverter-core/src/main/java/com/streamConverter/command/impl/XmlNavigateCommand.java",266,closeResources,3,"MethodArgumentCouldBeFinal","Code Style",eventWriter
XmlNavigateCommand,"Logger calls should be surrounded by log level guards.","streamconverter-core/src/main/java/com/streamConverter/command/impl/XmlNavigateCommand.java",271,closeResources,2,GuardLogStatement,"Best Practices",
XmlNavigateCommand,"Logger calls should be surrounded by log level guards.","streamconverter-core/src/main/java/com/streamConverter/command/impl/XmlNavigateCommand.java",278,closeResources,2,GuardLogStatement,"Best Practices",
PmdXmlToCsvCommand,"Package name contains upper case characters","streamconverter-core/src/main/java/com/streamConverter/command/impl/analysis/PmdXmlToCsvCommand.java",1,,3,PackageCase,"Code Style",
PmdXmlToCsvCommand,"It is a good practice to call super() in a constructor","streamconverter-core/src/main/java/com/streamConverter/command/impl/analysis/PmdXmlToCsvCommand.java",52,PmdXmlToCsvCommand,3,CallSuperInConstructor,"Code Style",
PmdXmlToCsvCommand,"Parameter 'input' is not assigned and could be declared final","streamconverter-core/src/main/java/com/streamConverter/command/impl/analysis/PmdXmlToCsvCommand.java",64,_execute,3,"MethodArgumentCouldBeFinal","Code Style",input
PmdXmlToCsvCommand,"Parameter 'output' is not assigned and could be declared final","streamconverter-core/src/main/java/com/streamConverter/command/impl/analysis/PmdXmlToCsvCommand.java",64,_execute,3,"MethodArgumentCouldBeFinal","Code Style",output
PmdXmlToCsvCommand,"Local variable 'violations' could be declared final","streamconverter-core/src/main/java/com/streamConverter/command/impl/analysis/PmdXmlToCsvCommand.java",67,_execute,3,"LocalVariableCouldBeFinal","Code Style",violations
PmdXmlToCsvCommand,"Avoid catching generic exceptions such as NullPointerException, RuntimeException, Exception in try-catch block","streamconverter-core/src/main/java/com/streamConverter/command/impl/analysis/PmdXmlToCsvCommand.java",70,_execute,3,"AvoidCatchingGenericException",Design,
PmdXmlToCsvCommand,"Parameter 'input' is not assigned and could be declared final","streamconverter-core/src/main/java/com/streamConverter/command/impl/analysis/PmdXmlToCsvCommand.java",87,parseXmlStream,3,"MethodArgumentCouldBeFinal","Code Style",input
PmdXmlToCsvCommand,"A method/constructor should not explicitly throw java.lang.Exception","streamconverter-core/src/main/java/com/streamConverter/command/impl/analysis/PmdXmlToCsvCommand.java",87,parseXmlStream,3,"SignatureDeclareThrowsException",Design,
PmdXmlToCsvCommand,"Local variable 'builder' could be declared final","streamconverter-core/src/main/java/com/streamConverter/command/impl/analysis/PmdXmlToCsvCommand.java",88,parseXmlStream,3,"LocalVariableCouldBeFinal","Code Style",builder
PmdXmlToCsvCommand,"Local variable 'doc' could be declared final","streamconverter-core/src/main/java/com/streamConverter/command/impl/analysis/PmdXmlToCsvCommand.java",89,parseXmlStream,3,"LocalVariableCouldBeFinal","Code Style",doc
PmdXmlToCsvCommand,"Local variable 'fileNodes' could be declared final","streamconverter-core/src/main/java/com/streamConverter/command/impl/analysis/PmdXmlToCsvCommand.java",91,parseXmlStream,3,"LocalVariableCouldBeFinal","Code Style",fileNodes
PmdXmlToCsvCommand,"Local variable 'violations' could be declared final","streamconverter-core/src/main/java/com/streamConverter/command/impl/analysis/PmdXmlToCsvCommand.java",92,parseXmlStream,3,"LocalVariableCouldBeFinal","Code Style",violations
PmdXmlToCsvCommand,"Local variable 'fileElement' could be declared final","streamconverter-core/src/main/java/com/streamConverter/command/impl/analysis/PmdXmlToCsvCommand.java",95,parseXmlStream,3,"LocalVariableCouldBeFinal","Code Style",fileElement
PmdXmlToCsvCommand,"Local variable 'fileName' could be declared final","streamconverter-core/src/main/java/com/streamConverter/command/impl/analysis/PmdXmlToCsvCommand.java",96,parseXmlStream,3,"LocalVariableCouldBeFinal","Code Style",fileName
PmdXmlToCsvCommand,"Local variable 'violationNodes' could be declared final","streamconverter-core/src/main/java/com/streamConverter/command/impl/analysis/PmdXmlToCsvCommand.java",98,parseXmlStream,3,"LocalVariableCouldBeFinal","Code Style",violationNodes
PmdXmlToCsvCommand,"Local variable 'violationElement' could be declared final","streamconverter-core/src/main/java/com/streamConverter/command/impl/analysis/PmdXmlToCsvCommand.java",100,parseXmlStream,3,"LocalVariableCouldBeFinal","Code Style",violationElement
PmdXmlToCsvCommand,"Local variable 'violation' could be declared final","streamconverter-core/src/main/java/com/streamConverter/command/impl/analysis/PmdXmlToCsvCommand.java",102,parseXmlStream,3,"LocalVariableCouldBeFinal","Code Style",violation
PmdXmlToCsvCommand,"Avoid instantiating new objects inside loops","streamconverter-core/src/main/java/com/streamConverter/command/impl/analysis/PmdXmlToCsvCommand.java",103,parseXmlStream,3,"AvoidInstantiatingObjectsInLoops",Performance,violation
PmdXmlToCsvCommand,"Parameter 'fullPath' is not assigned and could be declared final","streamconverter-core/src/main/java/com/streamConverter/command/impl/analysis/PmdXmlToCsvCommand.java",121,extractRelativePath,3,"MethodArgumentCouldBeFinal","Code Style",fullPath
PmdXmlToCsvCommand,"Local variable 'index' could be declared final","streamconverter-core/src/main/java/com/streamConverter/command/impl/analysis/PmdXmlToCsvCommand.java",122,extractRelativePath,3,"LocalVariableCouldBeFinal","Code Style",index
PmdXmlToCsvCommand,"Avoid if (x != y) ..; else ..;","streamconverter-core/src/main/java/com/streamConverter/command/impl/analysis/PmdXmlToCsvCommand.java",123,extractRelativePath,3,ConfusingTernary,"Code Style",
PmdXmlToCsvCommand,"Parameter 'violations' is not assigned and could be declared final","streamconverter-core/src/main/java/com/streamConverter/command/impl/analysis/PmdXmlToCsvCommand.java",133,generateCsvOutput,3,"MethodArgumentCouldBeFinal","Code Style",violations
PmdXmlToCsvCommand,"Parameter 'output' is not assigned and could be declared final","streamconverter-core/src/main/java/com/streamConverter/command/impl/analysis/PmdXmlToCsvCommand.java",133,generateCsvOutput,3,"MethodArgumentCouldBeFinal","Code Style",output
PmdXmlToCsvCommand,"Local variable 'schema' could be declared final","streamconverter-core/src/main/java/com/streamConverter/command/impl/analysis/PmdXmlToCsvCommand.java",136,generateCsvOutput,3,"LocalVariableCouldBeFinal","Code Style",schema
PmdXmlToJsonCommand,"Package name contains upper case characters","streamconverter-core/src/main/java/com/streamConverter/command/impl/analysis/PmdXmlToJsonCommand.java",1,,3,PackageCase,"Code Style",
PmdXmlToJsonCommand,"It is a good practice to call super() in a constructor","streamconverter-core/src/main/java/com/streamConverter/command/impl/analysis/PmdXmlToJsonCommand.java",71,PmdXmlToJsonCommand,3,CallSuperInConstructor,"Code Style",
PmdXmlToJsonCommand,"Parameter 'input' is not assigned and could be declared final","streamconverter-core/src/main/java/com/streamConverter/command/impl/analysis/PmdXmlToJsonCommand.java",86,_execute,3,"MethodArgumentCouldBeFinal","Code Style",input
PmdXmlToJsonCommand,"Parameter 'output' is not assigned and could be declared final","streamconverter-core/src/main/java/com/streamConverter/command/impl/analysis/PmdXmlToJsonCommand.java",86,_execute,3,"MethodArgumentCouldBeFinal","Code Style",output
PmdXmlToJsonCommand,"Local variable 'violations' could be declared final","streamconverter-core/src/main/java/com/streamConverter/command/impl/analysis/PmdXmlToJsonCommand.java",89,_execute,3,"LocalVariableCouldBeFinal","Code Style",violations
PmdXmlToJsonCommand,"Local variable 'report' could be declared final","streamconverter-core/src/main/java/com/streamConverter/command/impl/analysis/PmdXmlToJsonCommand.java",90,_execute,3,"LocalVariableCouldBeFinal","Code Style",report
PmdXmlToJsonCommand,"Avoid catching generic exceptions such as NullPointerException, RuntimeException, Exception in try-catch block","streamconverter-core/src/main/java/com/streamConverter/command/impl/analysis/PmdXmlToJsonCommand.java",95,_execute,3,"AvoidCatchingGenericException",Design,
PmdXmlToJsonCommand,"Parameter 'input' is not assigned and could be declared final","streamconverter-core/src/main/java/com/streamConverter/command/impl/analysis/PmdXmlToJsonCommand.java",106,parseXmlStream,3,"MethodArgumentCouldBeFinal","Code Style",input
PmdXmlToJsonCommand,"A method/constructor should not explicitly throw java.lang.Exception","streamconverter-core/src/main/java/com/streamConverter/command/impl/analysis/PmdXmlToJsonCommand.java",106,parseXmlStream,3,"SignatureDeclareThrowsException",Design,
PmdXmlToJsonCommand,"Local variable 'builder' could be declared final","streamconverter-core/src/main/java/com/streamConverter/command/impl/analysis/PmdXmlToJsonCommand.java",107,parseXmlStream,3,"LocalVariableCouldBeFinal","Code Style",builder
PmdXmlToJsonCommand,"Local variable 'doc' could be declared final","streamconverter-core/src/main/java/com/streamConverter/command/impl/analysis/PmdXmlToJsonCommand.java",108,parseXmlStream,3,"LocalVariableCouldBeFinal","Code Style",doc
PmdXmlToJsonCommand,"Local variable 'fileNodes' could be declared final","streamconverter-core/src/main/java/com/streamConverter/command/impl/analysis/PmdXmlToJsonCommand.java",110,parseXmlStream,3,"LocalVariableCouldBeFinal","Code Style",fileNodes
PmdXmlToJsonCommand,"Local variable 'violations' could be declared final","streamconverter-core/src/main/java/com/streamConverter/command/impl/analysis/PmdXmlToJsonCommand.java",111,parseXmlStream,3,"LocalVariableCouldBeFinal","Code Style",violations
PmdXmlToJsonCommand,"Local variable 'fileElement' could be declared final","streamconverter-core/src/main/java/com/streamConverter/command/impl/analysis/PmdXmlToJsonCommand.java",114,parseXmlStream,3,"LocalVariableCouldBeFinal","Code Style",fileElement
PmdXmlToJsonCommand,"Local variable 'fileName' could be declared final","streamconverter-core/src/main/java/com/streamConverter/command/impl/analysis/PmdXmlToJsonCommand.java",115,parseXmlStream,3,"LocalVariableCouldBeFinal","Code Style",fileName
PmdXmlToJsonCommand,"Local variable 'violationNodes' could be declared final","streamconverter-core/src/main/java/com/streamConverter/command/impl/analysis/PmdXmlToJsonCommand.java",117,parseXmlStream,3,"LocalVariableCouldBeFinal","Code Style",violationNodes
PmdXmlToJsonCommand,"Local variable 'violationElement' could be declared final","streamconverter-core/src/main/java/com/streamConverter/command/impl/analysis/PmdXmlToJsonCommand.java",119,parseXmlStream,3,"LocalVariableCouldBeFinal","Code Style",violationElement
PmdXmlToJsonCommand,"Local variable 'violation' could be declared final","streamconverter-core/src/main/java/com/streamConverter/command/impl/analysis/PmdXmlToJsonCommand.java",121,parseXmlStream,3,"LocalVariableCouldBeFinal","Code Style",violation
PmdXmlToJsonCommand,"Avoid instantiating new objects inside loops","streamconverter-core/src/main/java/com/streamConverter/command/impl/analysis/PmdXmlToJsonCommand.java",122,parseXmlStream,3,"AvoidInstantiatingObjectsInLoops",Performance,violation
PmdXmlToJsonCommand,"Parameter 'fullPath' is not assigned and could be declared final","streamconverter-core/src/main/java/com/streamConverter/command/impl/analysis/PmdXmlToJsonCommand.java",140,extractRelativePath,3,"MethodArgumentCouldBeFinal","Code Style",fullPath
PmdXmlToJsonCommand,"Local variable 'index' could be declared final","streamconverter-core/src/main/java/com/streamConverter/command/impl/analysis/PmdXmlToJsonCommand.java",141,extractRelativePath,3,"LocalVariableCouldBeFinal","Code Style",index
PmdXmlToJsonCommand,"Avoid if (x != y) ..; else ..;","streamconverter-core/src/main/java/com/streamConverter/command/impl/analysis/PmdXmlToJsonCommand.java",142,extractRelativePath,3,ConfusingTernary,"Code Style",
PmdXmlToJsonCommand,"Parameter 'violations' is not assigned and could be declared final","streamconverter-core/src/main/java/com/streamConverter/command/impl/analysis/PmdXmlToJsonCommand.java",146,createJsonReport,3,"MethodArgumentCouldBeFinal","Code Style",violations
PmdXmlToJsonCommand,"Local variable 'summary' could be declared final","streamconverter-core/src/main/java/com/streamConverter/command/impl/analysis/PmdXmlToJsonCommand.java",147,createJsonReport,3,"LocalVariableCouldBeFinal","Code Style",summary
PmdJsonReport,"Unnecessary modifier 'static' on record 'PmdJsonReport': records are implicitly static","streamconverter-core/src/main/java/com/streamConverter/command/impl/analysis/PmdXmlToJsonCommand.java",156,,3,UnnecessaryModifier,"Code Style",
PmdJsonSummary,"Unnecessary modifier 'static' on record 'PmdJsonSummary': records are implicitly static","streamconverter-core/src/main/java/com/streamConverter/command/impl/analysis/PmdXmlToJsonCommand.java",159,,3,UnnecessaryModifier,"Code Style",
PmdXmlToMarkdownCommand,"Package name contains upper case characters","streamconverter-core/src/main/java/com/streamConverter/command/impl/analysis/PmdXmlToMarkdownCommand.java",1,,3,PackageCase,"Code Style",
PmdXmlToMarkdownCommand,"Each class should declare at least one constructor","streamconverter-core/src/main/java/com/streamConverter/command/impl/analysis/PmdXmlToMarkdownCommand.java",41,,3,AtLeastOneConstructor,"Code Style",
PmdXmlToMarkdownCommand,"Parameter 'input' is not assigned and could be declared final","streamconverter-core/src/main/java/com/streamConverter/command/impl/analysis/PmdXmlToMarkdownCommand.java",51,_execute,3,"MethodArgumentCouldBeFinal","Code Style",input
PmdXmlToMarkdownCommand,"Parameter 'output' is not assigned and could be declared final","streamconverter-core/src/main/java/com/streamConverter/command/impl/analysis/PmdXmlToMarkdownCommand.java",51,_execute,3,"MethodArgumentCouldBeFinal","Code Style",output
PmdXmlToMarkdownCommand,"Local variable 'violations' could be declared final","streamconverter-core/src/main/java/com/streamConverter/command/impl/analysis/PmdXmlToMarkdownCommand.java",54,_execute,3,"LocalVariableCouldBeFinal","Code Style",violations
PmdXmlToMarkdownCommand,"Local variable 'markdownReport' could be declared final","streamconverter-core/src/main/java/com/streamConverter/command/impl/analysis/PmdXmlToMarkdownCommand.java",55,_execute,3,"LocalVariableCouldBeFinal","Code Style",markdownReport
PmdXmlToMarkdownCommand,"Avoid catching generic exceptions such as NullPointerException, RuntimeException, Exception in try-catch block","streamconverter-core/src/main/java/com/streamConverter/command/impl/analysis/PmdXmlToMarkdownCommand.java",58,_execute,3,"AvoidCatchingGenericException",Design,
PmdXmlToMarkdownCommand,"Parameter 'input' is not assigned and could be declared final","streamconverter-core/src/main/java/com/streamConverter/command/impl/analysis/PmdXmlToMarkdownCommand.java",75,parseXmlStream,3,"MethodArgumentCouldBeFinal","Code Style",input
PmdXmlToMarkdownCommand,"A method/constructor should not explicitly throw java.lang.Exception","streamconverter-core/src/main/java/com/streamConverter/command/impl/analysis/PmdXmlToMarkdownCommand.java",75,parseXmlStream,3,"SignatureDeclareThrowsException",Design,
PmdXmlToMarkdownCommand,"Local variable 'builder' could be declared final","streamconverter-core/src/main/java/com/streamConverter/command/impl/analysis/PmdXmlToMarkdownCommand.java",76,parseXmlStream,3,"LocalVariableCouldBeFinal","Code Style",builder
PmdXmlToMarkdownCommand,"Local variable 'doc' could be declared final","streamconverter-core/src/main/java/com/streamConverter/command/impl/analysis/PmdXmlToMarkdownCommand.java",77,parseXmlStream,3,"LocalVariableCouldBeFinal","Code Style",doc
PmdXmlToMarkdownCommand,"Local variable 'fileNodes' could be declared final","streamconverter-core/src/main/java/com/streamConverter/command/impl/analysis/PmdXmlToMarkdownCommand.java",79,parseXmlStream,3,"LocalVariableCouldBeFinal","Code Style",fileNodes
PmdXmlToMarkdownCommand,"Local variable 'violations' could be declared final","streamconverter-core/src/main/java/com/streamConverter/command/impl/analysis/PmdXmlToMarkdownCommand.java",80,parseXmlStream,3,"LocalVariableCouldBeFinal","Code Style",violations
PmdXmlToMarkdownCommand,"Local variable 'fileElement' could be declared final","streamconverter-core/src/main/java/com/streamConverter/command/impl/analysis/PmdXmlToMarkdownCommand.java",83,parseXmlStream,3,"LocalVariableCouldBeFinal","Code Style",fileElement
PmdXmlToMarkdownCommand,"Local variable 'fileName' could be declared final","streamconverter-core/src/main/java/com/streamConverter/command/impl/analysis/PmdXmlToMarkdownCommand.java",84,parseXmlStream,3,"LocalVariableCouldBeFinal","Code Style",fileName
PmdXmlToMarkdownCommand,"Local variable 'violationNodes' could be declared final","streamconverter-core/src/main/java/com/streamConverter/command/impl/analysis/PmdXmlToMarkdownCommand.java",86,parseXmlStream,3,"LocalVariableCouldBeFinal","Code Style",violationNodes
PmdXmlToMarkdownCommand,"Local variable 'violationElement' could be declared final","streamconverter-core/src/main/java/com/streamConverter/command/impl/analysis/PmdXmlToMarkdownCommand.java",88,parseXmlStream,3,"LocalVariableCouldBeFinal","Code Style",violationElement
PmdXmlToMarkdownCommand,"Local variable 'violation' could be declared final","streamconverter-core/src/main/java/com/streamConverter/command/impl/analysis/PmdXmlToMarkdownCommand.java",90,parseXmlStream,3,"LocalVariableCouldBeFinal","Code Style",violation
PmdXmlToMarkdownCommand,"Avoid instantiating new objects inside loops","streamconverter-core/src/main/java/com/streamConverter/command/impl/analysis/PmdXmlToMarkdownCommand.java",91,parseXmlStream,3,"AvoidInstantiatingObjectsInLoops",Performance,violation
PmdXmlToMarkdownCommand,"Parameter 'fullPath' is not assigned and could be declared final","streamconverter-core/src/main/java/com/streamConverter/command/impl/analysis/PmdXmlToMarkdownCommand.java",109,extractRelativePath,3,"MethodArgumentCouldBeFinal","Code Style",fullPath
PmdXmlToMarkdownCommand,"Local variable 'index' could be declared final","streamconverter-core/src/main/java/com/streamConverter/command/impl/analysis/PmdXmlToMarkdownCommand.java",110,extractRelativePath,3,"LocalVariableCouldBeFinal","Code Style",index
PmdXmlToMarkdownCommand,"Avoid if (x != y) ..; else ..;","streamconverter-core/src/main/java/com/streamConverter/command/impl/analysis/PmdXmlToMarkdownCommand.java",111,extractRelativePath,3,ConfusingTernary,"Code Style",
PmdXmlToMarkdownCommand,"Parameter 'violations' is not assigned and could be declared final","streamconverter-core/src/main/java/com/streamConverter/command/impl/analysis/PmdXmlToMarkdownCommand.java",120,generateMarkdownReport,3,"MethodArgumentCouldBeFinal","Code Style",violations
PmdXmlToMarkdownCommand,"Avoid variables with short names like md","streamconverter-core/src/main/java/com/streamConverter/command/impl/analysis/PmdXmlToMarkdownCommand.java",121,generateMarkdownReport,3,ShortVariable,"Code Style",md
PmdXmlToMarkdownCommand,"Local variable 'md' could be declared final","streamconverter-core/src/main/java/com/streamConverter/command/impl/analysis/PmdXmlToMarkdownCommand.java",121,generateMarkdownReport,3,"LocalVariableCouldBeFinal","Code Style",md
PmdXmlToMarkdownCommand,"StringBuilder has been initialized with size 16, but has at least 76 characters appended.","streamconverter-core/src/main/java/com/streamConverter/command/impl/analysis/PmdXmlToMarkdownCommand.java",121,generateMarkdownReport,3,"InsufficientStringBufferDeclaration",Performance,md
PmdXmlToMarkdownCommand,"StringBuffer (or StringBuilder).append is called consecutively without reusing the target variable.","streamconverter-core/src/main/java/com/streamConverter/command/impl/analysis/PmdXmlToMarkdownCommand.java",124,generateMarkdownReport,3,"ConsecutiveAppendsShouldReuse",Performance,
PmdXmlToMarkdownCommand,"StringBuffer (or StringBuilder).append is called 2 consecutive times with literals. Use a single append with a single combined String.","streamconverter-core/src/main/java/com/streamConverter/command/impl/analysis/PmdXmlToMarkdownCommand.java",124,generateMarkdownReport,3,"ConsecutiveLiteralAppends",Performance,
PmdXmlToMarkdownCommand,"StringBuffer (or StringBuilder).append is called consecutively without reusing the target variable.","streamconverter-core/src/main/java/com/streamConverter/command/impl/analysis/PmdXmlToMarkdownCommand.java",125,generateMarkdownReport,3,"ConsecutiveAppendsShouldReuse",Performance,
PmdXmlToMarkdownCommand,"Avoid appending characters as strings in StringBuffer.append.","streamconverter-core/src/main/java/com/streamConverter/command/impl/analysis/PmdXmlToMarkdownCommand.java",125,generateMarkdownReport,3,AppendCharacterWithChar,Performance,
PmdXmlToMarkdownCommand,"StringBuffer (or StringBuilder).append is called 2 consecutive times with literals. Use a single append with a single combined String.","streamconverter-core/src/main/java/com/streamConverter/command/impl/analysis/PmdXmlToMarkdownCommand.java",125,generateMarkdownReport,3,"ConsecutiveLiteralAppends",Performance,
PmdXmlToMarkdownCommand,"Avoid variables with short names like md","streamconverter-core/src/main/java/com/streamConverter/command/impl/analysis/PmdXmlToMarkdownCommand.java",141,generateTopRulesSection,3,ShortVariable,"Code Style",md
PmdXmlToMarkdownCommand,"Parameter 'md' is not assigned and could be declared final","streamconverter-core/src/main/java/com/streamConverter/command/impl/analysis/PmdXmlToMarkdownCommand.java",141,generateTopRulesSection,3,"MethodArgumentCouldBeFinal","Code Style",md
PmdXmlToMarkdownCommand,"Parameter 'violations' is not assigned and could be declared final","streamconverter-core/src/main/java/com/streamConverter/command/impl/analysis/PmdXmlToMarkdownCommand.java",141,generateTopRulesSection,3,"MethodArgumentCouldBeFinal","Code Style",violations
PmdXmlToMarkdownCommand,"Local variable 'ruleStats' could be declared final","streamconverter-core/src/main/java/com/streamConverter/command/impl/analysis/PmdXmlToMarkdownCommand.java",142,generateTopRulesSection,3,"LocalVariableCouldBeFinal","Code Style",ruleStats
PmdXmlToMarkdownCommand,"StringBuffer (or StringBuilder).append is called consecutively without reusing the target variable.","streamconverter-core/src/main/java/com/streamConverter/command/impl/analysis/PmdXmlToMarkdownCommand.java",146,generateTopRulesSection,3,"ConsecutiveAppendsShouldReuse",Performance,
PmdXmlToMarkdownCommand,"StringBuffer (or StringBuilder).append is called 3 consecutive times with literals. Use a single append with a single combined String.","streamconverter-core/src/main/java/com/streamConverter/command/impl/analysis/PmdXmlToMarkdownCommand.java",146,generateTopRulesSection,3,"ConsecutiveLiteralAppends",Performance,
PmdXmlToMarkdownCommand,"StringBuffer (or StringBuilder).append is called consecutively without reusing the target variable.","streamconverter-core/src/main/java/com/streamConverter/command/impl/analysis/PmdXmlToMarkdownCommand.java",147,generateTopRulesSection,3,"ConsecutiveAppendsShouldReuse",Performance,
PmdXmlToMarkdownCommand,"Local variable 'rank' could be declared final","streamconverter-core/src/main/java/com/streamConverter/command/impl/analysis/PmdXmlToMarkdownCommand.java",150,generateTopRulesSection,3,"LocalVariableCouldBeFinal","Code Style",rank
PmdXmlToMarkdownCommand,"Local variable 'category' could be declared final","streamconverter-core/src/main/java/com/streamConverter/command/impl/analysis/PmdXmlToMarkdownCommand.java",156,generateTopRulesSection,3,"LocalVariableCouldBeFinal","Code Style",category
PmdXmlToMarkdownCommand,"Avoid variables with short names like md","streamconverter-core/src/main/java/com/streamConverter/command/impl/analysis/PmdXmlToMarkdownCommand.java",169,"generateFileStatisticsSection",3,ShortVariable,"Code Style",md
PmdXmlToMarkdownCommand,"Parameter 'md' is not assigned and could be declared final","streamconverter-core/src/main/java/com/streamConverter/command/impl/analysis/PmdXmlToMarkdownCommand.java",169,"generateFileStatisticsSection",3,"MethodArgumentCouldBeFinal","Code Style",md
PmdXmlToMarkdownCommand,"Parameter 'violations' is not assigned and could be declared final","streamconverter-core/src/main/java/com/streamConverter/command/impl/analysis/PmdXmlToMarkdownCommand.java",169,"generateFileStatisticsSection",3,"MethodArgumentCouldBeFinal","Code Style",violations
PmdXmlToMarkdownCommand,"Local variable 'fileStats' could be declared final","streamconverter-core/src/main/java/com/streamConverter/command/impl/analysis/PmdXmlToMarkdownCommand.java",170,"generateFileStatisticsSection",3,"LocalVariableCouldBeFinal","Code Style",fileStats
PmdXmlToMarkdownCommand,"StringBuffer (or StringBuilder).append is called consecutively without reusing the target variable.","streamconverter-core/src/main/java/com/streamConverter/command/impl/analysis/PmdXmlToMarkdownCommand.java",174,"generateFileStatisticsSection",3,"ConsecutiveAppendsShouldReuse",Performance,
PmdXmlToMarkdownCommand,"StringBuffer (or StringBuilder).append is called 3 consecutive times with literals. Use a single append with a single combined String.","streamconverter-core/src/main/java/com/streamConverter/command/impl/analysis/PmdXmlToMarkdownCommand.java",174,"generateFileStatisticsSection",3,"ConsecutiveLiteralAppends",Performance,
PmdXmlToMarkdownCommand,"StringBuffer (or StringBuilder).append is called consecutively without reusing the target variable.","streamconverter-core/src/main/java/com/streamConverter/command/impl/analysis/PmdXmlToMarkdownCommand.java",175,"generateFileStatisticsSection",3,"ConsecutiveAppendsShouldReuse",Performance,
PmdXmlToMarkdownCommand,"Avoid variables with short names like md","streamconverter-core/src/main/java/com/streamConverter/command/impl/analysis/PmdXmlToMarkdownCommand.java",192,"generatePriorityDistributionSection",3,ShortVariable,"Code Style",md
PmdXmlToMarkdownCommand,"Parameter 'md' is not assigned and could be declared final","streamconverter-core/src/main/java/com/streamConverter/command/impl/analysis/PmdXmlToMarkdownCommand.java",192,"generatePriorityDistributionSection",3,"MethodArgumentCouldBeFinal","Code Style",md
PmdXmlToMarkdownCommand,"Parameter 'violations' is not assigned and could be declared final","streamconverter-core/src/main/java/com/streamConverter/command/impl/analysis/PmdXmlToMarkdownCommand.java",192,"generatePriorityDistributionSection",3,"MethodArgumentCouldBeFinal","Code Style",violations
PmdXmlToMarkdownCommand,"Local variable 'priorityStats' could be declared final","streamconverter-core/src/main/java/com/streamConverter/command/impl/analysis/PmdXmlToMarkdownCommand.java",193,"generatePriorityDistributionSection",3,"LocalVariableCouldBeFinal","Code Style",priorityStats
PmdXmlToMarkdownCommand,"StringBuffer (or StringBuilder).append is called consecutively without reusing the target variable.","streamconverter-core/src/main/java/com/streamConverter/command/impl/analysis/PmdXmlToMarkdownCommand.java",197,"generatePriorityDistributionSection",3,"ConsecutiveAppendsShouldReuse",Performance,
PmdXmlToMarkdownCommand,"StringBuffer (or StringBuilder).append is called 3 consecutive times with literals. Use a single append with a single combined String.","streamconverter-core/src/main/java/com/streamConverter/command/impl/analysis/PmdXmlToMarkdownCommand.java",197,"generatePriorityDistributionSection",3,"ConsecutiveLiteralAppends",Performance,
PmdXmlToMarkdownCommand,"StringBuffer (or StringBuilder).append is called consecutively without reusing the target variable.","streamconverter-core/src/main/java/com/streamConverter/command/impl/analysis/PmdXmlToMarkdownCommand.java",198,"generatePriorityDistributionSection",3,"ConsecutiveAppendsShouldReuse",Performance,
PmdXmlToMarkdownCommand,"Local variable 'desc' could be declared final","streamconverter-core/src/main/java/com/streamConverter/command/impl/analysis/PmdXmlToMarkdownCommand.java",205,"generatePriorityDistributionSection",3,"LocalVariableCouldBeFinal","Code Style",desc
CharacterConvertCommand,"Package name contains upper case characters","streamconverter-core/src/main/java/com/streamConverter/command/impl/charaCode/CharacterConvertCommand.java",1,,3,PackageCase,"Code Style",
CharacterConvertCommand,"Field 'from' may be declared final","streamconverter-core/src/main/java/com/streamConverter/command/impl/charaCode/CharacterConvertCommand.java",20,,3,ImmutableField,Design,from
CharacterConvertCommand,"Avoid variables with short names like to","streamconverter-core/src/main/java/com/streamConverter/command/impl/charaCode/CharacterConvertCommand.java",21,,3,ShortVariable,"Code Style",to
CharacterConvertCommand,"Field 'to' may be declared final","streamconverter-core/src/main/java/com/streamConverter/command/impl/charaCode/CharacterConvertCommand.java",21,,3,ImmutableField,Design,to
CharacterConvertCommand,"It is a good practice to call super() in a constructor","streamconverter-core/src/main/java/com/streamConverter/command/impl/charaCode/CharacterConvertCommand.java",30,CharacterConvertCommand,3,CallSuperInConstructor,"Code Style",
CharacterConvertCommand,"Parameter 'from' is not assigned and could be declared final","streamconverter-core/src/main/java/com/streamConverter/command/impl/charaCode/CharacterConvertCommand.java",30,CharacterConvertCommand,3,"MethodArgumentCouldBeFinal","Code Style",from
CharacterConvertCommand,"Avoid variables with short names like to","streamconverter-core/src/main/java/com/streamConverter/command/impl/charaCode/CharacterConvertCommand.java",30,CharacterConvertCommand,3,ShortVariable,"Code Style",to
CharacterConvertCommand,"Parameter 'to' is not assigned and could be declared final","streamconverter-core/src/main/java/com/streamConverter/command/impl/charaCode/CharacterConvertCommand.java",30,CharacterConvertCommand,3,"MethodArgumentCouldBeFinal","Code Style",to
CharacterConvertCommand,"Avoid unnecessary comparisons in boolean expressions","streamconverter-core/src/main/java/com/streamConverter/command/impl/charaCode/CharacterConvertCommand.java",33,CharacterConvertCommand,3,"SimplifyBooleanExpressions",Design,
CharacterConvertCommand,"Avoid unnecessary comparisons in boolean expressions","streamconverter-core/src/main/java/com/streamConverter/command/impl/charaCode/CharacterConvertCommand.java",36,CharacterConvertCommand,3,"SimplifyBooleanExpressions",Design,
CharacterConvertCommand,"Parameter 'inputStream' is not assigned and could be declared final","streamconverter-core/src/main/java/com/streamConverter/command/impl/charaCode/CharacterConvertCommand.java",52,_execute,3,"MethodArgumentCouldBeFinal","Code Style",inputStream
CharacterConvertCommand,"Parameter 'outputStream' is not assigned and could be declared final","streamconverter-core/src/main/java/com/streamConverter/command/impl/charaCode/CharacterConvertCommand.java",52,_execute,3,"MethodArgumentCouldBeFinal","Code Style",outputStream
CharacterConvertCommand,"Local variable 'buffer' could be declared final","streamconverter-core/src/main/java/com/streamConverter/command/impl/charaCode/CharacterConvertCommand.java",62,_execute,3,"LocalVariableCouldBeFinal","Code Style",buffer
CharacterConvertCommand,"Avoid assignments in operands","streamconverter-core/src/main/java/com/streamConverter/command/impl/charaCode/CharacterConvertCommand.java",65,_execute,3,AssignmentInOperand,"Error Prone",
CsvValidateCommand,"Package name contains upper case characters","streamconverter-core/src/main/java/com/streamConverter/command/impl/csv/CsvValidateCommand.java",1,,3,PackageCase,"Code Style",
CsvValidateCommand,"The constant name 'logger' doesn't match '[A-Z][A-Z_0-9]*'","streamconverter-core/src/main/java/com/streamConverter/command/impl/csv/CsvValidateCommand.java",40,,1,FieldNamingConventions,"Code Style",logger
CsvValidateCommand,"Field hasHeader has the same name as a method","streamconverter-core/src/main/java/com/streamConverter/command/impl/csv/CsvValidateCommand.java",43,,3,"AvoidFieldNameMatchingMethodName","Error Prone",hasHeader
CsvValidateCommand,"Consider using varargs for methods or constructors which take an array the last parameter.","streamconverter-core/src/main/java/com/streamConverter/command/impl/csv/CsvValidateCommand.java",52,CsvValidateCommand,4,UseVarargs,"Best Practices",requiredColumns
CsvValidateCommand,"Parameter 'requiredColumns' is not assigned and could be declared final","streamconverter-core/src/main/java/com/streamConverter/command/impl/csv/CsvValidateCommand.java",52,CsvValidateCommand,3,"MethodArgumentCouldBeFinal","Code Style",requiredColumns
CsvValidateCommand,"It is a good practice to call super() in a constructor","streamconverter-core/src/main/java/com/streamConverter/command/impl/csv/CsvValidateCommand.java",64,CsvValidateCommand,3,CallSuperInConstructor,"Code Style",
CsvValidateCommand,"Parameter 'requiredColumns' is not assigned and could be declared final","streamconverter-core/src/main/java/com/streamConverter/command/impl/csv/CsvValidateCommand.java",64,CsvValidateCommand,3,"MethodArgumentCouldBeFinal","Code Style",requiredColumns
CsvValidateCommand,"Parameter 'hasHeader' is not assigned and could be declared final","streamconverter-core/src/main/java/com/streamConverter/command/impl/csv/CsvValidateCommand.java",64,CsvValidateCommand,3,"MethodArgumentCouldBeFinal","Code Style",hasHeader
CsvValidateCommand,"Parameter 'maxErrorsToReport' is not assigned and could be declared final","streamconverter-core/src/main/java/com/streamConverter/command/impl/csv/CsvValidateCommand.java",64,CsvValidateCommand,3,"MethodArgumentCouldBeFinal","Code Style",maxErrorsToReport
CsvValidateCommand,"Local variable 'column' could be declared final","streamconverter-core/src/main/java/com/streamConverter/command/impl/csv/CsvValidateCommand.java",73,CsvValidateCommand,3,"LocalVariableCouldBeFinal","Code Style",column
CsvValidateCommand,"String.trim().length() == 0 / String.trim().isEmpty() is an inefficient way to validate a blank String.","streamconverter-core/src/main/java/com/streamConverter/command/impl/csv/CsvValidateCommand.java",74,CsvValidateCommand,3,"InefficientEmptyStringCheck",Performance,
CsvValidateCommand,"The method 'consume(InputStream)' has a cyclomatic complexity of 13.","streamconverter-core/src/main/java/com/streamConverter/command/impl/csv/CsvValidateCommand.java",94,consume,3,CyclomaticComplexity,Design,
CsvValidateCommand,"Parameter 'inputStream' is not assigned and could be declared final","streamconverter-core/src/main/java/com/streamConverter/command/impl/csv/CsvValidateCommand.java",94,consume,3,"MethodArgumentCouldBeFinal","Code Style",inputStream
CsvValidateCommand,"Logger calls should be surrounded by log level guards.","streamconverter-core/src/main/java/com/streamConverter/command/impl/csv/CsvValidateCommand.java",97,consume,2,GuardLogStatement,"Best Practices",
CsvValidateCommand,"Local variable 'validationErrors' could be declared final","streamconverter-core/src/main/java/com/streamConverter/command/impl/csv/CsvValidateCommand.java",102,consume,3,"LocalVariableCouldBeFinal","Code Style",validationErrors
CsvValidateCommand,"Local variable 'allRows' could be declared final","streamconverter-core/src/main/java/com/streamConverter/command/impl/csv/CsvValidateCommand.java",107,consume,3,"LocalVariableCouldBeFinal","Code Style",allRows
CsvValidateCommand,"Logger calls should be surrounded by log level guards.","streamconverter-core/src/main/java/com/streamConverter/command/impl/csv/CsvValidateCommand.java",113,consume,2,GuardLogStatement,"Best Practices",
CsvValidateCommand,"Logger calls should be surrounded by log level guards.","streamconverter-core/src/main/java/com/streamConverter/command/impl/csv/CsvValidateCommand.java",138,consume,2,GuardLogStatement,"Best Practices",
CsvValidateCommand,"A catch statement that catches an exception only to rethrow it should be avoided.","streamconverter-core/src/main/java/com/streamConverter/command/impl/csv/CsvValidateCommand.java",140,consume,3,AvoidRethrowingException,Design,
CsvValidateCommand,"Avoid catching generic exceptions such as NullPointerException, RuntimeException, Exception in try-catch block","streamconverter-core/src/main/java/com/streamConverter/command/impl/csv/CsvValidateCommand.java",142,consume,3,"AvoidCatchingGenericException",Design,
CsvValidateCommand,"Logger calls should be surrounded by log level guards.","streamconverter-core/src/main/java/com/streamConverter/command/impl/csv/CsvValidateCommand.java",143,consume,2,GuardLogStatement,"Best Practices",
CsvValidateCommand,"The method 'validateHeaders(String[], List<String>)' has a cognitive complexity of 17, current threshold is 15","streamconverter-core/src/main/java/com/streamConverter/command/impl/csv/CsvValidateCommand.java",149,validateHeaders,3,CognitiveComplexity,Design,
CsvValidateCommand,"The method 'validateHeaders(String[], List<String>)' has a cyclomatic complexity of 12.","streamconverter-core/src/main/java/com/streamConverter/command/impl/csv/CsvValidateCommand.java",149,validateHeaders,3,CyclomaticComplexity,Design,
CsvValidateCommand,"Parameter 'headers' is not assigned and could be declared final","streamconverter-core/src/main/java/com/streamConverter/command/impl/csv/CsvValidateCommand.java",149,validateHeaders,3,"MethodArgumentCouldBeFinal","Code Style",headers
CsvValidateCommand,"Parameter 'errors' is not assigned and could be declared final","streamconverter-core/src/main/java/com/streamConverter/command/impl/csv/CsvValidateCommand.java",149,validateHeaders,3,"MethodArgumentCouldBeFinal","Code Style",errors
CsvValidateCommand,"Local variable 'headerSet' could be declared final","streamconverter-core/src/main/java/com/streamConverter/command/impl/csv/CsvValidateCommand.java",156,validateHeaders,3,"LocalVariableCouldBeFinal","Code Style",headerSet
CsvValidateCommand,"Local variable 'duplicates' could be declared final","streamconverter-core/src/main/java/com/streamConverter/command/impl/csv/CsvValidateCommand.java",157,validateHeaders,3,"LocalVariableCouldBeFinal","Code Style",duplicates
CsvValidateCommand,"Local variable 'header' could be declared final","streamconverter-core/src/main/java/com/streamConverter/command/impl/csv/CsvValidateCommand.java",159,validateHeaders,3,"LocalVariableCouldBeFinal","Code Style",header
CsvValidateCommand,"String.trim().length() == 0 / String.trim().isEmpty() is an inefficient way to validate a blank String.","streamconverter-core/src/main/java/com/streamConverter/command/impl/csv/CsvValidateCommand.java",160,validateHeaders,3,"InefficientEmptyStringCheck",Performance,
CsvValidateCommand,"Local variable 'trimmedHeader' could be declared final","streamconverter-core/src/main/java/com/streamConverter/command/impl/csv/CsvValidateCommand.java",165,validateHeaders,3,"LocalVariableCouldBeFinal","Code Style",trimmedHeader
CsvValidateCommand,"Local variable 'headerNames' could be declared final","streamconverter-core/src/main/java/com/streamConverter/command/impl/csv/CsvValidateCommand.java",177,validateHeaders,3,"LocalVariableCouldBeFinal","Code Style",headerNames
CsvValidateCommand,"Local variable 'header' could be declared final","streamconverter-core/src/main/java/com/streamConverter/command/impl/csv/CsvValidateCommand.java",178,validateHeaders,3,"LocalVariableCouldBeFinal","Code Style",header
CsvValidateCommand,"Local variable 'missingColumns' could be declared final","streamconverter-core/src/main/java/com/streamConverter/command/impl/csv/CsvValidateCommand.java",184,validateHeaders,3,"LocalVariableCouldBeFinal","Code Style",missingColumns
CsvValidateCommand,"The method 'validateDataRows(List<String[]>, int, String[], List<String>)' has a cognitive complexity of 17, current threshold is 15","streamconverter-core/src/main/java/com/streamConverter/command/impl/csv/CsvValidateCommand.java",196,validateDataRows,3,CognitiveComplexity,Design,
CsvValidateCommand,"The method 'validateDataRows(List<String[]>, int, String[], List<String>)' has a cyclomatic complexity of 12.","streamconverter-core/src/main/java/com/streamConverter/command/impl/csv/CsvValidateCommand.java",196,validateDataRows,3,CyclomaticComplexity,Design,
CsvValidateCommand,"Parameter 'allRows' is not assigned and could be declared final","streamconverter-core/src/main/java/com/streamConverter/command/impl/csv/CsvValidateCommand.java",197,validateDataRows,3,"MethodArgumentCouldBeFinal","Code Style",allRows
CsvValidateCommand,"Parameter 'startRow' is not assigned and could be declared final","streamconverter-core/src/main/java/com/streamConverter/command/impl/csv/CsvValidateCommand.java",197,validateDataRows,3,"MethodArgumentCouldBeFinal","Code Style",startRow
CsvValidateCommand,"Parameter 'headers' is not assigned and could be declared final","streamconverter-core/src/main/java/com/streamConverter/command/impl/csv/CsvValidateCommand.java",197,validateDataRows,3,"MethodArgumentCouldBeFinal","Code Style",headers
CsvValidateCommand,"Parameter 'errors' is not assigned and could be declared final","streamconverter-core/src/main/java/com/streamConverter/command/impl/csv/CsvValidateCommand.java",197,validateDataRows,3,"MethodArgumentCouldBeFinal","Code Style",errors
CsvValidateCommand,"Avoid excessively long variable names like expectedColumnCount","streamconverter-core/src/main/java/com/streamConverter/command/impl/csv/CsvValidateCommand.java",198,validateDataRows,3,LongVariable,"Code Style",expectedColumnCount
CsvValidateCommand,"Local variable 'expectedColumnCount' could be declared final","streamconverter-core/src/main/java/com/streamConverter/command/impl/csv/CsvValidateCommand.java",198,validateDataRows,3,"LocalVariableCouldBeFinal","Code Style",expectedColumnCount
CsvValidateCommand,"Local variable 'row' could be declared final","streamconverter-core/src/main/java/com/streamConverter/command/impl/csv/CsvValidateCommand.java",203,validateDataRows,3,"LocalVariableCouldBeFinal","Code Style",row
CsvValidateCommand,"Local variable 'rowNumber' could be declared final","streamconverter-core/src/main/java/com/streamConverter/command/impl/csv/CsvValidateCommand.java",204,validateDataRows,3,"LocalVariableCouldBeFinal","Code Style",rowNumber
CsvValidateCommand,"Local variable 'dataRowNumber' could be declared final","streamconverter-core/src/main/java/com/streamConverter/command/impl/csv/CsvValidateCommand.java",214,validateDataRows,3,"LocalVariableCouldBeFinal","Code Style",dataRowNumber
CsvValidateCommand,"Local variable 'cell' could be declared final","streamconverter-core/src/main/java/com/streamConverter/command/impl/csv/CsvValidateCommand.java",226,validateDataRows,3,"LocalVariableCouldBeFinal","Code Style",cell
CsvValidateCommand,"String.trim().length() == 0 / String.trim().isEmpty() is an inefficient way to validate a blank String.","streamconverter-core/src/main/java/com/streamConverter/command/impl/csv/CsvValidateCommand.java",227,validateDataRows,3,"InefficientEmptyStringCheck",Performance,
CsvValidateCommand,"Parameter 'errors' is not assigned and could be declared final","streamconverter-core/src/main/java/com/streamConverter/command/impl/csv/CsvValidateCommand.java",250,addError,3,"MethodArgumentCouldBeFinal","Code Style",errors
CsvValidateCommand,"Parameter 'error' is not assigned and could be declared final","streamconverter-core/src/main/java/com/streamConverter/command/impl/csv/CsvValidateCommand.java",250,addError,3,"MethodArgumentCouldBeFinal","Code Style",error
CsvValidateCommand,"Parameter 'errors' is not assigned and could be declared final","streamconverter-core/src/main/java/com/streamConverter/command/impl/csv/CsvValidateCommand.java",259,handleValidationErrors,3,"MethodArgumentCouldBeFinal","Code Style",errors
CsvValidateCommand,"Local variable 'errorBuilder' could be declared final","streamconverter-core/src/main/java/com/streamConverter/command/impl/csv/CsvValidateCommand.java",260,handleValidationErrors,3,"LocalVariableCouldBeFinal","Code Style",errorBuilder
CsvValidateCommand,"StringBuilder has been initialized with size 16, but has at least 43 characters appended.","streamconverter-core/src/main/java/com/streamConverter/command/impl/csv/CsvValidateCommand.java",260,handleValidationErrors,3,"InsufficientStringBufferDeclaration",Performance,errorBuilder
CsvValidateCommand,"Logger calls should be surrounded by log level guards.","streamconverter-core/src/main/java/com/streamConverter/command/impl/csv/CsvValidateCommand.java",265,handleValidationErrors,2,GuardLogStatement,"Best Practices",
CsvValidateCommand,"Local variable 'errorMessage' could be declared final","streamconverter-core/src/main/java/com/streamConverter/command/impl/csv/CsvValidateCommand.java",268,handleValidationErrors,3,"LocalVariableCouldBeFinal","Code Style",errorMessage
CsvValidateCommand,"Avoid using literals in if statements","streamconverter-core/src/main/java/com/streamConverter/command/impl/csv/CsvValidateCommand.java",273,handleValidationErrors,3,"AvoidLiteralsInIfCondition","Error Prone",
CsvValidateCommand,"Logger calls should be surrounded by log level guards.","streamconverter-core/src/main/java/com/streamConverter/command/impl/csv/CsvValidateCommand.java",275,handleValidationErrors,2,GuardLogStatement,"Best Practices",
"JsonStreamingValidateCommand","Package name contains upper case characters","streamconverter-core/src/main/java/com/streamConverter/command/impl/json/JsonStreamingValidateCommand.java",1,,3,PackageCase,"Code Style",
"JsonStreamingValidateCommand","The constant name 'logger' doesn't match '[A-Z][A-Z_0-9]*'","streamconverter-core/src/main/java/com/streamConverter/command/impl/json/JsonStreamingValidateCommand.java",59,,1,FieldNamingConventions,"Code Style",logger
"JsonStreamingValidateCommand","It is a good practice to call super() in a constructor","streamconverter-core/src/main/java/com/streamConverter/command/impl/json/JsonStreamingValidateCommand.java",74,"JsonStreamingValidateCommand",3,CallSuperInConstructor,"Code Style",
"JsonStreamingValidateCommand","Parameter 'schemaPath' is not assigned and could be declared final","streamconverter-core/src/main/java/com/streamConverter/command/impl/json/JsonStreamingValidateCommand.java",74,"JsonStreamingValidateCommand",3,"MethodArgumentCouldBeFinal","Code Style",schemaPath
"JsonStreamingValidateCommand","Parameter 'path' is not assigned and could be declared final","streamconverter-core/src/main/java/com/streamConverter/command/impl/json/JsonStreamingValidateCommand.java",85,validateSchemaPath,3,"MethodArgumentCouldBeFinal","Code Style",path
"JsonStreamingValidateCommand","Local variable 'trimmedPath' could be declared final","streamconverter-core/src/main/java/com/streamConverter/command/impl/json/JsonStreamingValidateCommand.java",89,validateSchemaPath,3,"LocalVariableCouldBeFinal","Code Style",trimmedPath
"JsonStreamingValidateCommand","Parameter 'inputStream' is not assigned and could be declared final","streamconverter-core/src/main/java/com/streamConverter/command/impl/json/JsonStreamingValidateCommand.java",104,consume,3,"MethodArgumentCouldBeFinal","Code Style",inputStream
"JsonStreamingValidateCommand","Local variable 'inputBuffer' could be declared final","streamconverter-core/src/main/java/com/streamConverter/command/impl/json/JsonStreamingValidateCommand.java",111,consume,3,"LocalVariableCouldBeFinal","Code Style",inputBuffer
"JsonStreamingValidateCommand","Avoid excessively long variable names like streamingInputStream","streamconverter-core/src/main/java/com/streamConverter/command/impl/json/JsonStreamingValidateCommand.java",119,consume,3,LongVariable,"Code Style",streamingInputStream
"JsonStreamingValidateCommand","Local variable 'streamingResult' could be declared final","streamconverter-core/src/main/java/com/streamConverter/command/impl/json/JsonStreamingValidateCommand.java",121,consume,3,"LocalVariableCouldBeFinal","Code Style",streamingResult
"JsonStreamingValidateCommand","Logger calls should be surrounded by log level guards.","streamconverter-core/src/main/java/com/streamConverter/command/impl/json/JsonStreamingValidateCommand.java",130,consume,2,GuardLogStatement,"Best Practices",
"JsonStreamingValidateCommand","A catch statement that catches an exception only to rethrow it should be avoided.","streamconverter-core/src/main/java/com/streamConverter/command/impl/json/JsonStreamingValidateCommand.java",142,consume,3,AvoidRethrowingException,Design,
"JsonStreamingValidateCommand","Avoid catching generic exceptions such as NullPointerException, RuntimeException, Exception in try-catch block","streamconverter-core/src/main/java/com/streamConverter/command/impl/json/JsonStreamingValidateCommand.java",144,consume,3,"AvoidCatchingGenericException",Design,
"JsonStreamingValidateCommand","Logger calls should be surrounded by log level guards.","streamconverter-core/src/main/java/com/streamConverter/command/impl/json/JsonStreamingValidateCommand.java",145,consume,2,GuardLogStatement,"Best Practices",
"JsonStreamingValidateCommand","Parameter 'inputStream' is not assigned and could be declared final","streamconverter-core/src/main/java/com/streamConverter/command/impl/json/JsonStreamingValidateCommand.java",155,"performStreamingValidation",3,"MethodArgumentCouldBeFinal","Code Style",inputStream
"JsonStreamingValidateCommand","Local variable 'isValid' could be declared final","streamconverter-core/src/main/java/com/streamConverter/command/impl/json/JsonStreamingValidateCommand.java",156,"performStreamingValidation",3,"LocalVariableCouldBeFinal","Code Style",isValid
"JsonStreamingValidateCommand","Local variable 'elementCount' could be declared final","streamconverter-core/src/main/java/com/streamConverter/command/impl/json/JsonStreamingValidateCommand.java",157,"performStreamingValidation",3,"LocalVariableCouldBeFinal","Code Style",elementCount
"JsonStreamingValidateCommand","Local variable 'errorMessages' could be declared final","streamconverter-core/src/main/java/com/streamConverter/command/impl/json/JsonStreamingValidateCommand.java",158,"performStreamingValidation",3,"LocalVariableCouldBeFinal","Code Style",errorMessages
"JsonStreamingValidateCommand","StringBuilder has been initialized with size 16, but has at least 113 characters appended.","streamconverter-core/src/main/java/com/streamConverter/command/impl/json/JsonStreamingValidateCommand.java",158,"performStreamingValidation",3,"InsufficientStringBufferDeclaration",Performance,errorMessages
"JsonStreamingValidateCommand","Local variable 'hasRootStructure' could be declared final","streamconverter-core/src/main/java/com/streamConverter/command/impl/json/JsonStreamingValidateCommand.java",162,"performStreamingValidation",3,"LocalVariableCouldBeFinal","Code Style",hasRootStructure
"JsonStreamingValidateCommand","Local variable 'count' could be declared final","streamconverter-core/src/main/java/com/streamConverter/command/impl/json/JsonStreamingValidateCommand.java",177,"performStreamingValidation",3,"LocalVariableCouldBeFinal","Code Style",count
"JsonStreamingValidateCommand","Logger calls should be surrounded by log level guards.","streamconverter-core/src/main/java/com/streamConverter/command/impl/json/JsonStreamingValidateCommand.java",209,"performStreamingValidation",2,GuardLogStatement,"Best Practices",
"JsonStreamingValidateCommand","Avoid catching generic exceptions such as NullPointerException, RuntimeException, Exception in try-catch block","streamconverter-core/src/main/java/com/streamConverter/command/impl/json/JsonStreamingValidateCommand.java",211,"performStreamingValidation",3,"AvoidCatchingGenericException",Design,
"JsonStreamingValidateCommand","The method 'loadSchema()' has a cyclomatic complexity of 15.","streamconverter-core/src/main/java/com/streamConverter/command/impl/json/JsonStreamingValidateCommand.java",222,loadSchema,3,CyclomaticComplexity,Design,
"JsonStreamingValidateCommand","A method or constructor should not explicitly declare unchecked exceptions in its 'throws' clause","streamconverter-core/src/main/java/com/streamConverter/command/impl/json/JsonStreamingValidateCommand.java",222,loadSchema,3,"AvoidUncheckedExceptionsInSignatures",Design,
"JsonStreamingValidateCommand","A method should have only one exit point, and that should be the last statement in the method","streamconverter-core/src/main/java/com/streamConverter/command/impl/json/JsonStreamingValidateCommand.java",224,loadSchema,3,OnlyOneReturn,"Code Style",
"JsonStreamingValidateCommand","A method should have only one exit point, and that should be the last statement in the method","streamconverter-core/src/main/java/com/streamConverter/command/impl/json/JsonStreamingValidateCommand.java",229,loadSchema,3,OnlyOneReturn,"Code Style",
"JsonStreamingValidateCommand","Local variable 'schemaFile' could be declared final","streamconverter-core/src/main/java/com/streamConverter/command/impl/json/JsonStreamingValidateCommand.java",232,loadSchema,3,"LocalVariableCouldBeFinal","Code Style",schemaFile
"JsonStreamingValidateCommand","Local variable 'schemaNode' could be declared final","streamconverter-core/src/main/java/com/streamConverter/command/impl/json/JsonStreamingValidateCommand.java",243,loadSchema,3,"LocalVariableCouldBeFinal","Code Style",schemaNode
"JsonStreamingValidateCommand","Avoid catching generic exceptions such as NullPointerException, RuntimeException, Exception in try-catch block","streamconverter-core/src/main/java/com/streamConverter/command/impl/json/JsonStreamingValidateCommand.java",246,loadSchema,3,"AvoidCatchingGenericException",Design,
"JsonStreamingValidateCommand","A catch statement that catches an exception only to rethrow it should be avoided.","streamconverter-core/src/main/java/com/streamConverter/command/impl/json/JsonStreamingValidateCommand.java",259,loadSchema,3,AvoidRethrowingException,Design,
"JsonStreamingValidateCommand","Avoid catching generic exceptions such as NullPointerException, RuntimeException, Exception in try-catch block","streamconverter-core/src/main/java/com/streamConverter/command/impl/json/JsonStreamingValidateCommand.java",261,loadSchema,3,"AvoidCatchingGenericException",Design,
"JsonStreamingValidateCommand","The method 'performSchemaValidation(InputStream)' has a cyclomatic complexity of 10.","streamconverter-core/src/main/java/com/streamConverter/command/impl/json/JsonStreamingValidateCommand.java",268,performSchemaValidation,3,CyclomaticComplexity,Design,
"JsonStreamingValidateCommand","Parameter 'inputStream' is not assigned and could be declared final","streamconverter-core/src/main/java/com/streamConverter/command/impl/json/JsonStreamingValidateCommand.java",268,performSchemaValidation,3,"MethodArgumentCouldBeFinal","Code Style",inputStream
"JsonStreamingValidateCommand","A method or constructor should not explicitly declare unchecked exceptions in its 'throws' clause","streamconverter-core/src/main/java/com/streamConverter/command/impl/json/JsonStreamingValidateCommand.java",268,performSchemaValidation,3,"AvoidUncheckedExceptionsInSignatures",Design,
"JsonStreamingValidateCommand","Local variable 'schema' could be declared final","streamconverter-core/src/main/java/com/streamConverter/command/impl/json/JsonStreamingValidateCommand.java",270,performSchemaValidation,3,"LocalVariableCouldBeFinal","Code Style",schema
"JsonStreamingValidateCommand","Local variable 'jsonNode' could be declared final","streamconverter-core/src/main/java/com/streamConverter/command/impl/json/JsonStreamingValidateCommand.java",271,performSchemaValidation,3,"LocalVariableCouldBeFinal","Code Style",jsonNode
"JsonStreamingValidateCommand","Avoid excessively long variable names like validationMessages","streamconverter-core/src/main/java/com/streamConverter/command/impl/json/JsonStreamingValidateCommand.java",277,performSchemaValidation,3,LongVariable,"Code Style",validationMessages
"JsonStreamingValidateCommand","Local variable 'validationMessages' could be declared final","streamconverter-core/src/main/java/com/streamConverter/command/impl/json/JsonStreamingValidateCommand.java",277,performSchemaValidation,3,"LocalVariableCouldBeFinal","Code Style",validationMessages
"JsonStreamingValidateCommand","Local variable 'errorBuilder' could be declared final","streamconverter-core/src/main/java/com/streamConverter/command/impl/json/JsonStreamingValidateCommand.java",280,performSchemaValidation,3,"LocalVariableCouldBeFinal","Code Style",errorBuilder
"JsonStreamingValidateCommand","StringBuilder has been initialized with size 16, but has at least 68 characters appended.","streamconverter-core/src/main/java/com/streamConverter/command/impl/json/JsonStreamingValidateCommand.java",280,performSchemaValidation,3,"InsufficientStringBufferDeclaration",Performance,errorBuilder
"JsonStreamingValidateCommand","Local variable 'message' could be declared final","streamconverter-core/src/main/java/com/streamConverter/command/impl/json/JsonStreamingValidateCommand.java",287,performSchemaValidation,3,"LocalVariableCouldBeFinal","Code Style",message
"JsonStreamingValidateCommand","StringBuffer (or StringBuilder).append is called consecutively without reusing the target variable.","streamconverter-core/src/main/java/com/streamConverter/command/impl/json/JsonStreamingValidateCommand.java",288,performSchemaValidation,3,"ConsecutiveAppendsShouldReuse",Performance,
"JsonStreamingValidateCommand","StringBuffer (or StringBuilder).append is called 2 consecutive times with literals. Use a single append with a single combined String.","streamconverter-core/src/main/java/com/streamConverter/command/impl/json/JsonStreamingValidateCommand.java",288,performSchemaValidation,3,"ConsecutiveLiteralAppends",Performance,
"JsonStreamingValidateCommand","StringBuffer (or StringBuilder).append is called consecutively without reusing the target variable.","streamconverter-core/src/main/java/com/streamConverter/command/impl/json/JsonStreamingValidateCommand.java",289,performSchemaValidation,3,"ConsecutiveAppendsShouldReuse",Performance,
"JsonStreamingValidateCommand","A catch statement that catches an exception only to rethrow it should be avoided.","streamconverter-core/src/main/java/com/streamConverter/command/impl/json/JsonStreamingValidateCommand.java",298,performSchemaValidation,3,AvoidRethrowingException,Design,
"JsonStreamingValidateCommand","Avoid catching generic exceptions such as NullPointerException, RuntimeException, Exception in try-catch block","streamconverter-core/src/main/java/com/streamConverter/command/impl/json/JsonStreamingValidateCommand.java",300,performSchemaValidation,3,"AvoidCatchingGenericException",Design,
"StreamingValidationResult","Parameter 'valid' is not assigned and could be declared final","streamconverter-core/src/main/java/com/streamConverter/command/impl/json/JsonStreamingValidateCommand.java",320,"StreamingValidationResult",3,"MethodArgumentCouldBeFinal","Code Style",valid
"StreamingValidationResult","Parameter 'errorMessage' is not assigned and could be declared final","streamconverter-core/src/main/java/com/streamConverter/command/impl/json/JsonStreamingValidateCommand.java",320,"StreamingValidationResult",3,"MethodArgumentCouldBeFinal","Code Style",errorMessage
"StreamingValidationResult","Parameter 'elementCount' is not assigned and could be declared final","streamconverter-core/src/main/java/com/streamConverter/command/impl/json/JsonStreamingValidateCommand.java",320,"StreamingValidationResult",3,"MethodArgumentCouldBeFinal","Code Style",elementCount
JsonValidateCommand,"Package name contains upper case characters","streamconverter-core/src/main/java/com/streamConverter/command/impl/json/JsonValidateCommand.java",1,,3,PackageCase,"Code Style",
JsonValidateCommand,"The constant name 'logger' doesn't match '[A-Z][A-Z_0-9]*'","streamconverter-core/src/main/java/com/streamConverter/command/impl/json/JsonValidateCommand.java",41,,1,FieldNamingConventions,"Code Style",logger
JsonValidateCommand,"It is a good practice to call super() in a constructor","streamconverter-core/src/main/java/com/streamConverter/command/impl/json/JsonValidateCommand.java",54,JsonValidateCommand,3,CallSuperInConstructor,"Code Style",
JsonValidateCommand,"Parameter 'schemaPath' is not assigned and could be declared final","streamconverter-core/src/main/java/com/streamConverter/command/impl/json/JsonValidateCommand.java",54,JsonValidateCommand,3,"MethodArgumentCouldBeFinal","Code Style",schemaPath
JsonValidateCommand,"A catch statement that catches an exception only to rethrow it should be avoided.","streamconverter-core/src/main/java/com/streamConverter/command/impl/json/JsonValidateCommand.java",62,JsonValidateCommand,3,AvoidRethrowingException,Design,
JsonValidateCommand,"Parameter 'path' is not assigned and could be declared final","streamconverter-core/src/main/java/com/streamConverter/command/impl/json/JsonValidateCommand.java",68,validateSchemaPath,3,"MethodArgumentCouldBeFinal","Code Style",path
JsonValidateCommand,"Local variable 'trimmedPath' could be declared final","streamconverter-core/src/main/java/com/streamConverter/command/impl/json/JsonValidateCommand.java",72,validateSchemaPath,3,"LocalVariableCouldBeFinal","Code Style",trimmedPath
JsonValidateCommand,"The method 'consume(InputStream)' has a cyclomatic complexity of 12.","streamconverter-core/src/main/java/com/streamConverter/command/impl/json/JsonValidateCommand.java",87,consume,3,CyclomaticComplexity,Design,
JsonValidateCommand,"Parameter 'inputStream' is not assigned and could be declared final","streamconverter-core/src/main/java/com/streamConverter/command/impl/json/JsonValidateCommand.java",87,consume,3,"MethodArgumentCouldBeFinal","Code Style",inputStream
JsonValidateCommand,"Local variable 'schema' could be declared final","streamconverter-core/src/main/java/com/streamConverter/command/impl/json/JsonValidateCommand.java",94,consume,3,"LocalVariableCouldBeFinal","Code Style",schema
JsonValidateCommand,"Local variable 'jsonNode' could be declared final","streamconverter-core/src/main/java/com/streamConverter/command/impl/json/JsonValidateCommand.java",99,consume,3,"LocalVariableCouldBeFinal","Code Style",jsonNode
JsonValidateCommand,"A catch statement that catches an exception only to rethrow it should be avoided.","streamconverter-core/src/main/java/com/streamConverter/command/impl/json/JsonValidateCommand.java",111,consume,3,AvoidRethrowingException,Design,
JsonValidateCommand,"Avoid catching generic exceptions such as NullPointerException, RuntimeException, Exception in try-catch block","streamconverter-core/src/main/java/com/streamConverter/command/impl/json/JsonValidateCommand.java",113,consume,3,"AvoidCatchingGenericException",Design,
JsonValidateCommand,"Avoid excessively long variable names like validationMessages","streamconverter-core/src/main/java/com/streamConverter/command/impl/json/JsonValidateCommand.java",118,consume,3,LongVariable,"Code Style",validationMessages
JsonValidateCommand,"Local variable 'validationMessages' could be declared final","streamconverter-core/src/main/java/com/streamConverter/command/impl/json/JsonValidateCommand.java",118,consume,3,"LocalVariableCouldBeFinal","Code Style",validationMessages
JsonValidateCommand,"A catch statement that catches an exception only to rethrow it should be avoided.","streamconverter-core/src/main/java/com/streamConverter/command/impl/json/JsonValidateCommand.java",126,consume,3,AvoidRethrowingException,Design,
JsonValidateCommand,"Avoid catching generic exceptions such as NullPointerException, RuntimeException, Exception in try-catch block","streamconverter-core/src/main/java/com/streamConverter/command/impl/json/JsonValidateCommand.java",129,consume,3,"AvoidCatchingGenericException",Design,
JsonValidateCommand,"Logger calls should be surrounded by log level guards.","streamconverter-core/src/main/java/com/streamConverter/command/impl/json/JsonValidateCommand.java",130,consume,2,GuardLogStatement,"Best Practices",
JsonValidateCommand,"The method 'loadSchema()' has a cyclomatic complexity of 13.","streamconverter-core/src/main/java/com/streamConverter/command/impl/json/JsonValidateCommand.java",139,loadSchema,3,CyclomaticComplexity,Design,
JsonValidateCommand,"A method or constructor should not explicitly declare unchecked exceptions in its 'throws' clause","streamconverter-core/src/main/java/com/streamConverter/command/impl/json/JsonValidateCommand.java",139,loadSchema,3,"AvoidUncheckedExceptionsInSignatures",Design,
JsonValidateCommand,"Local variable 'schemaFile' could be declared final","streamconverter-core/src/main/java/com/streamConverter/command/impl/json/JsonValidateCommand.java",141,loadSchema,3,"LocalVariableCouldBeFinal","Code Style",schemaFile
JsonValidateCommand,"Local variable 'schemaNode' could be declared final","streamconverter-core/src/main/java/com/streamConverter/command/impl/json/JsonValidateCommand.java",152,loadSchema,3,"LocalVariableCouldBeFinal","Code Style",schemaNode
JsonValidateCommand,"Avoid catching generic exceptions such as NullPointerException, RuntimeException, Exception in try-catch block","streamconverter-core/src/main/java/com/streamConverter/command/impl/json/JsonValidateCommand.java",155,loadSchema,3,"AvoidCatchingGenericException",Design,
JsonValidateCommand,"A catch statement that catches an exception only to rethrow it should be avoided.","streamconverter-core/src/main/java/com/streamConverter/command/impl/json/JsonValidateCommand.java",167,loadSchema,3,AvoidRethrowingException,Design,
JsonValidateCommand,"Avoid catching generic exceptions such as NullPointerException, RuntimeException, Exception in try-catch block","streamconverter-core/src/main/java/com/streamConverter/command/impl/json/JsonValidateCommand.java",169,loadSchema,3,"AvoidCatchingGenericException",Design,
JsonValidateCommand,"Avoid excessively long variable names like validationMessages","streamconverter-core/src/main/java/com/streamConverter/command/impl/json/JsonValidateCommand.java",175,handleValidationErrors,3,LongVariable,"Code Style",validationMessages
JsonValidateCommand,"Parameter 'validationMessages' is not assigned and could be declared final","streamconverter-core/src/main/java/com/streamConverter/command/impl/json/JsonValidateCommand.java",175,handleValidationErrors,3,"MethodArgumentCouldBeFinal","Code Style",validationMessages
JsonValidateCommand,"Local variable 'errorBuilder' could be declared final","streamconverter-core/src/main/java/com/streamConverter/command/impl/json/JsonValidateCommand.java",176,handleValidationErrors,3,"LocalVariableCouldBeFinal","Code Style",errorBuilder
JsonValidateCommand,"StringBuilder has been initialized with size 16, but has at least 61 characters appended.","streamconverter-core/src/main/java/com/streamConverter/command/impl/json/JsonValidateCommand.java",176,handleValidationErrors,3,"InsufficientStringBufferDeclaration",Performance,errorBuilder
JsonValidateCommand,"Local variable 'message' could be declared final","streamconverter-core/src/main/java/com/streamConverter/command/impl/json/JsonValidateCommand.java",183,handleValidationErrors,3,"LocalVariableCouldBeFinal","Code Style",message
JsonValidateCommand,"StringBuffer (or StringBuilder).append is called consecutively without reusing the target variable.","streamconverter-core/src/main/java/com/streamConverter/command/impl/json/JsonValidateCommand.java",184,handleValidationErrors,3,"ConsecutiveAppendsShouldReuse",Performance,
JsonValidateCommand,"StringBuffer (or StringBuilder).append is called 2 consecutive times with literals. Use a single append with a single combined String.","streamconverter-core/src/main/java/com/streamConverter/command/impl/json/JsonValidateCommand.java",184,handleValidationErrors,3,"ConsecutiveLiteralAppends",Performance,
JsonValidateCommand,"StringBuffer (or StringBuilder).append is called consecutively without reusing the target variable.","streamconverter-core/src/main/java/com/streamConverter/command/impl/json/JsonValidateCommand.java",185,handleValidationErrors,3,"ConsecutiveAppendsShouldReuse",Performance,
JsonValidateCommand,"Logger calls should be surrounded by log level guards.","streamconverter-core/src/main/java/com/streamConverter/command/impl/json/JsonValidateCommand.java",189,handleValidationErrors,2,GuardLogStatement,"Best Practices",
JsonValidateCommand,"Local variable 'errorMessage' could be declared final","streamconverter-core/src/main/java/com/streamConverter/command/impl/json/JsonValidateCommand.java",195,handleValidationErrors,3,"LocalVariableCouldBeFinal","Code Style",errorMessage
ConvertCommand,"Package name contains upper case characters","streamconverter-core/src/main/java/com/streamConverter/command/impl/xml/ConvertCommand.java",1,,3,PackageCase,"Code Style",
ConvertCommand,"The constant name 'logger' doesn't match '[A-Z][A-Z_0-9]*'","streamconverter-core/src/main/java/com/streamConverter/command/impl/xml/ConvertCommand.java",32,,1,FieldNamingConventions,"Code Style",logger
ConvertCommand,"Field 'rule' may be declared final","streamconverter-core/src/main/java/com/streamConverter/command/impl/xml/ConvertCommand.java",33,,3,ImmutableField,Design,rule
ConvertCommand,"Field 'pathHandler' may be declared final","streamconverter-core/src/main/java/com/streamConverter/command/impl/xml/ConvertCommand.java",34,,3,ImmutableField,Design,pathHandler
ConvertCommand,"Parameter 'rule' is not assigned and could be declared final","streamconverter-core/src/main/java/com/streamConverter/command/impl/xml/ConvertCommand.java",42,ConvertCommand,3,"MethodArgumentCouldBeFinal","Code Style",rule
ConvertCommand,"Parameter 'path' is not assigned and could be declared final","streamconverter-core/src/main/java/com/streamConverter/command/impl/xml/ConvertCommand.java",42,ConvertCommand,3,"MethodArgumentCouldBeFinal","Code Style",path
ConvertCommand,"The method '_execute(InputStream, OutputStream)' has a cyclomatic complexity of 12.","streamconverter-core/src/main/java/com/streamConverter/command/impl/xml/ConvertCommand.java",60,_execute,3,CyclomaticComplexity,Design,
ConvertCommand,"Parameter 'inputStream' is not assigned and could be declared final","streamconverter-core/src/main/java/com/streamConverter/command/impl/xml/ConvertCommand.java",60,_execute,3,"MethodArgumentCouldBeFinal","Code Style",inputStream
ConvertCommand,"Parameter 'outputStream' is not assigned and could be declared final","streamconverter-core/src/main/java/com/streamConverter/command/impl/xml/ConvertCommand.java",60,_execute,3,"MethodArgumentCouldBeFinal","Code Style",outputStream
ConvertCommand,"Local variable 'xmlInputFactory' could be declared final","streamconverter-core/src/main/java/com/streamConverter/command/impl/xml/ConvertCommand.java",64,_execute,3,"LocalVariableCouldBeFinal","Code Style",xmlInputFactory
ConvertCommand,"Local variable 'xmlOutputFactory' could be declared final","streamconverter-core/src/main/java/com/streamConverter/command/impl/xml/ConvertCommand.java",65,_execute,3,"LocalVariableCouldBeFinal","Code Style",xmlOutputFactory
ConvertCommand,"Local variable 'xmlEventReader' could be declared final","streamconverter-core/src/main/java/com/streamConverter/command/impl/xml/ConvertCommand.java",68,_execute,3,"LocalVariableCouldBeFinal","Code Style",xmlEventReader
ConvertCommand,"Local variable 'xmlEventWriter' could be declared final","streamconverter-core/src/main/java/com/streamConverter/command/impl/xml/ConvertCommand.java",69,_execute,3,"LocalVariableCouldBeFinal","Code Style",xmlEventWriter
ConvertCommand,"Local variable 'currentDirectory' could be declared final","streamconverter-core/src/main/java/com/streamConverter/command/impl/xml/ConvertCommand.java",72,_execute,3,"LocalVariableCouldBeFinal","Code Style",currentDirectory
ConvertCommand,"Local variable 'eventType' could be declared final","streamconverter-core/src/main/java/com/streamConverter/command/impl/xml/ConvertCommand.java",75,_execute,3,"LocalVariableCouldBeFinal","Code Style",eventType
ConvertCommand,"Call to `getName` on foreign value `event.asStartElement()` (degree 1)","streamconverter-core/src/main/java/com/streamConverter/command/impl/xml/ConvertCommand.java",80,_execute,3,LawOfDemeter,Design,
ConvertCommand,"Local variable 'transformedData' could be declared final","streamconverter-core/src/main/java/com/streamConverter/command/impl/xml/ConvertCommand.java",89,_execute,3,"LocalVariableCouldBeFinal","Code Style",transformedData
ConvertCommand,"Logger calls should be surrounded by log level guards.","streamconverter-core/src/main/java/com/streamConverter/command/impl/xml/ConvertCommand.java",107,_execute,2,GuardLogStatement,"Best Practices",
ConvertCommand,"Logger calls should be surrounded by log level guards.","streamconverter-core/src/main/java/com/streamConverter/command/impl/xml/ConvertCommand.java",114,_execute,2,GuardLogStatement,"Best Practices",
ConvertCommand,"Logger calls should be surrounded by log level guards.","streamconverter-core/src/main/java/com/streamConverter/command/impl/xml/ConvertCommand.java",118,_execute,2,GuardLogStatement,"Best Practices",
ValidateCommand,"Package name contains upper case characters","streamconverter-core/src/main/java/com/streamConverter/command/impl/xml/ValidateCommand.java",1,,3,PackageCase,"Code Style",
ValidateCommand,"Class contains more than one logger.","streamconverter-core/src/main/java/com/streamConverter/command/impl/xml/ValidateCommand.java",31,,2,MoreThanOneLogger,"Error Prone",
ValidateCommand,"The constant name 'logger' doesn't match '[A-Z][A-Z_0-9]*'","streamconverter-core/src/main/java/com/streamConverter/command/impl/xml/ValidateCommand.java",32,,1,FieldNamingConventions,"Code Style",logger
ValidateCommand,"The constant name 'securityLogger' doesn't match '[A-Z][A-Z_0-9]*'","streamconverter-core/src/main/java/com/streamConverter/command/impl/xml/ValidateCommand.java",33,,1,FieldNamingConventions,"Code Style",securityLogger
ValidateCommand,"The constant name 'securityConfig' doesn't match '[A-Z][A-Z_0-9]*'","streamconverter-core/src/main/java/com/streamConverter/command/impl/xml/ValidateCommand.java",36,,1,FieldNamingConventions,"Code Style",securityConfig
ValidateCommand,"It is a good practice to call super() in a constructor","streamconverter-core/src/main/java/com/streamConverter/command/impl/xml/ValidateCommand.java",54,ValidateCommand,3,CallSuperInConstructor,"Code Style",
ValidateCommand,"Parameter 'schemaPath' is not assigned and could be declared final","streamconverter-core/src/main/java/com/streamConverter/command/impl/xml/ValidateCommand.java",54,ValidateCommand,3,"MethodArgumentCouldBeFinal","Code Style",schemaPath
ValidateCommand,"String.trim().length() == 0 / String.trim().isEmpty() is an inefficient way to validate a blank String.","streamconverter-core/src/main/java/com/streamConverter/command/impl/xml/ValidateCommand.java",56,ValidateCommand,3,"InefficientEmptyStringCheck",Performance,
ValidateCommand,"The method 'validateAndNormalizeSchemaPath(String)' has a cyclomatic complexity of 16.","streamconverter-core/src/main/java/com/streamConverter/command/impl/xml/ValidateCommand.java",71,"validateAndNormalizeSchemaPath",3,CyclomaticComplexity,Design,
ValidateCommand,"Parameter 'inputPath' is not assigned and could be declared final","streamconverter-core/src/main/java/com/streamConverter/command/impl/xml/ValidateCommand.java",71,"validateAndNormalizeSchemaPath",3,"MethodArgumentCouldBeFinal","Code Style",inputPath
ValidateCommand,"Local variable 'trimmedPath' could be declared final","streamconverter-core/src/main/java/com/streamConverter/command/impl/xml/ValidateCommand.java",72,"validateAndNormalizeSchemaPath",3,"LocalVariableCouldBeFinal","Code Style",trimmedPath
ValidateCommand,"A method should have only one exit point, and that should be the last statement in the method","streamconverter-core/src/main/java/com/streamConverter/command/impl/xml/ValidateCommand.java",77,"validateAndNormalizeSchemaPath",3,OnlyOneReturn,"Code Style",
ValidateCommand,"Local variable 'normalizedPath' could be declared final","streamconverter-core/src/main/java/com/streamConverter/command/impl/xml/ValidateCommand.java",83,"validateAndNormalizeSchemaPath",3,"LocalVariableCouldBeFinal","Code Style",normalizedPath
ValidateCommand,"A method should have only one exit point, and that should be the last statement in the method","streamconverter-core/src/main/java/com/streamConverter/command/impl/xml/ValidateCommand.java",89,"validateAndNormalizeSchemaPath",3,OnlyOneReturn,"Code Style",
ValidateCommand,"This if statement could be combined with its parent","streamconverter-core/src/main/java/com/streamConverter/command/impl/xml/ValidateCommand.java",98,"validateAndNormalizeSchemaPath",3,CollapsibleIfStatements,Design,
ValidateCommand,"Local variable 'resolvedPath' could be declared final","streamconverter-core/src/main/java/com/streamConverter/command/impl/xml/ValidateCommand.java",108,"validateAndNormalizeSchemaPath",3,"LocalVariableCouldBeFinal","Code Style",resolvedPath
ValidateCommand,"A method should have only one exit point, and that should be the last statement in the method","streamconverter-core/src/main/java/com/streamConverter/command/impl/xml/ValidateCommand.java",117,"validateAndNormalizeSchemaPath",3,OnlyOneReturn,"Code Style",
ValidateCommand,"Parameter 'validatedPath' is not assigned and could be declared final","streamconverter-core/src/main/java/com/streamConverter/command/impl/xml/ValidateCommand.java",130,loadSchemaSecurely,3,"MethodArgumentCouldBeFinal","Code Style",validatedPath
ValidateCommand,"Local variable 'factory' could be declared final","streamconverter-core/src/main/java/com/streamConverter/command/impl/xml/ValidateCommand.java",133,loadSchemaSecurely,3,"LocalVariableCouldBeFinal","Code Style",factory
ValidateCommand,"Local variable 'schemaFile' could be declared final","streamconverter-core/src/main/java/com/streamConverter/command/impl/xml/ValidateCommand.java",136,loadSchemaSecurely,3,"LocalVariableCouldBeFinal","Code Style",schemaFile
ValidateCommand,"Local variable 'schemaUrl' could be declared final","streamconverter-core/src/main/java/com/streamConverter/command/impl/xml/ValidateCommand.java",137,loadSchemaSecurely,3,"LocalVariableCouldBeFinal","Code Style",schemaUrl
ValidateCommand,"Local variable 'loadedSchema' could be declared final","streamconverter-core/src/main/java/com/streamConverter/command/impl/xml/ValidateCommand.java",139,loadSchemaSecurely,3,"LocalVariableCouldBeFinal","Code Style",loadedSchema
ValidateCommand,"Logger calls should be surrounded by log level guards.","streamconverter-core/src/main/java/com/streamConverter/command/impl/xml/ValidateCommand.java",146,loadSchemaSecurely,2,GuardLogStatement,"Best Practices",
ValidateCommand,"Parameter 'inputStream' is not assigned and could be declared final","streamconverter-core/src/main/java/com/streamConverter/command/impl/xml/ValidateCommand.java",166,consume,3,"MethodArgumentCouldBeFinal","Code Style",inputStream
ValidateCommand,"Local variable 'validator' could be declared final","streamconverter-core/src/main/java/com/streamConverter/command/impl/xml/ValidateCommand.java",171,consume,3,"LocalVariableCouldBeFinal","Code Style",validator
ValidateCommand,"Logger calls should be surrounded by log level guards.","streamconverter-core/src/main/java/com/streamConverter/command/impl/xml/ValidateCommand.java",181,consume,2,GuardLogStatement,"Best Practices",
ValidateCommand,"Parameter 'validator' is not assigned and could be declared final","streamconverter-core/src/main/java/com/streamConverter/command/impl/xml/ValidateCommand.java",194,configureSecureValidator,3,"MethodArgumentCouldBeFinal","Code Style",validator
ValidateCommand,"Avoid catching generic exceptions such as NullPointerException, RuntimeException, Exception in try-catch block","streamconverter-core/src/main/java/com/streamConverter/command/impl/xml/ValidateCommand.java",205,configureSecureValidator,3,"AvoidCatchingGenericException",Design,
ValidateCommand,"Logger calls should be surrounded by log level guards.","streamconverter-core/src/main/java/com/streamConverter/command/impl/xml/ValidateCommand.java",206,configureSecureValidator,2,GuardLogStatement,"Best Practices",
DatabaseConnectionPool,"A value of 22 may denote a high amount of coupling within the class (threshold: 20)","streamconverter-core/src/main/java/com/streamConverter/command/rule/DatabaseConnectionPool.java",1,,3,CouplingBetweenObjects,Design,
DatabaseConnectionPool,"Package name contains upper case characters","streamconverter-core/src/main/java/com/streamConverter/command/rule/DatabaseConnectionPool.java",1,,3,PackageCase,"Code Style",
DatabaseConnectionPool,"The constant name 'logger' doesn't match '[A-Z][A-Z_0-9]*'","streamconverter-core/src/main/java/com/streamConverter/command/rule/DatabaseConnectionPool.java",30,,1,FieldNamingConventions,"Code Style",logger
DatabaseConnectionPool,"Avoid excessively long variable names like connectionTimeoutMs","streamconverter-core/src/main/java/com/streamConverter/command/rule/DatabaseConnectionPool.java",34,,3,LongVariable,"Code Style",connectionTimeoutMs
DatabaseConnectionPool,"Parameter 'databaseUrl' is not assigned and could be declared final","streamconverter-core/src/main/java/com/streamConverter/command/rule/DatabaseConnectionPool.java",44,DatabaseConnectionPool,3,"MethodArgumentCouldBeFinal","Code Style",databaseUrl
DatabaseConnectionPool,"Number 30000 should separate every third digit with an underscore","streamconverter-core/src/main/java/com/streamConverter/command/rule/DatabaseConnectionPool.java",45,DatabaseConnectionPool,3,"UseUnderscoresInNumericLiterals","Code Style",
DatabaseConnectionPool,"Parameter 'databaseUrl' is not assigned and could be declared final","streamconverter-core/src/main/java/com/streamConverter/command/rule/DatabaseConnectionPool.java",55,DatabaseConnectionPool,3,"MethodArgumentCouldBeFinal","Code Style",databaseUrl
DatabaseConnectionPool,"Parameter 'maxPoolSize' is not assigned and could be declared final","streamconverter-core/src/main/java/com/streamConverter/command/rule/DatabaseConnectionPool.java",55,DatabaseConnectionPool,3,"MethodArgumentCouldBeFinal","Code Style",maxPoolSize
DatabaseConnectionPool,"Avoid excessively long variable names like connectionTimeoutMs","streamconverter-core/src/main/java/com/streamConverter/command/rule/DatabaseConnectionPool.java",55,DatabaseConnectionPool,3,LongVariable,"Code Style",connectionTimeoutMs
DatabaseConnectionPool,"Parameter 'connectionTimeoutMs' is not assigned and could be declared final","streamconverter-core/src/main/java/com/streamConverter/command/rule/DatabaseConnectionPool.java",55,DatabaseConnectionPool,3,"MethodArgumentCouldBeFinal","Code Style",connectionTimeoutMs
DatabaseConnectionPool,"The method 'getConnection()' has a cognitive complexity of 17, current threshold is 15","streamconverter-core/src/main/java/com/streamConverter/command/rule/DatabaseConnectionPool.java",74,getConnection,3,CognitiveComplexity,Design,
DatabaseConnectionPool,"The method 'getConnection()' has a cyclomatic complexity of 16.","streamconverter-core/src/main/java/com/streamConverter/command/rule/DatabaseConnectionPool.java",74,getConnection,3,CyclomaticComplexity,Design,
DatabaseConnectionPool,"A method should have only one exit point, and that should be the last statement in the method","streamconverter-core/src/main/java/com/streamConverter/command/rule/DatabaseConnectionPool.java",83,getConnection,3,OnlyOneReturn,"Code Style",
DatabaseConnectionPool,"Logger calls should be surrounded by log level guards.","streamconverter-core/src/main/java/com/streamConverter/command/rule/DatabaseConnectionPool.java",91,getConnection,2,GuardLogStatement,"Best Practices",
DatabaseConnectionPool,"Logger calls should be surrounded by log level guards.","streamconverter-core/src/main/java/com/streamConverter/command/rule/DatabaseConnectionPool.java",100,getConnection,2,GuardLogStatement,"Best Practices",
DatabaseConnectionPool,"A method should have only one exit point, and that should be the last statement in the method","streamconverter-core/src/main/java/com/streamConverter/command/rule/DatabaseConnectionPool.java",101,getConnection,3,OnlyOneReturn,"Code Style",
DatabaseConnectionPool,"Logger calls should be surrounded by log level guards.","streamconverter-core/src/main/java/com/streamConverter/command/rule/DatabaseConnectionPool.java",103,getConnection,2,GuardLogStatement,"Best Practices",
DatabaseConnectionPool,"'connection' is reassigned, but the original instance is not closed","streamconverter-core/src/main/java/com/streamConverter/command/rule/DatabaseConnectionPool.java",110,getConnection,3,CloseResource,"Error Prone",
DatabaseConnectionPool,"Logger calls should be surrounded by log level guards.","streamconverter-core/src/main/java/com/streamConverter/command/rule/DatabaseConnectionPool.java",120,getConnection,2,GuardLogStatement,"Best Practices",
DatabaseConnectionPool,"Missing commented default access modifier on method 'returnConnection(Connection)'","streamconverter-core/src/main/java/com/streamConverter/command/rule/DatabaseConnectionPool.java",138,returnConnection,3,"CommentDefaultAccessModifier","Code Style",
DatabaseConnectionPool,"Parameter 'connection' is not assigned and could be declared final","streamconverter-core/src/main/java/com/streamConverter/command/rule/DatabaseConnectionPool.java",138,returnConnection,3,"MethodArgumentCouldBeFinal","Code Style",connection
DatabaseConnectionPool,"Logger calls should be surrounded by log level guards.","streamconverter-core/src/main/java/com/streamConverter/command/rule/DatabaseConnectionPool.java",144,returnConnection,2,GuardLogStatement,"Best Practices",
DatabaseConnectionPool,"Avoid if (x != y) ..; else ..;","streamconverter-core/src/main/java/com/streamConverter/command/rule/DatabaseConnectionPool.java",149,returnConnection,3,ConfusingTernary,"Code Style",
DatabaseConnectionPool,"Logger calls should be surrounded by log level guards.","streamconverter-core/src/main/java/com/streamConverter/command/rule/DatabaseConnectionPool.java",154,returnConnection,2,GuardLogStatement,"Best Practices",
DatabaseConnectionPool,"Logger calls should be surrounded by log level guards.","streamconverter-core/src/main/java/com/streamConverter/command/rule/DatabaseConnectionPool.java",156,returnConnection,2,GuardLogStatement,"Best Practices",
DatabaseConnectionPool,"Parameter 'connection' is not assigned and could be declared final","streamconverter-core/src/main/java/com/streamConverter/command/rule/DatabaseConnectionPool.java",169,isConnectionValid,3,"MethodArgumentCouldBeFinal","Code Style",connection
DatabaseConnectionPool,"A method should have only one exit point, and that should be the last statement in the method","streamconverter-core/src/main/java/com/streamConverter/command/rule/DatabaseConnectionPool.java",171,isConnectionValid,3,OnlyOneReturn,"Code Style",
DatabaseConnectionPool,"Ensure that resources like this Connection object are closed after use","streamconverter-core/src/main/java/com/streamConverter/command/rule/DatabaseConnectionPool.java",194,shutdown,3,CloseResource,"Error Prone",connection
DatabaseConnectionPool,"Avoid assignments in operands","streamconverter-core/src/main/java/com/streamConverter/command/rule/DatabaseConnectionPool.java",195,shutdown,3,AssignmentInOperand,"Error Prone",
DatabaseConnectionPool,"Logger calls should be surrounded by log level guards.","streamconverter-core/src/main/java/com/streamConverter/command/rule/DatabaseConnectionPool.java",199,shutdown,2,GuardLogStatement,"Best Practices",
DatabaseConnectionPool,"Logger calls should be surrounded by log level guards.","streamconverter-core/src/main/java/com/streamConverter/command/rule/DatabaseConnectionPool.java",203,shutdown,2,GuardLogStatement,"Best Practices",
PooledConnection,"This class has a bunch of public methods and attributes","streamconverter-core/src/main/java/com/streamConverter/command/rule/DatabaseConnectionPool.java",207,,3,ExcessivePublicCount,Design,
PooledConnection,"This class has too many methods, consider refactoring it.","streamconverter-core/src/main/java/com/streamConverter/command/rule/DatabaseConnectionPool.java",207,,3,TooManyMethods,Design,
PooledConnection,"Avoid using redundant field initializer for 'closed'","streamconverter-core/src/main/java/com/streamConverter/command/rule/DatabaseConnectionPool.java",210,,3,"RedundantFieldInitializer",Performance,closed
PooledConnection,"Missing commented default access modifier on constructor 'PooledConnection(Connection, DatabaseConnectionPool)'","streamconverter-core/src/main/java/com/streamConverter/command/rule/DatabaseConnectionPool.java",212,PooledConnection,3,"CommentDefaultAccessModifier","Code Style",
PooledConnection,"Parameter 'delegate' is not assigned and could be declared final","streamconverter-core/src/main/java/com/streamConverter/command/rule/DatabaseConnectionPool.java",212,PooledConnection,3,"MethodArgumentCouldBeFinal","Code Style",delegate
PooledConnection,"Parameter 'pool' is not assigned and could be declared final","streamconverter-core/src/main/java/com/streamConverter/command/rule/DatabaseConnectionPool.java",212,PooledConnection,3,"MethodArgumentCouldBeFinal","Code Style",pool
PooledConnection,"Parameter 'sql' is not assigned and could be declared final","streamconverter-core/src/main/java/com/streamConverter/command/rule/DatabaseConnectionPool.java",232,prepareStatement,3,"MethodArgumentCouldBeFinal","Code Style",sql
PooledConnection,"Parameter 'sql' is not assigned and could be declared final","streamconverter-core/src/main/java/com/streamConverter/command/rule/DatabaseConnectionPool.java",237,prepareCall,3,"MethodArgumentCouldBeFinal","Code Style",sql
PooledConnection,"Parameter 'sql' is not assigned and could be declared final","streamconverter-core/src/main/java/com/streamConverter/command/rule/DatabaseConnectionPool.java",242,nativeSQL,3,"MethodArgumentCouldBeFinal","Code Style",sql
PooledConnection,"Parameter 'autoCommit' is not assigned and could be declared final","streamconverter-core/src/main/java/com/streamConverter/command/rule/DatabaseConnectionPool.java",247,setAutoCommit,3,"MethodArgumentCouldBeFinal","Code Style",autoCommit
PooledConnection,"Parameter 'readOnly' is not assigned and could be declared final","streamconverter-core/src/main/java/com/streamConverter/command/rule/DatabaseConnectionPool.java",277,setReadOnly,3,"MethodArgumentCouldBeFinal","Code Style",readOnly
PooledConnection,"Parameter 'catalog' is not assigned and could be declared final","streamconverter-core/src/main/java/com/streamConverter/command/rule/DatabaseConnectionPool.java",287,setCatalog,3,"MethodArgumentCouldBeFinal","Code Style",catalog
PooledConnection,"Parameter 'level' is not assigned and could be declared final","streamconverter-core/src/main/java/com/streamConverter/command/rule/DatabaseConnectionPool.java",297,setTransactionIsolation,3,"MethodArgumentCouldBeFinal","Code Style",level
PooledConnection,"Parameter 'resultSetType' is not assigned and could be declared final","streamconverter-core/src/main/java/com/streamConverter/command/rule/DatabaseConnectionPool.java",317,createStatement,3,"MethodArgumentCouldBeFinal","Code Style",resultSetType
PooledConnection,"Avoid excessively long variable names like resultSetConcurrency","streamconverter-core/src/main/java/com/streamConverter/command/rule/DatabaseConnectionPool.java",317,createStatement,3,LongVariable,"Code Style",resultSetConcurrency
PooledConnection,"Parameter 'resultSetConcurrency' is not assigned and could be declared final","streamconverter-core/src/main/java/com/streamConverter/command/rule/DatabaseConnectionPool.java",317,createStatement,3,"MethodArgumentCouldBeFinal","Code Style",resultSetConcurrency
PooledConnection,"Parameter 'sql' is not assigned and could be declared final","streamconverter-core/src/main/java/com/streamConverter/command/rule/DatabaseConnectionPool.java",324,prepareStatement,3,"MethodArgumentCouldBeFinal","Code Style",sql
PooledConnection,"Parameter 'resultSetType' is not assigned and could be declared final","streamconverter-core/src/main/java/com/streamConverter/command/rule/DatabaseConnectionPool.java",324,prepareStatement,3,"MethodArgumentCouldBeFinal","Code Style",resultSetType
PooledConnection,"Avoid excessively long variable names like resultSetConcurrency","streamconverter-core/src/main/java/com/streamConverter/command/rule/DatabaseConnectionPool.java",324,prepareStatement,3,LongVariable,"Code Style",resultSetConcurrency
PooledConnection,"Parameter 'resultSetConcurrency' is not assigned and could be declared final","streamconverter-core/src/main/java/com/streamConverter/command/rule/DatabaseConnectionPool.java",324,prepareStatement,3,"MethodArgumentCouldBeFinal","Code Style",resultSetConcurrency
PooledConnection,"Parameter 'sql' is not assigned and could be declared final","streamconverter-core/src/main/java/com/streamConverter/command/rule/DatabaseConnectionPool.java",330,prepareCall,3,"MethodArgumentCouldBeFinal","Code Style",sql
PooledConnection,"Parameter 'resultSetType' is not assigned and could be declared final","streamconverter-core/src/main/java/com/streamConverter/command/rule/DatabaseConnectionPool.java",330,prepareCall,3,"MethodArgumentCouldBeFinal","Code Style",resultSetType
PooledConnection,"Avoid excessively long variable names like resultSetConcurrency","streamconverter-core/src/main/java/com/streamConverter/command/rule/DatabaseConnectionPool.java",330,prepareCall,3,LongVariable,"Code Style",resultSetConcurrency
PooledConnection,"Parameter 'resultSetConcurrency' is not assigned and could be declared final","streamconverter-core/src/main/java/com/streamConverter/command/rule/DatabaseConnectionPool.java",330,prepareCall,3,"MethodArgumentCouldBeFinal","Code Style",resultSetConcurrency
PooledConnection,"Parameter 'map' is not assigned and could be declared final","streamconverter-core/src/main/java/com/streamConverter/command/rule/DatabaseConnectionPool.java",340,setTypeMap,3,"MethodArgumentCouldBeFinal","Code Style",map
PooledConnection,"Parameter 'holdability' is not assigned and could be declared final","streamconverter-core/src/main/java/com/streamConverter/command/rule/DatabaseConnectionPool.java",345,setHoldability,3,"MethodArgumentCouldBeFinal","Code Style",holdability
PooledConnection,"Parameter 'name' is not assigned and could be declared final","streamconverter-core/src/main/java/com/streamConverter/command/rule/DatabaseConnectionPool.java",360,setSavepoint,3,"MethodArgumentCouldBeFinal","Code Style",name
PooledConnection,"Parameter 'savepoint' is not assigned and could be declared final","streamconverter-core/src/main/java/com/streamConverter/command/rule/DatabaseConnectionPool.java",365,rollback,3,"MethodArgumentCouldBeFinal","Code Style",savepoint
PooledConnection,"Parameter 'savepoint' is not assigned and could be declared final","streamconverter-core/src/main/java/com/streamConverter/command/rule/DatabaseConnectionPool.java",370,releaseSavepoint,3,"MethodArgumentCouldBeFinal","Code Style",savepoint
PooledConnection,"Parameter 'resultSetType' is not assigned and could be declared final","streamconverter-core/src/main/java/com/streamConverter/command/rule/DatabaseConnectionPool.java",376,createStatement,3,"MethodArgumentCouldBeFinal","Code Style",resultSetType
PooledConnection,"Avoid excessively long variable names like resultSetConcurrency","streamconverter-core/src/main/java/com/streamConverter/command/rule/DatabaseConnectionPool.java",376,createStatement,3,LongVariable,"Code Style",resultSetConcurrency
PooledConnection,"Parameter 'resultSetConcurrency' is not assigned and could be declared final","streamconverter-core/src/main/java/com/streamConverter/command/rule/DatabaseConnectionPool.java",376,createStatement,3,"MethodArgumentCouldBeFinal","Code Style",resultSetConcurrency
PooledConnection,"Avoid excessively long variable names like resultSetHoldability","streamconverter-core/src/main/java/com/streamConverter/command/rule/DatabaseConnectionPool.java",376,createStatement,3,LongVariable,"Code Style",resultSetHoldability
PooledConnection,"Parameter 'resultSetHoldability' is not assigned and could be declared final","streamconverter-core/src/main/java/com/streamConverter/command/rule/DatabaseConnectionPool.java",376,createStatement,3,"MethodArgumentCouldBeFinal","Code Style",resultSetHoldability
PooledConnection,"Parameter 'sql' is not assigned and could be declared final","streamconverter-core/src/main/java/com/streamConverter/command/rule/DatabaseConnectionPool.java",382,prepareStatement,3,"MethodArgumentCouldBeFinal","Code Style",sql
PooledConnection,"Parameter 'resultSetType' is not assigned and could be declared final","streamconverter-core/src/main/java/com/streamConverter/command/rule/DatabaseConnectionPool.java",382,prepareStatement,3,"MethodArgumentCouldBeFinal","Code Style",resultSetType
PooledConnection,"Avoid excessively long variable names like resultSetConcurrency","streamconverter-core/src/main/java/com/streamConverter/command/rule/DatabaseConnectionPool.java",382,prepareStatement,3,LongVariable,"Code Style",resultSetConcurrency
PooledConnection,"Parameter 'resultSetConcurrency' is not assigned and could be declared final","streamconverter-core/src/main/java/com/streamConverter/command/rule/DatabaseConnectionPool.java",382,prepareStatement,3,"MethodArgumentCouldBeFinal","Code Style",resultSetConcurrency
PooledConnection,"Avoid excessively long variable names like resultSetHoldability","streamconverter-core/src/main/java/com/streamConverter/command/rule/DatabaseConnectionPool.java",382,prepareStatement,3,LongVariable,"Code Style",resultSetHoldability
PooledConnection,"Parameter 'resultSetHoldability' is not assigned and could be declared final","streamconverter-core/src/main/java/com/streamConverter/command/rule/DatabaseConnectionPool.java",382,prepareStatement,3,"MethodArgumentCouldBeFinal","Code Style",resultSetHoldability
PooledConnection,"Parameter 'sql' is not assigned and could be declared final","streamconverter-core/src/main/java/com/streamConverter/command/rule/DatabaseConnectionPool.java",390,prepareCall,3,"MethodArgumentCouldBeFinal","Code Style",sql
PooledConnection,"Parameter 'resultSetType' is not assigned and could be declared final","streamconverter-core/src/main/java/com/streamConverter/command/rule/DatabaseConnectionPool.java",390,prepareCall,3,"MethodArgumentCouldBeFinal","Code Style",resultSetType
PooledConnection,"Avoid excessively long variable names like resultSetConcurrency","streamconverter-core/src/main/java/com/streamConverter/command/rule/DatabaseConnectionPool.java",390,prepareCall,3,LongVariable,"Code Style",resultSetConcurrency
PooledConnection,"Parameter 'resultSetConcurrency' is not assigned and could be declared final","streamconverter-core/src/main/java/com/streamConverter/command/rule/DatabaseConnectionPool.java",390,prepareCall,3,"MethodArgumentCouldBeFinal","Code Style",resultSetConcurrency
PooledConnection,"Avoid excessively long variable names like resultSetHoldability","streamconverter-core/src/main/java/com/streamConverter/command/rule/DatabaseConnectionPool.java",390,prepareCall,3,LongVariable,"Code Style",resultSetHoldability
PooledConnection,"Parameter 'resultSetHoldability' is not assigned and could be declared final","streamconverter-core/src/main/java/com/streamConverter/command/rule/DatabaseConnectionPool.java",390,prepareCall,3,"MethodArgumentCouldBeFinal","Code Style",resultSetHoldability
PooledConnection,"Parameter 'sql' is not assigned and could be declared final","streamconverter-core/src/main/java/com/streamConverter/command/rule/DatabaseConnectionPool.java",396,prepareStatement,3,"MethodArgumentCouldBeFinal","Code Style",sql
PooledConnection,"Parameter 'autoGeneratedKeys' is not assigned and could be declared final","streamconverter-core/src/main/java/com/streamConverter/command/rule/DatabaseConnectionPool.java",396,prepareStatement,3,"MethodArgumentCouldBeFinal","Code Style",autoGeneratedKeys
PooledConnection,"Parameter 'sql' is not assigned and could be declared final","streamconverter-core/src/main/java/com/streamConverter/command/rule/DatabaseConnectionPool.java",402,prepareStatement,3,"MethodArgumentCouldBeFinal","Code Style",sql
PooledConnection,"Parameter 'columnIndexes' is not assigned and could be declared final","streamconverter-core/src/main/java/com/streamConverter/command/rule/DatabaseConnectionPool.java",402,prepareStatement,3,"MethodArgumentCouldBeFinal","Code Style",columnIndexes
PooledConnection,"Parameter 'sql' is not assigned and could be declared final","streamconverter-core/src/main/java/com/streamConverter/command/rule/DatabaseConnectionPool.java",408,prepareStatement,3,"MethodArgumentCouldBeFinal","Code Style",sql
PooledConnection,"Parameter 'columnNames' is not assigned and could be declared final","streamconverter-core/src/main/java/com/streamConverter/command/rule/DatabaseConnectionPool.java",408,prepareStatement,3,"MethodArgumentCouldBeFinal","Code Style",columnNames
PooledConnection,"Parameter 'timeout' is not assigned and could be declared final","streamconverter-core/src/main/java/com/streamConverter/command/rule/DatabaseConnectionPool.java",434,isValid,3,"MethodArgumentCouldBeFinal","Code Style",timeout
PooledConnection,"Parameter 'name' is not assigned and could be declared final","streamconverter-core/src/main/java/com/streamConverter/command/rule/DatabaseConnectionPool.java",439,setClientInfo,3,"MethodArgumentCouldBeFinal","Code Style",name
PooledConnection,"Parameter 'value' is not assigned and could be declared final","streamconverter-core/src/main/java/com/streamConverter/command/rule/DatabaseConnectionPool.java",439,setClientInfo,3,"MethodArgumentCouldBeFinal","Code Style",value
PooledConnection,"Parameter 'properties' is not assigned and could be declared final","streamconverter-core/src/main/java/com/streamConverter/command/rule/DatabaseConnectionPool.java",444,setClientInfo,3,"MethodArgumentCouldBeFinal","Code Style",properties
PooledConnection,"Parameter 'name' is not assigned and could be declared final","streamconverter-core/src/main/java/com/streamConverter/command/rule/DatabaseConnectionPool.java",450,getClientInfo,3,"MethodArgumentCouldBeFinal","Code Style",name
PooledConnection,"Parameter 'typeName' is not assigned and could be declared final","streamconverter-core/src/main/java/com/streamConverter/command/rule/DatabaseConnectionPool.java",460,createArrayOf,3,"MethodArgumentCouldBeFinal","Code Style",typeName
PooledConnection,"Parameter 'elements' is not assigned and could be declared final","streamconverter-core/src/main/java/com/streamConverter/command/rule/DatabaseConnectionPool.java",460,createArrayOf,3,"MethodArgumentCouldBeFinal","Code Style",elements
PooledConnection,"Parameter 'typeName' is not assigned and could be declared final","streamconverter-core/src/main/java/com/streamConverter/command/rule/DatabaseConnectionPool.java",465,createStruct,3,"MethodArgumentCouldBeFinal","Code Style",typeName
PooledConnection,"Parameter 'attributes' is not assigned and could be declared final","streamconverter-core/src/main/java/com/streamConverter/command/rule/DatabaseConnectionPool.java",465,createStruct,3,"MethodArgumentCouldBeFinal","Code Style",attributes
PooledConnection,"Parameter 'schema' is not assigned and could be declared final","streamconverter-core/src/main/java/com/streamConverter/command/rule/DatabaseConnectionPool.java",470,setSchema,3,"MethodArgumentCouldBeFinal","Code Style",schema
PooledConnection,"Parameter 'executor' is not assigned and could be declared final","streamconverter-core/src/main/java/com/streamConverter/command/rule/DatabaseConnectionPool.java",480,abort,3,"MethodArgumentCouldBeFinal","Code Style",executor
PooledConnection,"Parameter 'executor' is not assigned and could be declared final","streamconverter-core/src/main/java/com/streamConverter/command/rule/DatabaseConnectionPool.java",485,setNetworkTimeout,3,"MethodArgumentCouldBeFinal","Code Style",executor
PooledConnection,"Parameter 'milliseconds' is not assigned and could be declared final","streamconverter-core/src/main/java/com/streamConverter/command/rule/DatabaseConnectionPool.java",485,setNetworkTimeout,3,"MethodArgumentCouldBeFinal","Code Style",milliseconds
PooledConnection,"Parameter 'iface' is not assigned and could be declared final","streamconverter-core/src/main/java/com/streamConverter/command/rule/DatabaseConnectionPool.java",496,unwrap,3,"MethodArgumentCouldBeFinal","Code Style",iface
PooledConnection,"Parameter 'iface' is not assigned and could be declared final","streamconverter-core/src/main/java/com/streamConverter/command/rule/DatabaseConnectionPool.java",501,isWrapperFor,3,"MethodArgumentCouldBeFinal","Code Style",iface
DatabaseFetchRule,"Package name contains upper case characters","streamconverter-core/src/main/java/com/streamConverter/command/rule/DatabaseFetchRule.java",1,,3,PackageCase,"Code Style",
DatabaseFetchRule,"The constant name 'logger' doesn't match '[A-Z][A-Z_0-9]*'","streamconverter-core/src/main/java/com/streamConverter/command/rule/DatabaseFetchRule.java",44,,1,FieldNamingConventions,"Code Style",logger
DatabaseFetchRule,"Avoid excessively long variable names like SQL_INJECTION_PATTERN","streamconverter-core/src/main/java/com/streamConverter/command/rule/DatabaseFetchRule.java",47,,3,LongVariable,"Code Style",SQL_INJECTION_PATTERN
DatabaseFetchRule,"Avoid excessively long variable names like ALLOWED_DB_SCHEME_PATTERN","streamconverter-core/src/main/java/com/streamConverter/command/rule/DatabaseFetchRule.java",53,,3,LongVariable,"Code Style","ALLOWED_DB_SCHEME_PATTERN"
DatabaseFetchRule,"Parameter 'databaseUrl' is not assigned and could be declared final","streamconverter-core/src/main/java/com/streamConverter/command/rule/DatabaseFetchRule.java",71,DatabaseFetchRule,3,"MethodArgumentCouldBeFinal","Code Style",databaseUrl
DatabaseFetchRule,"Parameter 'query' is not assigned and could be declared final","streamconverter-core/src/main/java/com/streamConverter/command/rule/DatabaseFetchRule.java",71,DatabaseFetchRule,3,"MethodArgumentCouldBeFinal","Code Style",query
DatabaseFetchRule,"Logger calls should be surrounded by log level guards.","streamconverter-core/src/main/java/com/streamConverter/command/rule/DatabaseFetchRule.java",81,DatabaseFetchRule,2,GuardLogStatement,"Best Practices",
DatabaseFetchRule,"Parameter 'url' is not assigned and could be declared final","streamconverter-core/src/main/java/com/streamConverter/command/rule/DatabaseFetchRule.java",94,validateDatabaseUrl,3,"MethodArgumentCouldBeFinal","Code Style",url
DatabaseFetchRule,"The method 'validateQuery(String)' has a cyclomatic complexity of 10.","streamconverter-core/src/main/java/com/streamConverter/command/rule/DatabaseFetchRule.java",121,validateQuery,3,CyclomaticComplexity,Design,
DatabaseFetchRule,"Parameter 'queryString' is not assigned and could be declared final","streamconverter-core/src/main/java/com/streamConverter/command/rule/DatabaseFetchRule.java",121,validateQuery,3,"MethodArgumentCouldBeFinal","Code Style",queryString
DatabaseFetchRule,"When doing a String.toLowerCase()/toUpperCase() call, use a Locale","streamconverter-core/src/main/java/com/streamConverter/command/rule/DatabaseFetchRule.java",127,validateQuery,3,"UseLocaleWithCaseConversions","Error Prone",
DatabaseFetchRule,"Logger calls should be surrounded by log level guards.","streamconverter-core/src/main/java/com/streamConverter/command/rule/DatabaseFetchRule.java",142,validateQuery,2,GuardLogStatement,"Best Practices",
DatabaseFetchRule,"Parameter 'input' is not assigned and could be declared final","streamconverter-core/src/main/java/com/streamConverter/command/rule/DatabaseFetchRule.java",152,sanitizeInput,3,"MethodArgumentCouldBeFinal","Code Style",input
DatabaseFetchRule,"A method should have only one exit point, and that should be the last statement in the method","streamconverter-core/src/main/java/com/streamConverter/command/rule/DatabaseFetchRule.java",154,sanitizeInput,3,OnlyOneReturn,"Code Style",
DatabaseFetchRule,"Avoid using literals in if statements","streamconverter-core/src/main/java/com/streamConverter/command/rule/DatabaseFetchRule.java",166,sanitizeInput,3,"AvoidLiteralsInIfCondition","Error Prone",
DatabaseFetchRule,"Logger calls should be surrounded by log level guards.","streamconverter-core/src/main/java/com/streamConverter/command/rule/DatabaseFetchRule.java",167,sanitizeInput,2,GuardLogStatement,"Best Practices",
DatabaseFetchRule,"The method 'apply(String)' has a cyclomatic complexity of 13.","streamconverter-core/src/main/java/com/streamConverter/command/rule/DatabaseFetchRule.java",184,apply,3,CyclomaticComplexity,Design,
DatabaseFetchRule,"Parameter 'input' is not assigned and could be declared final","streamconverter-core/src/main/java/com/streamConverter/command/rule/DatabaseFetchRule.java",184,apply,3,"MethodArgumentCouldBeFinal","Code Style",input
DatabaseFetchRule,"Ensure that resources like this Connection object are closed after use","streamconverter-core/src/main/java/com/streamConverter/command/rule/DatabaseFetchRule.java",185,apply,3,CloseResource,"Error Prone",connection
DatabaseFetchRule,"Ensure that resources like this PreparedStatement object are closed after use","streamconverter-core/src/main/java/com/streamConverter/command/rule/DatabaseFetchRule.java",186,apply,3,CloseResource,"Error Prone",statement
DatabaseFetchRule,"Ensure that resources like this ResultSet object are closed after use","streamconverter-core/src/main/java/com/streamConverter/command/rule/DatabaseFetchRule.java",187,apply,3,CloseResource,"Error Prone",resultSet
DatabaseFetchRule,"Local variable 'sanitizedInput' could be declared final","streamconverter-core/src/main/java/com/streamConverter/command/rule/DatabaseFetchRule.java",200,apply,3,"LocalVariableCouldBeFinal","Code Style",sanitizedInput
DatabaseFetchRule,"A method should have only one exit point, and that should be the last statement in the method","streamconverter-core/src/main/java/com/streamConverter/command/rule/DatabaseFetchRule.java",205,apply,3,OnlyOneReturn,"Code Style",
DatabaseFetchRule,"Logger calls should be surrounded by log level guards.","streamconverter-core/src/main/java/com/streamConverter/command/rule/DatabaseFetchRule.java",209,apply,2,GuardLogStatement,"Best Practices",
DatabaseFetchRule,"Local variable 'metaData' could be declared final","streamconverter-core/src/main/java/com/streamConverter/command/rule/DatabaseFetchRule.java",217,apply,3,"LocalVariableCouldBeFinal","Code Style",metaData
DatabaseFetchRule,"Local variable 'columnCount' could be declared final","streamconverter-core/src/main/java/com/streamConverter/command/rule/DatabaseFetchRule.java",218,apply,3,"LocalVariableCouldBeFinal","Code Style",columnCount
DatabaseFetchRule,"A method should have only one exit point, and that should be the last statement in the method","streamconverter-core/src/main/java/com/streamConverter/command/rule/DatabaseFetchRule.java",223,apply,3,OnlyOneReturn,"Code Style",
DatabaseFetchRule,"Avoid using literals in if statements","streamconverter-core/src/main/java/com/streamConverter/command/rule/DatabaseFetchRule.java",227,apply,3,"AvoidLiteralsInIfCondition","Error Prone",
DatabaseFetchRule,"Local variable 'value' could be declared final","streamconverter-core/src/main/java/com/streamConverter/command/rule/DatabaseFetchRule.java",232,apply,3,"LocalVariableCouldBeFinal","Code Style",value
DatabaseFetchRule,"Local variable 'hasMoreRows' could be declared final","streamconverter-core/src/main/java/com/streamConverter/command/rule/DatabaseFetchRule.java",235,apply,3,"LocalVariableCouldBeFinal","Code Style",hasMoreRows
DatabaseFetchRule,"Always check the return of one of the navigation method (next,previous,first,last) of a ResultSet.","streamconverter-core/src/main/java/com/streamConverter/command/rule/DatabaseFetchRule.java",235,apply,3,CheckResultSet,"Best Practices",hasMoreRows
DatabaseFetchRule,"A method should have only one exit point, and that should be the last statement in the method","streamconverter-core/src/main/java/com/streamConverter/command/rule/DatabaseFetchRule.java",243,apply,3,OnlyOneReturn,"Code Style",
DatabaseFetchRule,"A method should have only one exit point, and that should be the last statement in the method","streamconverter-core/src/main/java/com/streamConverter/command/rule/DatabaseFetchRule.java",253,apply,3,OnlyOneReturn,"Code Style",
DatabaseFetchRule,"Logger calls should be surrounded by log level guards.","streamconverter-core/src/main/java/com/streamConverter/command/rule/DatabaseFetchRule.java",256,apply,2,GuardLogStatement,"Best Practices",
DatabaseFetchRule,"Parameter 'resultSet' is not assigned and could be declared final","streamconverter-core/src/main/java/com/streamConverter/command/rule/DatabaseFetchRule.java",272,closeResources,3,"MethodArgumentCouldBeFinal","Code Style",resultSet
DatabaseFetchRule,"Parameter 'statement' is not assigned and could be declared final","streamconverter-core/src/main/java/com/streamConverter/command/rule/DatabaseFetchRule.java",272,closeResources,3,"MethodArgumentCouldBeFinal","Code Style",statement
DatabaseFetchRule,"Parameter 'connection' is not assigned and could be declared final","streamconverter-core/src/main/java/com/streamConverter/command/rule/DatabaseFetchRule.java",272,closeResources,3,"MethodArgumentCouldBeFinal","Code Style",connection
DatabaseFetchRule,"Logger calls should be surrounded by log level guards.","streamconverter-core/src/main/java/com/streamConverter/command/rule/DatabaseFetchRule.java",277,closeResources,2,GuardLogStatement,"Best Practices",
DatabaseFetchRule,"Logger calls should be surrounded by log level guards.","streamconverter-core/src/main/java/com/streamConverter/command/rule/DatabaseFetchRule.java",285,closeResources,2,GuardLogStatement,"Best Practices",
DatabaseFetchRule,"Logger calls should be surrounded by log level guards.","streamconverter-core/src/main/java/com/streamConverter/command/rule/DatabaseFetchRule.java",293,closeResources,2,GuardLogStatement,"Best Practices",
"HikariConnectionPoolConfig","Package name contains upper case characters","streamconverter-core/src/main/java/com/streamConverter/command/rule/HikariConnectionPoolConfig.java",1,,3,PackageCase,"Code Style",
"HikariConnectionPoolConfig","The constant name 'logger' doesn't match '[A-Z][A-Z_0-9]*'","streamconverter-core/src/main/java/com/streamConverter/command/rule/HikariConnectionPoolConfig.java",43,,1,FieldNamingConventions,"Code Style",logger
"HikariConnectionPoolConfig","Parameter 'databaseUrl' is not assigned and could be declared final","streamconverter-core/src/main/java/com/streamConverter/command/rule/HikariConnectionPoolConfig.java",54,"HikariConnectionPoolConfig",3,"MethodArgumentCouldBeFinal","Code Style",databaseUrl
"HikariConnectionPoolConfig","Parameter 'databaseUrl' is not assigned and could be declared final","streamconverter-core/src/main/java/com/streamConverter/command/rule/HikariConnectionPoolConfig.java",67,"HikariConnectionPoolConfig",3,"MethodArgumentCouldBeFinal","Code Style",databaseUrl
"HikariConnectionPoolConfig","Parameter 'maximumPoolSize' is not assigned and could be declared final","streamconverter-core/src/main/java/com/streamConverter/command/rule/HikariConnectionPoolConfig.java",67,"HikariConnectionPoolConfig",3,"MethodArgumentCouldBeFinal","Code Style",maximumPoolSize
"HikariConnectionPoolConfig","Parameter 'connectionTimeout' is not assigned and could be declared final","streamconverter-core/src/main/java/com/streamConverter/command/rule/HikariConnectionPoolConfig.java",67,"HikariConnectionPoolConfig",3,"MethodArgumentCouldBeFinal","Code Style",connectionTimeout
"HikariConnectionPoolConfig","Local variable 'config' could be declared final","streamconverter-core/src/main/java/com/streamConverter/command/rule/HikariConnectionPoolConfig.java",76,"HikariConnectionPoolConfig",3,"LocalVariableCouldBeFinal","Code Style",config
"HikariConnectionPoolConfig","Logger calls should be surrounded by log level guards.","streamconverter-core/src/main/java/com/streamConverter/command/rule/HikariConnectionPoolConfig.java",100,"HikariConnectionPoolConfig",2,GuardLogStatement,"Best Practices",
"HikariConnectionPoolConfig","Local variable 'connection' could be declared final","streamconverter-core/src/main/java/com/streamConverter/command/rule/HikariConnectionPoolConfig.java",115,getConnection,3,"LocalVariableCouldBeFinal","Code Style",connection
"HikariConnectionPoolConfig","Logger calls should be surrounded by log level guards.","streamconverter-core/src/main/java/com/streamConverter/command/rule/HikariConnectionPoolConfig.java",119,getConnection,2,GuardLogStatement,"Best Practices",
"HikariConnectionPoolConfig","A method should have only one exit point, and that should be the last statement in the method","streamconverter-core/src/main/java/com/streamConverter/command/rule/HikariConnectionPoolConfig.java",131,getPoolStats,3,OnlyOneReturn,"Code Style",
"HikariConnectionPoolConfig","Call to `getHikariPoolMXBean` on foreign value `dataSource` (degree 1)","streamconverter-core/src/main/java/com/streamConverter/command/rule/HikariConnectionPoolConfig.java",136,getPoolStats,3,LawOfDemeter,Design,
"HikariConnectionPoolConfig","Call to `getHikariPoolMXBean` on foreign value `dataSource` (degree 1)","streamconverter-core/src/main/java/com/streamConverter/command/rule/HikariConnectionPoolConfig.java",137,getPoolStats,3,LawOfDemeter,Design,
"HikariConnectionPoolConfig","Call to `getHikariPoolMXBean` on foreign value `dataSource` (degree 1)","streamconverter-core/src/main/java/com/streamConverter/command/rule/HikariConnectionPoolConfig.java",138,getPoolStats,3,LawOfDemeter,Design,
"HikariConnectionPoolConfig","Call to `getHikariPoolMXBean` on foreign value `dataSource` (degree 1)","streamconverter-core/src/main/java/com/streamConverter/command/rule/HikariConnectionPoolConfig.java",139,getPoolStats,3,LawOfDemeter,Design,
"HikariConnectionPoolConfig","A method should have only one exit point, and that should be the last statement in the method","streamconverter-core/src/main/java/com/streamConverter/command/rule/HikariConnectionPoolConfig.java",149,getDetailedStats,3,OnlyOneReturn,"Code Style",
"HikariConnectionPoolConfig","Local variable 'mxBean' could be declared final","streamconverter-core/src/main/java/com/streamConverter/command/rule/HikariConnectionPoolConfig.java",152,getDetailedStats,3,"LocalVariableCouldBeFinal","Code Style",mxBean
"HikariConnectionPoolConfig","Call to `getHikariPoolMXBean` on foreign value `dataSource` (degree 1)","streamconverter-core/src/main/java/com/streamConverter/command/rule/HikariConnectionPoolConfig.java",152,getDetailedStats,3,LawOfDemeter,Design,mxBean
IRule,"Package name contains upper case characters","streamconverter-core/src/main/java/com/streamConverter/command/rule/IRule.java",1,,3,PackageCase,"Code Style",
IRule,"Annotate this interface with @FunctionalInterface or with @SuppressWarnings(""PMD.ImplicitFunctionalInterface"") to clarify your intent.","streamconverter-core/src/main/java/com/streamConverter/command/rule/IRule.java",9,,2,"ImplicitFunctionalInterface","Best Practices",
PassThroughRule,"Package name contains upper case characters","streamconverter-core/src/main/java/com/streamConverter/command/rule/PassThroughRule.java",1,,3,PackageCase,"Code Style",
PassThroughRule,"Each class should declare at least one constructor","streamconverter-core/src/main/java/com/streamConverter/command/rule/PassThroughRule.java",9,,3,AtLeastOneConstructor,"Code Style",
PassThroughRule,"Parameter 'input' is not assigned and could be declared final","streamconverter-core/src/main/java/com/streamConverter/command/rule/PassThroughRule.java",19,apply,3,"MethodArgumentCouldBeFinal","Code Style",input
PooledDatabaseFetchRule,"Package name contains upper case characters","streamconverter-core/src/main/java/com/streamConverter/command/rule/PooledDatabaseFetchRule.java",1,,3,PackageCase,"Code Style",
PooledDatabaseFetchRule,"The constant name 'logger' doesn't match '[A-Z][A-Z_0-9]*'","streamconverter-core/src/main/java/com/streamConverter/command/rule/PooledDatabaseFetchRule.java",50,,1,FieldNamingConventions,"Code Style",logger
PooledDatabaseFetchRule,"Avoid excessively long variable names like SQL_INJECTION_PATTERN","streamconverter-core/src/main/java/com/streamConverter/command/rule/PooledDatabaseFetchRule.java",53,,3,LongVariable,"Code Style",SQL_INJECTION_PATTERN
PooledDatabaseFetchRule,"Parameter 'connectionPool' is not assigned and could be declared final","streamconverter-core/src/main/java/com/streamConverter/command/rule/PooledDatabaseFetchRule.java",69,PooledDatabaseFetchRule,3,"MethodArgumentCouldBeFinal","Code Style",connectionPool
PooledDatabaseFetchRule,"Parameter 'query' is not assigned and could be declared final","streamconverter-core/src/main/java/com/streamConverter/command/rule/PooledDatabaseFetchRule.java",69,PooledDatabaseFetchRule,3,"MethodArgumentCouldBeFinal","Code Style",query
PooledDatabaseFetchRule,"Logger calls should be surrounded by log level guards.","streamconverter-core/src/main/java/com/streamConverter/command/rule/PooledDatabaseFetchRule.java",76,PooledDatabaseFetchRule,2,GuardLogStatement,"Best Practices",
PooledDatabaseFetchRule,"The method 'validateQuery(String)' has a cyclomatic complexity of 10.","streamconverter-core/src/main/java/com/streamConverter/command/rule/PooledDatabaseFetchRule.java",89,validateQuery,3,CyclomaticComplexity,Design,
PooledDatabaseFetchRule,"Parameter 'queryString' is not assigned and could be declared final","streamconverter-core/src/main/java/com/streamConverter/command/rule/PooledDatabaseFetchRule.java",89,validateQuery,3,"MethodArgumentCouldBeFinal","Code Style",queryString
PooledDatabaseFetchRule,"When doing a String.toLowerCase()/toUpperCase() call, use a Locale","streamconverter-core/src/main/java/com/streamConverter/command/rule/PooledDatabaseFetchRule.java",95,validateQuery,3,"UseLocaleWithCaseConversions","Error Prone",
PooledDatabaseFetchRule,"Logger calls should be surrounded by log level guards.","streamconverter-core/src/main/java/com/streamConverter/command/rule/PooledDatabaseFetchRule.java",110,validateQuery,2,GuardLogStatement,"Best Practices",
PooledDatabaseFetchRule,"Parameter 'input' is not assigned and could be declared final","streamconverter-core/src/main/java/com/streamConverter/command/rule/PooledDatabaseFetchRule.java",120,sanitizeInput,3,"MethodArgumentCouldBeFinal","Code Style",input
PooledDatabaseFetchRule,"A method should have only one exit point, and that should be the last statement in the method","streamconverter-core/src/main/java/com/streamConverter/command/rule/PooledDatabaseFetchRule.java",122,sanitizeInput,3,OnlyOneReturn,"Code Style",
PooledDatabaseFetchRule,"Avoid using literals in if statements","streamconverter-core/src/main/java/com/streamConverter/command/rule/PooledDatabaseFetchRule.java",134,sanitizeInput,3,"AvoidLiteralsInIfCondition","Error Prone",
PooledDatabaseFetchRule,"Logger calls should be surrounded by log level guards.","streamconverter-core/src/main/java/com/streamConverter/command/rule/PooledDatabaseFetchRule.java",135,sanitizeInput,2,GuardLogStatement,"Best Practices",
PooledDatabaseFetchRule,"The method 'apply(String)' has a cyclomatic complexity of 13.","streamconverter-core/src/main/java/com/streamConverter/command/rule/PooledDatabaseFetchRule.java",151,apply,3,CyclomaticComplexity,Design,
PooledDatabaseFetchRule,"Parameter 'input' is not assigned and could be declared final","streamconverter-core/src/main/java/com/streamConverter/command/rule/PooledDatabaseFetchRule.java",151,apply,3,"MethodArgumentCouldBeFinal","Code Style",input
PooledDatabaseFetchRule,"Ensure that resources like this Connection object are closed after use","streamconverter-core/src/main/java/com/streamConverter/command/rule/PooledDatabaseFetchRule.java",152,apply,3,CloseResource,"Error Prone",connection
PooledDatabaseFetchRule,"Ensure that resources like this PreparedStatement object are closed after use","streamconverter-core/src/main/java/com/streamConverter/command/rule/PooledDatabaseFetchRule.java",153,apply,3,CloseResource,"Error Prone",statement
PooledDatabaseFetchRule,"Ensure that resources like this ResultSet object are closed after use","streamconverter-core/src/main/java/com/streamConverter/command/rule/PooledDatabaseFetchRule.java",154,apply,3,CloseResource,"Error Prone",resultSet
PooledDatabaseFetchRule,"Logger calls should be surrounded by log level guards.","streamconverter-core/src/main/java/com/streamConverter/command/rule/PooledDatabaseFetchRule.java",158,apply,2,GuardLogStatement,"Best Practices",
PooledDatabaseFetchRule,"Local variable 'sanitizedInput' could be declared final","streamconverter-core/src/main/java/com/streamConverter/command/rule/PooledDatabaseFetchRule.java",166,apply,3,"LocalVariableCouldBeFinal","Code Style",sanitizedInput
PooledDatabaseFetchRule,"A method should have only one exit point, and that should be the last statement in the method","streamconverter-core/src/main/java/com/streamConverter/command/rule/PooledDatabaseFetchRule.java",171,apply,3,OnlyOneReturn,"Code Style",
PooledDatabaseFetchRule,"Logger calls should be surrounded by log level guards.","streamconverter-core/src/main/java/com/streamConverter/command/rule/PooledDatabaseFetchRule.java",175,apply,2,GuardLogStatement,"Best Practices",
PooledDatabaseFetchRule,"Local variable 'metaData' could be declared final","streamconverter-core/src/main/java/com/streamConverter/command/rule/PooledDatabaseFetchRule.java",183,apply,3,"LocalVariableCouldBeFinal","Code Style",metaData
PooledDatabaseFetchRule,"Local variable 'columnCount' could be declared final","streamconverter-core/src/main/java/com/streamConverter/command/rule/PooledDatabaseFetchRule.java",184,apply,3,"LocalVariableCouldBeFinal","Code Style",columnCount
PooledDatabaseFetchRule,"A method should have only one exit point, and that should be the last statement in the method","streamconverter-core/src/main/java/com/streamConverter/command/rule/PooledDatabaseFetchRule.java",189,apply,3,OnlyOneReturn,"Code Style",
PooledDatabaseFetchRule,"Avoid using literals in if statements","streamconverter-core/src/main/java/com/streamConverter/command/rule/PooledDatabaseFetchRule.java",193,apply,3,"AvoidLiteralsInIfCondition","Error Prone",
PooledDatabaseFetchRule,"Local variable 'value' could be declared final","streamconverter-core/src/main/java/com/streamConverter/command/rule/PooledDatabaseFetchRule.java",198,apply,3,"LocalVariableCouldBeFinal","Code Style",value
PooledDatabaseFetchRule,"Local variable 'hasMoreRows' could be declared final","streamconverter-core/src/main/java/com/streamConverter/command/rule/PooledDatabaseFetchRule.java",201,apply,3,"LocalVariableCouldBeFinal","Code Style",hasMoreRows
PooledDatabaseFetchRule,"Always check the return of one of the navigation method (next,previous,first,last) of a ResultSet.","streamconverter-core/src/main/java/com/streamConverter/command/rule/PooledDatabaseFetchRule.java",201,apply,3,CheckResultSet,"Best Practices",hasMoreRows
PooledDatabaseFetchRule,"A method should have only one exit point, and that should be the last statement in the method","streamconverter-core/src/main/java/com/streamConverter/command/rule/PooledDatabaseFetchRule.java",209,apply,3,OnlyOneReturn,"Code Style",
PooledDatabaseFetchRule,"A method should have only one exit point, and that should be the last statement in the method","streamconverter-core/src/main/java/com/streamConverter/command/rule/PooledDatabaseFetchRule.java",219,apply,3,OnlyOneReturn,"Code Style",
PooledDatabaseFetchRule,"Logger calls should be surrounded by log level guards.","streamconverter-core/src/main/java/com/streamConverter/command/rule/PooledDatabaseFetchRule.java",222,apply,2,GuardLogStatement,"Best Practices",
PooledDatabaseFetchRule,"Parameter 'resultSet' is not assigned and could be declared final","streamconverter-core/src/main/java/com/streamConverter/command/rule/PooledDatabaseFetchRule.java",238,closeResources,3,"MethodArgumentCouldBeFinal","Code Style",resultSet
PooledDatabaseFetchRule,"Parameter 'statement' is not assigned and could be declared final","streamconverter-core/src/main/java/com/streamConverter/command/rule/PooledDatabaseFetchRule.java",238,closeResources,3,"MethodArgumentCouldBeFinal","Code Style",statement
PooledDatabaseFetchRule,"Parameter 'connection' is not assigned and could be declared final","streamconverter-core/src/main/java/com/streamConverter/command/rule/PooledDatabaseFetchRule.java",238,closeResources,3,"MethodArgumentCouldBeFinal","Code Style",connection
PooledDatabaseFetchRule,"Logger calls should be surrounded by log level guards.","streamconverter-core/src/main/java/com/streamConverter/command/rule/PooledDatabaseFetchRule.java",243,closeResources,2,GuardLogStatement,"Best Practices",
PooledDatabaseFetchRule,"Logger calls should be surrounded by log level guards.","streamconverter-core/src/main/java/com/streamConverter/command/rule/PooledDatabaseFetchRule.java",251,closeResources,2,GuardLogStatement,"Best Practices",
PooledDatabaseFetchRule,"Logger calls should be surrounded by log level guards.","streamconverter-core/src/main/java/com/streamConverter/command/rule/PooledDatabaseFetchRule.java",259,closeResources,2,GuardLogStatement,"Best Practices",
"SecurityConfigurationManager","Package name contains upper case characters","streamconverter-core/src/main/java/com/streamConverter/config/SecurityConfigurationManager.java",1,,3,PackageCase,"Code Style",
"SecurityConfigurationManager","Class contains more than one logger.","streamconverter-core/src/main/java/com/streamConverter/config/SecurityConfigurationManager.java",26,,2,MoreThanOneLogger,"Error Prone",
"SecurityConfigurationManager","This class has only private constructors and may be final","streamconverter-core/src/main/java/com/streamConverter/config/SecurityConfigurationManager.java",26,,1,"ClassWithOnlyPrivateConstructorsShouldBeFinal",Design,
"SecurityConfigurationManager","The constant name 'logger' doesn't match '[A-Z][A-Z_0-9]*'","streamconverter-core/src/main/java/com/streamConverter/config/SecurityConfigurationManager.java",28,,1,FieldNamingConventions,"Code Style",logger
"SecurityConfigurationManager","The constant name 'securityLogger' doesn't match '[A-Z][A-Z_0-9]*'","streamconverter-core/src/main/java/com/streamConverter/config/SecurityConfigurationManager.java",29,,1,FieldNamingConventions,"Code Style",securityLogger
"SecurityConfigurationManager","This method may call an overridable method during object construction: SecurityConfigurationManager.isSecurityLoggingEnabled() (call stack: [SecurityConfigurationManager.logSecurityConfigurationStatus(), SecurityConfigurationManager.isSecurityLoggingEnabled()])","streamconverter-core/src/main/java/com/streamConverter/config/SecurityConfigurationManager.java",39,"SecurityConfigurationManager",1,"ConstructorCallsOverridableMethod","Error Prone",
"SecurityConfigurationManager","Local variable 'maxSizeStr' could be declared final","streamconverter-core/src/main/java/com/streamConverter/config/SecurityConfigurationManager.java",166,getMaxFileSize,3,"LocalVariableCouldBeFinal","Code Style",maxSizeStr
"SecurityConfigurationManager","Local variable 'extensions' could be declared final","streamconverter-core/src/main/java/com/streamConverter/config/SecurityConfigurationManager.java",176,getAllowedFileExtensions,3,"LocalVariableCouldBeFinal","Code Style",extensions
"SecurityConfigurationManager","String.trim().length() == 0 / String.trim().isEmpty() is an inefficient way to validate a blank String.","streamconverter-core/src/main/java/com/streamConverter/config/SecurityConfigurationManager.java",228,determineActiveProfile,3,"InefficientEmptyStringCheck",Performance,
"SecurityConfigurationManager","A method should have only one exit point, and that should be the last statement in the method","streamconverter-core/src/main/java/com/streamConverter/config/SecurityConfigurationManager.java",229,determineActiveProfile,3,OnlyOneReturn,"Code Style",
"SecurityConfigurationManager","String.trim().length() == 0 / String.trim().isEmpty() is an inefficient way to validate a blank String.","streamconverter-core/src/main/java/com/streamConverter/config/SecurityConfigurationManager.java",234,determineActiveProfile,3,"InefficientEmptyStringCheck",Performance,
"SecurityConfigurationManager","A method should have only one exit point, and that should be the last statement in the method","streamconverter-core/src/main/java/com/streamConverter/config/SecurityConfigurationManager.java",235,determineActiveProfile,3,OnlyOneReturn,"Code Style",
"SecurityConfigurationManager","Local variable 'props' could be declared final","streamconverter-core/src/main/java/com/streamConverter/config/SecurityConfigurationManager.java",243,"loadSecurityConfiguration",3,"LocalVariableCouldBeFinal","Code Style",props
"SecurityConfigurationManager","Parameter 'props' is not assigned and could be declared final","streamconverter-core/src/main/java/com/streamConverter/config/SecurityConfigurationManager.java",256,loadPropertiesFile,3,"MethodArgumentCouldBeFinal","Code Style",props
"SecurityConfigurationManager","Parameter 'filename' is not assigned and could be declared final","streamconverter-core/src/main/java/com/streamConverter/config/SecurityConfigurationManager.java",256,loadPropertiesFile,3,"MethodArgumentCouldBeFinal","Code Style",filename
"SecurityConfigurationManager","In J2EE, getClassLoader() might not work as expected.  Use Thread.currentThread().getContextClassLoader() instead.","streamconverter-core/src/main/java/com/streamConverter/config/SecurityConfigurationManager.java",257,loadPropertiesFile,3,UseProperClassLoader,"Error Prone",input
"SecurityConfigurationManager","Parameter 'key' is not assigned and could be declared final","streamconverter-core/src/main/java/com/streamConverter/config/SecurityConfigurationManager.java",269,getBooleanProperty,3,"MethodArgumentCouldBeFinal","Code Style",key
"SecurityConfigurationManager","Parameter 'defaultValue' is not assigned and could be declared final","streamconverter-core/src/main/java/com/streamConverter/config/SecurityConfigurationManager.java",269,getBooleanProperty,3,"MethodArgumentCouldBeFinal","Code Style",defaultValue
"SecurityConfigurationManager","Local variable 'value' could be declared final","streamconverter-core/src/main/java/com/streamConverter/config/SecurityConfigurationManager.java",270,getBooleanProperty,3,"LocalVariableCouldBeFinal","Code Style",value
"SecurityConfigurationManager","A method should have only one exit point, and that should be the last statement in the method","streamconverter-core/src/main/java/com/streamConverter/config/SecurityConfigurationManager.java",272,getBooleanProperty,3,OnlyOneReturn,"Code Style",
"SecurityConfigurationManager","Parameter 'key' is not assigned and could be declared final","streamconverter-core/src/main/java/com/streamConverter/config/SecurityConfigurationManager.java",277,getStringProperty,3,"MethodArgumentCouldBeFinal","Code Style",key
"SecurityConfigurationManager","Parameter 'defaultValue' is not assigned and could be declared final","streamconverter-core/src/main/java/com/streamConverter/config/SecurityConfigurationManager.java",277,getStringProperty,3,"MethodArgumentCouldBeFinal","Code Style",defaultValue
"SecurityConfigurationManager","String.trim().length() == 0 / String.trim().isEmpty() is an inefficient way to validate a blank String.","streamconverter-core/src/main/java/com/streamConverter/config/SecurityConfigurationManager.java",282,parseFileSize,3,"InefficientEmptyStringCheck",Performance,
"SecurityConfigurationManager","A method should have only one exit point, and that should be the last statement in the method","streamconverter-core/src/main/java/com/streamConverter/config/SecurityConfigurationManager.java",283,parseFileSize,3,OnlyOneReturn,"Code Style",
"SecurityConfigurationManager","Avoid reassigning parameters such as 'sizeStr'","streamconverter-core/src/main/java/com/streamConverter/config/SecurityConfigurationManager.java",286,parseFileSize,2,"AvoidReassigningParameters","Best Practices",
"SecurityConfigurationManager","When doing a String.toLowerCase()/toUpperCase() call, use a Locale","streamconverter-core/src/main/java/com/streamConverter/config/SecurityConfigurationManager.java",286,parseFileSize,3,"UseLocaleWithCaseConversions","Error Prone",
"SecurityConfigurationManager","A method should have only one exit point, and that should be the last statement in the method","streamconverter-core/src/main/java/com/streamConverter/config/SecurityConfigurationManager.java",301,parseFileSize,3,OnlyOneReturn,"Code Style",
"SecurityConfigurationManager","Logger calls should be surrounded by log level guards.","streamconverter-core/src/main/java/com/streamConverter/config/SecurityConfigurationManager.java",312,"logSecurityConfigurationStatus",2,GuardLogStatement,"Best Practices",
"SecurityConfigurationManager","Logger calls should be surrounded by log level guards.","streamconverter-core/src/main/java/com/streamConverter/config/SecurityConfigurationManager.java",313,"logSecurityConfigurationStatus",2,GuardLogStatement,"Best Practices",
"SecurityConfigurationManager","Logger calls should be surrounded by log level guards.","streamconverter-core/src/main/java/com/streamConverter/config/SecurityConfigurationManager.java",314,"logSecurityConfigurationStatus",2,GuardLogStatement,"Best Practices",
"SecurityConfigurationManager","Logger calls should be surrounded by log level guards.","streamconverter-core/src/main/java/com/streamConverter/config/SecurityConfigurationManager.java",315,"logSecurityConfigurationStatus",2,GuardLogStatement,"Best Practices",
"SecurityConfigurationManager","Logger calls should be surrounded by log level guards.","streamconverter-core/src/main/java/com/streamConverter/config/SecurityConfigurationManager.java",317,"logSecurityConfigurationStatus",2,GuardLogStatement,"Best Practices",
ExecutionContext,"Package name contains upper case characters","streamconverter-core/src/main/java/com/streamConverter/context/ExecutionContext.java",1,,3,PackageCase,"Code Style",
ExecutionContext,"This class has only private constructors and may be final","streamconverter-core/src/main/java/com/streamConverter/context/ExecutionContext.java",17,,1,"ClassWithOnlyPrivateConstructorsShouldBeFinal",Design,
ExecutionContext,"Avoid excessively long variable names like COMMAND_SEQUENCE_KEY","streamconverter-core/src/main/java/com/streamConverter/context/ExecutionContext.java",33,,3,LongVariable,"Code Style",COMMAND_SEQUENCE_KEY
ExecutionContext,"Parameter 'builder' is not assigned and could be declared final","streamconverter-core/src/main/java/com/streamConverter/context/ExecutionContext.java",41,ExecutionContext,3,"MethodArgumentCouldBeFinal","Code Style",builder
ExecutionContext,"Access to field `startTime` on foreign value `builder` (degree 1)","streamconverter-core/src/main/java/com/streamConverter/context/ExecutionContext.java",43,ExecutionContext,3,LawOfDemeter,Design,
ExecutionContext,"Parameter 'key' is not assigned and could be declared final","streamconverter-core/src/main/java/com/streamConverter/context/ExecutionContext.java",109,getGlobalContext,3,"MethodArgumentCouldBeFinal","Code Style",key
ExecutionContext,"Parameter 'key' is not assigned and could be declared final","streamconverter-core/src/main/java/com/streamConverter/context/ExecutionContext.java",128,getUserContext,3,"MethodArgumentCouldBeFinal","Code Style",key
ExecutionContext,"Parameter 'key' is not assigned and could be declared final","streamconverter-core/src/main/java/com/streamConverter/context/ExecutionContext.java",138,setUserContext,3,"MethodArgumentCouldBeFinal","Code Style",key
ExecutionContext,"Parameter 'value' is not assigned and could be declared final","streamconverter-core/src/main/java/com/streamConverter/context/ExecutionContext.java",138,setUserContext,3,"MethodArgumentCouldBeFinal","Code Style",value
ExecutionContext,"Call to `toString` on foreign value `startTime` (degree 2)","streamconverter-core/src/main/java/com/streamConverter/context/ExecutionContext.java",163,applyToMDC,3,LawOfDemeter,Design,
ExecutionContext,"Parameter 'stageName' is not assigned and could be declared final","streamconverter-core/src/main/java/com/streamConverter/context/ExecutionContext.java",179,applyToMDCWithStage,3,"MethodArgumentCouldBeFinal","Code Style",stageName
Builder,"Field executionId has the same name as a method","streamconverter-core/src/main/java/com/streamConverter/context/ExecutionContext.java",201,,3,"AvoidFieldNameMatchingMethodName","Error Prone",executionId
Builder,"Field startTime has the same name as a method","streamconverter-core/src/main/java/com/streamConverter/context/ExecutionContext.java",202,,3,"AvoidFieldNameMatchingMethodName","Error Prone",startTime
Builder,"Field 'globalContext' may be declared final","streamconverter-core/src/main/java/com/streamConverter/context/ExecutionContext.java",203,,3,ImmutableField,Design,globalContext
Builder,"Field globalContext has the same name as a method","streamconverter-core/src/main/java/com/streamConverter/context/ExecutionContext.java",203,,3,"AvoidFieldNameMatchingMethodName","Error Prone",globalContext
Builder,"Field 'userContext' may be declared final","streamconverter-core/src/main/java/com/streamConverter/context/ExecutionContext.java",204,,3,ImmutableField,Design,userContext
Builder,"Field userContext has the same name as a method","streamconverter-core/src/main/java/com/streamConverter/context/ExecutionContext.java",204,,3,"AvoidFieldNameMatchingMethodName","Error Prone",userContext
Builder,"Parameter 'executionId' is not assigned and could be declared final","streamconverter-core/src/main/java/com/streamConverter/context/ExecutionContext.java",212,executionId,3,"MethodArgumentCouldBeFinal","Code Style",executionId
Builder,"Parameter 'startTime' is not assigned and could be declared final","streamconverter-core/src/main/java/com/streamConverter/context/ExecutionContext.java",223,startTime,3,"MethodArgumentCouldBeFinal","Code Style",startTime
Builder,"Parameter 'key' is not assigned and could be declared final","streamconverter-core/src/main/java/com/streamConverter/context/ExecutionContext.java",235,globalContext,3,"MethodArgumentCouldBeFinal","Code Style",key
Builder,"Parameter 'value' is not assigned and could be declared final","streamconverter-core/src/main/java/com/streamConverter/context/ExecutionContext.java",235,globalContext,3,"MethodArgumentCouldBeFinal","Code Style",value
Builder,"Parameter 'context' is not assigned and could be declared final","streamconverter-core/src/main/java/com/streamConverter/context/ExecutionContext.java",251,globalContext,3,"MethodArgumentCouldBeFinal","Code Style",context
Builder,"Parameter 'key' is not assigned and could be declared final","streamconverter-core/src/main/java/com/streamConverter/context/ExecutionContext.java",265,userContext,3,"MethodArgumentCouldBeFinal","Code Style",key
Builder,"Parameter 'value' is not assigned and could be declared final","streamconverter-core/src/main/java/com/streamConverter/context/ExecutionContext.java",265,userContext,3,"MethodArgumentCouldBeFinal","Code Style",value
Builder,"Parameter 'context' is not assigned and could be declared final","streamconverter-core/src/main/java/com/streamConverter/context/ExecutionContext.java",281,userContext,3,"MethodArgumentCouldBeFinal","Code Style",context
ExecutionContext,"Parameter 'obj' is not assigned and could be declared final","streamconverter-core/src/main/java/com/streamConverter/context/ExecutionContext.java",313,equals,3,"MethodArgumentCouldBeFinal","Code Style",obj
ExecutionContext,"A method should have only one exit point, and that should be the last statement in the method","streamconverter-core/src/main/java/com/streamConverter/context/ExecutionContext.java",314,equals,3,OnlyOneReturn,"Code Style",
ExecutionContext,"This statement should have braces","streamconverter-core/src/main/java/com/streamConverter/context/ExecutionContext.java",314,equals,3,ControlStatementBraces,"Code Style",
ExecutionContext,"A method should have only one exit point, and that should be the last statement in the method","streamconverter-core/src/main/java/com/streamConverter/context/ExecutionContext.java",315,equals,3,OnlyOneReturn,"Code Style",
ExecutionContext,"This statement should have braces","streamconverter-core/src/main/java/com/streamConverter/context/ExecutionContext.java",315,equals,3,ControlStatementBraces,"Code Style",
ExecutionContext,"Local variable 'that' could be declared final","streamconverter-core/src/main/java/com/streamConverter/context/ExecutionContext.java",316,equals,3,"LocalVariableCouldBeFinal","Code Style",that
AbstractStreamController,"Package name contains upper case characters","streamconverter-core/src/main/java/com/streamConverter/controller/AbstractStreamController.java",1,,3,PackageCase,"Code Style",
AbstractStreamController,"The constant name 'log' doesn't match '[A-Z][A-Z_0-9]*'","streamconverter-core/src/main/java/com/streamConverter/controller/AbstractStreamController.java",60,,1,FieldNamingConventions,"Code Style",log
AbstractStreamController,"Avoid using redundant field initializer for 'configured'","streamconverter-core/src/main/java/com/streamConverter/controller/AbstractStreamController.java",69,,3,"RedundantFieldInitializer",Performance,configured
AbstractStreamController,"Parameter 'inputStream' is not assigned and could be declared final","streamconverter-core/src/main/java/com/streamConverter/controller/AbstractStreamController.java",95,process,3,"MethodArgumentCouldBeFinal","Code Style",inputStream
AbstractStreamController,"Parameter 'outputStream' is not assigned and could be declared final","streamconverter-core/src/main/java/com/streamConverter/controller/AbstractStreamController.java",95,process,3,"MethodArgumentCouldBeFinal","Code Style",outputStream
AbstractStreamController,"Local variable 'controllerName' could be declared final","streamconverter-core/src/main/java/com/streamConverter/controller/AbstractStreamController.java",103,process,3,"LocalVariableCouldBeFinal","Code Style",controllerName
AbstractStreamController,"Logger calls should be surrounded by log level guards.","streamconverter-core/src/main/java/com/streamConverter/controller/AbstractStreamController.java",105,process,2,GuardLogStatement,"Best Practices",
AbstractStreamController,"Local variable 'results' could be declared final","streamconverter-core/src/main/java/com/streamConverter/controller/AbstractStreamController.java",109,process,3,"LocalVariableCouldBeFinal","Code Style",results
AbstractStreamController,"Logger calls should be surrounded by log level guards.","streamconverter-core/src/main/java/com/streamConverter/controller/AbstractStreamController.java",115,process,2,GuardLogStatement,"Best Practices",
AbstractStreamController,"Avoid catching generic exceptions such as NullPointerException, RuntimeException, Exception in try-catch block","streamconverter-core/src/main/java/com/streamConverter/controller/AbstractStreamController.java",118,process,3,"AvoidCatchingGenericException",Design,
AbstractStreamController,"Logger calls should be surrounded by log level guards.","streamconverter-core/src/main/java/com/streamConverter/controller/AbstractStreamController.java",119,process,2,GuardLogStatement,"Best Practices",
AbstractStreamController,"A method should have only one exit point, and that should be the last statement in the method","streamconverter-core/src/main/java/com/streamConverter/controller/AbstractStreamController.java",146,"getConfigurationDescription",3,OnlyOneReturn,"Code Style",
AbstractStreamController,"Local variable 'desc' could be declared final","streamconverter-core/src/main/java/com/streamConverter/controller/AbstractStreamController.java",149,"getConfigurationDescription",3,"LocalVariableCouldBeFinal","Code Style",desc
AbstractStreamController,"StringBuilder has been initialized with size 16, but has at least 35 characters appended.","streamconverter-core/src/main/java/com/streamConverter/controller/AbstractStreamController.java",149,"getConfigurationDescription",3,"InsufficientStringBufferDeclaration",Performance,desc
AbstractStreamController,"This statement should have braces","streamconverter-core/src/main/java/com/streamConverter/controller/AbstractStreamController.java",161,"getConfigurationDescription",3,ControlStatementBraces,"Code Style",
AbstractStreamController,"Avoid appending characters as strings in StringBuffer.append.","streamconverter-core/src/main/java/com/streamConverter/controller/AbstractStreamController.java",164,"getConfigurationDescription",3,AppendCharacterWithChar,Performance,
AbstractStreamController,"Logger calls should be surrounded by log level guards.","streamconverter-core/src/main/java/com/streamConverter/controller/AbstractStreamController.java",205,ensureConfigured,2,GuardLogStatement,"Best Practices",
AbstractStreamController,"Local variable 'commands' could be declared final","streamconverter-core/src/main/java/com/streamConverter/controller/AbstractStreamController.java",215,ensureConfigured,3,"LocalVariableCouldBeFinal","Code Style",commands
AbstractStreamController,"Logger calls should be surrounded by log level guards.","streamconverter-core/src/main/java/com/streamConverter/controller/AbstractStreamController.java",222,ensureConfigured,2,GuardLogStatement,"Best Practices",
AbstractStreamController,"Exception thrown at line 211 is caught in this block.","streamconverter-core/src/main/java/com/streamConverter/controller/AbstractStreamController.java",227,ensureConfigured,3,ExceptionAsFlowControl,Design,
AbstractStreamController,"Avoid catching generic exceptions such as NullPointerException, RuntimeException, Exception in try-catch block","streamconverter-core/src/main/java/com/streamConverter/controller/AbstractStreamController.java",227,ensureConfigured,3,"AvoidCatchingGenericException",Design,
AbstractStreamController,"Logger calls should be surrounded by log level guards.","streamconverter-core/src/main/java/com/streamConverter/controller/AbstractStreamController.java",228,ensureConfigured,2,GuardLogStatement,"Best Practices",
AbstractStreamController,"An empty method in an abstract class should be abstract instead","streamconverter-core/src/main/java/com/streamConverter/controller/AbstractStreamController.java",266,validateConfiguration,1,"EmptyMethodInAbstractClassShouldBeAbstract","Code Style",
ControllerFactory,"Package name contains upper case characters","streamconverter-core/src/main/java/com/streamConverter/controller/ControllerFactory.java",1,,3,PackageCase,"Code Style",
ControllerFactory,"This utility class has a non-private constructor","streamconverter-core/src/main/java/com/streamConverter/controller/ControllerFactory.java",54,,3,UseUtilityClass,Design,
ControllerFactory,"The constant name 'log' doesn't match '[A-Z][A-Z_0-9]*'","streamconverter-core/src/main/java/com/streamConverter/controller/ControllerFactory.java",56,,1,FieldNamingConventions,"Code Style",log
ControllerFactory,"Avoid excessively long variable names like controllerRegistry","streamconverter-core/src/main/java/com/streamConverter/controller/ControllerFactory.java",59,,3,LongVariable,"Code Style",controllerRegistry
ControllerFactory,"The constant name 'controllerRegistry' doesn't match '[A-Z][A-Z_0-9]*'","streamconverter-core/src/main/java/com/streamConverter/controller/ControllerFactory.java",59,,1,FieldNamingConventions,"Code Style",controllerRegistry
ControllerFactory,"The constant name 'builderRegistry' doesn't match '[A-Z][A-Z_0-9]*'","streamconverter-core/src/main/java/com/streamConverter/controller/ControllerFactory.java",62,,1,FieldNamingConventions,"Code Style",builderRegistry
ControllerFactory,"The constant name 'commandFactory' doesn't match '[A-Z][A-Z_0-9]*'","streamconverter-core/src/main/java/com/streamConverter/controller/ControllerFactory.java",65,,1,FieldNamingConventions,"Code Style",commandFactory
ControllerFactory,"Parameter 'inputType' is not assigned and could be declared final","streamconverter-core/src/main/java/com/streamConverter/controller/ControllerFactory.java",88,getController,3,"MethodArgumentCouldBeFinal","Code Style",inputType
ControllerFactory,"Parameter 'outputType' is not assigned and could be declared final","streamconverter-core/src/main/java/com/streamConverter/controller/ControllerFactory.java",88,getController,3,"MethodArgumentCouldBeFinal","Code Style",outputType
ControllerFactory,"The String literal ""Output type cannot be null"" appears 6 times in this file; the first occurrence is on line 89","streamconverter-core/src/main/java/com/streamConverter/controller/ControllerFactory.java",89,getController,3,AvoidDuplicateLiterals,"Error Prone",
ControllerFactory,"Parameter 'inputType' is not assigned and could be declared final","streamconverter-core/src/main/java/com/streamConverter/controller/ControllerFactory.java",104,getController,3,"MethodArgumentCouldBeFinal","Code Style",inputType
ControllerFactory,"Parameter 'outputType' is not assigned and could be declared final","streamconverter-core/src/main/java/com/streamConverter/controller/ControllerFactory.java",104,getController,3,"MethodArgumentCouldBeFinal","Code Style",outputType
ControllerFactory,"The String literal ""Input type cannot be null"" appears 4 times in this file; the first occurrence is on line 105","streamconverter-core/src/main/java/com/streamConverter/controller/ControllerFactory.java",105,getController,3,AvoidDuplicateLiterals,"Error Prone",
ControllerFactory,"Local variable 'key' could be declared final","streamconverter-core/src/main/java/com/streamConverter/controller/ControllerFactory.java",108,getController,3,"LocalVariableCouldBeFinal","Code Style",key
ControllerFactory,"Local variable 'cachedController' could be declared final","streamconverter-core/src/main/java/com/streamConverter/controller/ControllerFactory.java",111,getController,3,"LocalVariableCouldBeFinal","Code Style",cachedController
ControllerFactory,"A method should have only one exit point, and that should be the last statement in the method","streamconverter-core/src/main/java/com/streamConverter/controller/ControllerFactory.java",114,getController,3,OnlyOneReturn,"Code Style",
ControllerFactory,"Local variable 'builder' could be declared final","streamconverter-core/src/main/java/com/streamConverter/controller/ControllerFactory.java",118,getController,3,"LocalVariableCouldBeFinal","Code Style",builder
ControllerFactory,"Local variable 'controller' could be declared final","streamconverter-core/src/main/java/com/streamConverter/controller/ControllerFactory.java",120,getController,3,"LocalVariableCouldBeFinal","Code Style",controller
ControllerFactory,"A method should have only one exit point, and that should be the last statement in the method","streamconverter-core/src/main/java/com/streamConverter/controller/ControllerFactory.java",125,getController,3,OnlyOneReturn,"Code Style",
ControllerFactory,"Parameter 'inputType' is not assigned and could be declared final","streamconverter-core/src/main/java/com/streamConverter/controller/ControllerFactory.java",163,createWithCommandFactory,3,"MethodArgumentCouldBeFinal","Code Style",inputType
ControllerFactory,"Parameter 'outputType' is not assigned and could be declared final","streamconverter-core/src/main/java/com/streamConverter/controller/ControllerFactory.java",163,createWithCommandFactory,3,"MethodArgumentCouldBeFinal","Code Style",outputType
ControllerFactory,"Avoid excessively long variable names like enableDetailedLogging","streamconverter-core/src/main/java/com/streamConverter/controller/ControllerFactory.java",163,createWithCommandFactory,3,LongVariable,"Code Style",enableDetailedLogging
ControllerFactory,"Parameter 'enableDetailedLogging' is not assigned and could be declared final","streamconverter-core/src/main/java/com/streamConverter/controller/ControllerFactory.java",163,createWithCommandFactory,3,"MethodArgumentCouldBeFinal","Code Style",enableDetailedLogging
ControllerFactory,"Parameter 'inputType' is not assigned and could be declared final","streamconverter-core/src/main/java/com/streamConverter/controller/ControllerFactory.java",180,createWithCommandFactory,3,"MethodArgumentCouldBeFinal","Code Style",inputType
ControllerFactory,"Parameter 'outputType' is not assigned and could be declared final","streamconverter-core/src/main/java/com/streamConverter/controller/ControllerFactory.java",180,createWithCommandFactory,3,"MethodArgumentCouldBeFinal","Code Style",outputType
ControllerFactory,"Avoid excessively long variable names like enableDetailedLogging","streamconverter-core/src/main/java/com/streamConverter/controller/ControllerFactory.java",180,createWithCommandFactory,3,LongVariable,"Code Style",enableDetailedLogging
ControllerFactory,"Parameter 'enableDetailedLogging' is not assigned and could be declared final","streamconverter-core/src/main/java/com/streamConverter/controller/ControllerFactory.java",180,createWithCommandFactory,3,"MethodArgumentCouldBeFinal","Code Style",enableDetailedLogging
ControllerFactory,"Local variable 'key' could be declared final","streamconverter-core/src/main/java/com/streamConverter/controller/ControllerFactory.java",184,createWithCommandFactory,3,"LocalVariableCouldBeFinal","Code Style",key
ControllerFactory,"Local variable 'cachedController' could be declared final","streamconverter-core/src/main/java/com/streamConverter/controller/ControllerFactory.java",187,createWithCommandFactory,3,"LocalVariableCouldBeFinal","Code Style",cachedController
ControllerFactory,"A method should have only one exit point, and that should be the last statement in the method","streamconverter-core/src/main/java/com/streamConverter/controller/ControllerFactory.java",191,createWithCommandFactory,3,OnlyOneReturn,"Code Style",
ControllerFactory,"Local variable 'builder' could be declared final","streamconverter-core/src/main/java/com/streamConverter/controller/ControllerFactory.java",195,createWithCommandFactory,3,"LocalVariableCouldBeFinal","Code Style",builder
ControllerFactory,"Local variable 'enhancedBuilder' could be declared final","streamconverter-core/src/main/java/com/streamConverter/controller/ControllerFactory.java",197,createWithCommandFactory,3,"LocalVariableCouldBeFinal","Code Style",enhancedBuilder
ControllerFactory,"Local variable 'controller' could be declared final","streamconverter-core/src/main/java/com/streamConverter/controller/ControllerFactory.java",198,createWithCommandFactory,3,"LocalVariableCouldBeFinal","Code Style",controller
ControllerFactory,"A method should have only one exit point, and that should be the last statement in the method","streamconverter-core/src/main/java/com/streamConverter/controller/ControllerFactory.java",207,createWithCommandFactory,3,OnlyOneReturn,"Code Style",
ControllerFactory,"Parameter 'inputType' is not assigned and could be declared final","streamconverter-core/src/main/java/com/streamConverter/controller/ControllerFactory.java",224,registerController,3,"MethodArgumentCouldBeFinal","Code Style",inputType
ControllerFactory,"Parameter 'outputType' is not assigned and could be declared final","streamconverter-core/src/main/java/com/streamConverter/controller/ControllerFactory.java",224,registerController,3,"MethodArgumentCouldBeFinal","Code Style",outputType
ControllerFactory,"Parameter 'controller' is not assigned and could be declared final","streamconverter-core/src/main/java/com/streamConverter/controller/ControllerFactory.java",224,registerController,3,"MethodArgumentCouldBeFinal","Code Style",controller
ControllerFactory,"Local variable 'key' could be declared final","streamconverter-core/src/main/java/com/streamConverter/controller/ControllerFactory.java",229,registerController,3,"LocalVariableCouldBeFinal","Code Style",key
ControllerFactory,"Logger calls should be surrounded by log level guards.","streamconverter-core/src/main/java/com/streamConverter/controller/ControllerFactory.java",232,registerController,2,GuardLogStatement,"Best Practices",
ControllerFactory,"Parameter 'inputType' is not assigned and could be declared final","streamconverter-core/src/main/java/com/streamConverter/controller/ControllerFactory.java",246,registerBuilder,3,"MethodArgumentCouldBeFinal","Code Style",inputType
ControllerFactory,"Parameter 'builder' is not assigned and could be declared final","streamconverter-core/src/main/java/com/streamConverter/controller/ControllerFactory.java",246,registerBuilder,3,"MethodArgumentCouldBeFinal","Code Style",builder
ControllerFactory,"Logger calls should be surrounded by log level guards.","streamconverter-core/src/main/java/com/streamConverter/controller/ControllerFactory.java",252,registerBuilder,2,GuardLogStatement,"Best Practices",
ControllerFactory,"Parameter 'inputType' is not assigned and could be declared final","streamconverter-core/src/main/java/com/streamConverter/controller/ControllerFactory.java",268,createOptimized,3,"MethodArgumentCouldBeFinal","Code Style",inputType
ControllerFactory,"Parameter 'outputType' is not assigned and could be declared final","streamconverter-core/src/main/java/com/streamConverter/controller/ControllerFactory.java",268,createOptimized,3,"MethodArgumentCouldBeFinal","Code Style",outputType
ControllerFactory,"Parameter 'config' is not assigned and could be declared final","streamconverter-core/src/main/java/com/streamConverter/controller/ControllerFactory.java",268,createOptimized,3,"MethodArgumentCouldBeFinal","Code Style",config
ControllerFactory,"Local variable 'key' could be declared final","streamconverter-core/src/main/java/com/streamConverter/controller/ControllerFactory.java",272,createOptimized,3,"LocalVariableCouldBeFinal","Code Style",key
ControllerFactory,"Local variable 'cached' could be declared final","streamconverter-core/src/main/java/com/streamConverter/controller/ControllerFactory.java",275,createOptimized,3,"LocalVariableCouldBeFinal","Code Style",cached
ControllerFactory,"A method should have only one exit point, and that should be the last statement in the method","streamconverter-core/src/main/java/com/streamConverter/controller/ControllerFactory.java",278,createOptimized,3,OnlyOneReturn,"Code Style",
ControllerFactory,"Local variable 'builder' could be declared final","streamconverter-core/src/main/java/com/streamConverter/controller/ControllerFactory.java",282,createOptimized,3,"LocalVariableCouldBeFinal","Code Style",builder
ControllerFactory,"Local variable 'enhancedBuilder' could be declared final","streamconverter-core/src/main/java/com/streamConverter/controller/ControllerFactory.java",284,createOptimized,3,"LocalVariableCouldBeFinal","Code Style",enhancedBuilder
ControllerFactory,"Local variable 'controller' could be declared final","streamconverter-core/src/main/java/com/streamConverter/controller/ControllerFactory.java",287,createOptimized,3,"LocalVariableCouldBeFinal","Code Style",controller
ControllerFactory,"Deeply nested if..then statements are hard to read","streamconverter-core/src/main/java/com/streamConverter/controller/ControllerFactory.java",297,createOptimized,3,AvoidDeeplyNestedIfStmts,Design,
ControllerFactory,"A method should have only one exit point, and that should be the last statement in the method","streamconverter-core/src/main/java/com/streamConverter/controller/ControllerFactory.java",300,createOptimized,3,OnlyOneReturn,"Code Style",
ControllerFactory,"Parameter 'inputType' is not assigned and could be declared final","streamconverter-core/src/main/java/com/streamConverter/controller/ControllerFactory.java",339,createRegistryKey,3,"MethodArgumentCouldBeFinal","Code Style",inputType
ControllerFactory,"Parameter 'outputType' is not assigned and could be declared final","streamconverter-core/src/main/java/com/streamConverter/controller/ControllerFactory.java",339,createRegistryKey,3,"MethodArgumentCouldBeFinal","Code Style",outputType
ControllerBuilder,"Annotate this interface with @FunctionalInterface or with @SuppressWarnings(""PMD.ImplicitFunctionalInterface"") to clarify your intent.","streamconverter-core/src/main/java/com/streamConverter/controller/ControllerFactory.java",344,,2,"ImplicitFunctionalInterface","Best Practices",
"CommandFactoryAwareBuilder","Avoid excessively long variable names like enableDetailedLogging","streamconverter-core/src/main/java/com/streamConverter/controller/ControllerFactory.java",363,createWithCommandFactory,3,LongVariable,"Code Style",enableDetailedLogging
CsvControllerBuilder,"Parameter 'outputType' is not assigned and could be declared final","streamconverter-core/src/main/java/com/streamConverter/controller/ControllerFactory.java",370,createForOutputType,3,"MethodArgumentCouldBeFinal","Code Style",outputType
CsvControllerBuilder,"Local variable 'type' could be declared final","streamconverter-core/src/main/java/com/streamConverter/controller/ControllerFactory.java",371,createForOutputType,3,"LocalVariableCouldBeFinal","Code Style",type
CsvControllerBuilder,"A method should have only one exit point, and that should be the last statement in the method","streamconverter-core/src/main/java/com/streamConverter/controller/ControllerFactory.java",373,createForOutputType,3,OnlyOneReturn,"Code Style",
CsvControllerBuilder,"Parameter 'outputType' is not assigned and could be declared final","streamconverter-core/src/main/java/com/streamConverter/controller/ControllerFactory.java",387,createForOutputType,3,"MethodArgumentCouldBeFinal","Code Style",outputType
CsvControllerBuilder,"A method should have only one exit point, and that should be the last statement in the method","streamconverter-core/src/main/java/com/streamConverter/controller/ControllerFactory.java",390,createForOutputType,3,OnlyOneReturn,"Code Style",
CsvControllerBuilder,"The String literal ""default"" appears 5 times in this file; the first occurrence is on line 390","streamconverter-core/src/main/java/com/streamConverter/controller/ControllerFactory.java",390,createForOutputType,3,AvoidDuplicateLiterals,"Error Prone",
CsvControllerBuilder,"A method should have only one exit point, and that should be the last statement in the method","streamconverter-core/src/main/java/com/streamConverter/controller/ControllerFactory.java",392,createForOutputType,3,OnlyOneReturn,"Code Style",
CsvControllerBuilder,"A method should have only one exit point, and that should be the last statement in the method","streamconverter-core/src/main/java/com/streamConverter/controller/ControllerFactory.java",394,createForOutputType,3,OnlyOneReturn,"Code Style",
CsvControllerBuilder,"Parameter 'columnSelector' is not assigned and could be declared final","streamconverter-core/src/main/java/com/streamConverter/controller/ControllerFactory.java",407,forColumnExtraction,3,"MethodArgumentCouldBeFinal","Code Style",columnSelector
CsvControllerBuilder,"Parameter 'columnSelector' is not assigned and could be declared final","streamconverter-core/src/main/java/com/streamConverter/controller/ControllerFactory.java",418,forComplexProcessing,3,"MethodArgumentCouldBeFinal","Code Style",columnSelector
CsvControllerBuilder,"Parameter 'processorId' is not assigned and could be declared final","streamconverter-core/src/main/java/com/streamConverter/controller/ControllerFactory.java",418,forComplexProcessing,3,"MethodArgumentCouldBeFinal","Code Style",processorId
CsvControllerBuilder,"Parameter 'outputType' is not assigned and could be declared final","streamconverter-core/src/main/java/com/streamConverter/controller/ControllerFactory.java",433,createWithCommandFactory,3,"MethodArgumentCouldBeFinal","Code Style",outputType
CsvControllerBuilder,"Avoid excessively long variable names like enableDetailedLogging","streamconverter-core/src/main/java/com/streamConverter/controller/ControllerFactory.java",433,createWithCommandFactory,3,LongVariable,"Code Style",enableDetailedLogging
CsvControllerBuilder,"Parameter 'enableDetailedLogging' is not assigned and could be declared final","streamconverter-core/src/main/java/com/streamConverter/controller/ControllerFactory.java",433,createWithCommandFactory,3,"MethodArgumentCouldBeFinal","Code Style",enableDetailedLogging
CsvControllerBuilder,"Local variable 'controller' could be declared final","streamconverter-core/src/main/java/com/streamConverter/controller/ControllerFactory.java",436,createWithCommandFactory,3,"LocalVariableCouldBeFinal","Code Style",controller
JsonControllerBuilder,"Parameter 'outputType' is not assigned and could be declared final","streamconverter-core/src/main/java/com/streamConverter/controller/ControllerFactory.java",453,createForOutputType,3,"MethodArgumentCouldBeFinal","Code Style",outputType
JsonControllerBuilder,"Local variable 'type' could be declared final","streamconverter-core/src/main/java/com/streamConverter/controller/ControllerFactory.java",454,createForOutputType,3,"LocalVariableCouldBeFinal","Code Style",type
JsonControllerBuilder,"A method should have only one exit point, and that should be the last statement in the method","streamconverter-core/src/main/java/com/streamConverter/controller/ControllerFactory.java",456,createForOutputType,3,OnlyOneReturn,"Code Style",
JsonControllerBuilder,"Parameter 'outputType' is not assigned and could be declared final","streamconverter-core/src/main/java/com/streamConverter/controller/ControllerFactory.java",470,createForOutputType,3,"MethodArgumentCouldBeFinal","Code Style",outputType
JsonControllerBuilder,"A method should have only one exit point, and that should be the last statement in the method","streamconverter-core/src/main/java/com/streamConverter/controller/ControllerFactory.java",473,createForOutputType,3,OnlyOneReturn,"Code Style",
JsonControllerBuilder,"A method should have only one exit point, and that should be the last statement in the method","streamconverter-core/src/main/java/com/streamConverter/controller/ControllerFactory.java",475,createForOutputType,3,OnlyOneReturn,"Code Style",
JsonControllerBuilder,"A method should have only one exit point, and that should be the last statement in the method","streamconverter-core/src/main/java/com/streamConverter/controller/ControllerFactory.java",477,createForOutputType,3,OnlyOneReturn,"Code Style",
JsonControllerBuilder,"A method should have only one exit point, and that should be the last statement in the method","streamconverter-core/src/main/java/com/streamConverter/controller/ControllerFactory.java",479,createForOutputType,3,OnlyOneReturn,"Code Style",
JsonControllerBuilder,"Parameter 'propertyPath' is not assigned and could be declared final","streamconverter-core/src/main/java/com/streamConverter/controller/ControllerFactory.java",494,forPropertyExtraction,3,"MethodArgumentCouldBeFinal","Code Style",propertyPath
JsonControllerBuilder,"Parameter 'enableValidation' is not assigned and could be declared final","streamconverter-core/src/main/java/com/streamConverter/controller/ControllerFactory.java",494,forPropertyExtraction,3,"MethodArgumentCouldBeFinal","Code Style",enableValidation
JsonControllerBuilder,"Parameter 'propertyPath' is not assigned and could be declared final","streamconverter-core/src/main/java/com/streamConverter/controller/ControllerFactory.java",515,forTransformation,3,"MethodArgumentCouldBeFinal","Code Style",propertyPath
JsonControllerBuilder,"Parameter 'processingStages' is not assigned and could be declared final","streamconverter-core/src/main/java/com/streamConverter/controller/ControllerFactory.java",515,forTransformation,3,"MethodArgumentCouldBeFinal","Code Style",processingStages
JsonControllerBuilder,"Parameter 'outputType' is not assigned and could be declared final","streamconverter-core/src/main/java/com/streamConverter/controller/ControllerFactory.java",521,createWithCommandFactory,3,"MethodArgumentCouldBeFinal","Code Style",outputType
JsonControllerBuilder,"Avoid excessively long variable names like enableDetailedLogging","streamconverter-core/src/main/java/com/streamConverter/controller/ControllerFactory.java",521,createWithCommandFactory,3,LongVariable,"Code Style",enableDetailedLogging
JsonControllerBuilder,"Parameter 'enableDetailedLogging' is not assigned and could be declared final","streamconverter-core/src/main/java/com/streamConverter/controller/ControllerFactory.java",521,createWithCommandFactory,3,"MethodArgumentCouldBeFinal","Code Style",enableDetailedLogging
JsonControllerBuilder,"Local variable 'controller' could be declared final","streamconverter-core/src/main/java/com/streamConverter/controller/ControllerFactory.java",524,createWithCommandFactory,3,"LocalVariableCouldBeFinal","Code Style",controller
CsvProcessingController,"Package name contains upper case characters","streamconverter-core/src/main/java/com/streamConverter/controller/CsvProcessingController.java",1,,3,PackageCase,"Code Style",
CsvProcessingController,"This class has only private constructors and may be final","streamconverter-core/src/main/java/com/streamConverter/controller/CsvProcessingController.java",36,,1,"ClassWithOnlyPrivateConstructorsShouldBeFinal",Design,
ProcessingMode,"Avoid excessively long variable names like COMPLEX_PROCESSING","streamconverter-core/src/main/java/com/streamConverter/controller/CsvProcessingController.java",43,,3,LongVariable,"Code Style",COMPLEX_PROCESSING
CsvProcessingController,"It is a good practice to call super() in a constructor","streamconverter-core/src/main/java/com/streamConverter/controller/CsvProcessingController.java",64,CsvProcessingController,3,CallSuperInConstructor,"Code Style",
CsvProcessingController,"Parameter 'columnSelector' is not assigned and could be declared final","streamconverter-core/src/main/java/com/streamConverter/controller/CsvProcessingController.java",64,CsvProcessingController,3,"MethodArgumentCouldBeFinal","Code Style",columnSelector
CsvProcessingController,"It is a good practice to call super() in a constructor","streamconverter-core/src/main/java/com/streamConverter/controller/CsvProcessingController.java",76,CsvProcessingController,3,CallSuperInConstructor,"Code Style",
CsvProcessingController,"Parameter 'columnSelector' is not assigned and could be declared final","streamconverter-core/src/main/java/com/streamConverter/controller/CsvProcessingController.java",76,CsvProcessingController,3,"MethodArgumentCouldBeFinal","Code Style",columnSelector
CsvProcessingController,"Parameter 'processorId' is not assigned and could be declared final","streamconverter-core/src/main/java/com/streamConverter/controller/CsvProcessingController.java",76,CsvProcessingController,3,"MethodArgumentCouldBeFinal","Code Style",processorId
CsvProcessingController,"It is a good practice to call super() in a constructor","streamconverter-core/src/main/java/com/streamConverter/controller/CsvProcessingController.java",83,CsvProcessingController,3,CallSuperInConstructor,"Code Style",
CsvProcessingController,"Parameter 'columnSelector' is not assigned and could be declared final","streamconverter-core/src/main/java/com/streamConverter/controller/CsvProcessingController.java",95,forColumnExtraction,3,"MethodArgumentCouldBeFinal","Code Style",columnSelector
CsvProcessingController,"String.trim().length() == 0 / String.trim().isEmpty() is an inefficient way to validate a blank String.","streamconverter-core/src/main/java/com/streamConverter/controller/CsvProcessingController.java",96,forColumnExtraction,3,"InefficientEmptyStringCheck",Performance,
CsvProcessingController,"Parameter 'columnSelector' is not assigned and could be declared final","streamconverter-core/src/main/java/com/streamConverter/controller/CsvProcessingController.java",110,forComplexProcessing,3,"MethodArgumentCouldBeFinal","Code Style",columnSelector
CsvProcessingController,"Parameter 'processorId' is not assigned and could be declared final","streamconverter-core/src/main/java/com/streamConverter/controller/CsvProcessingController.java",110,forComplexProcessing,3,"MethodArgumentCouldBeFinal","Code Style",processorId
CsvProcessingController,"String.trim().length() == 0 / String.trim().isEmpty() is an inefficient way to validate a blank String.","streamconverter-core/src/main/java/com/streamConverter/controller/CsvProcessingController.java",111,forComplexProcessing,3,"InefficientEmptyStringCheck",Performance,
CsvProcessingController,"String.trim().length() == 0 / String.trim().isEmpty() is an inefficient way to validate a blank String.","streamconverter-core/src/main/java/com/streamConverter/controller/CsvProcessingController.java",114,forComplexProcessing,3,"InefficientEmptyStringCheck",Performance,
CsvProcessingController,"The switch block is exhaustive even without the default case","streamconverter-core/src/main/java/com/streamConverter/controller/CsvProcessingController.java",136,configureCommands,3,"ExhaustiveSwitchHasDefault","Best Practices",
CsvProcessingController,"A method should have only one exit point, and that should be the last statement in the method","streamconverter-core/src/main/java/com/streamConverter/controller/CsvProcessingController.java",138,configureCommands,3,OnlyOneReturn,"Code Style",
CsvProcessingController,"A method should have only one exit point, and that should be the last statement in the method","streamconverter-core/src/main/java/com/streamConverter/controller/CsvProcessingController.java",144,configureCommands,3,OnlyOneReturn,"Code Style",
CsvProcessingController,"A method should have only one exit point, and that should be the last statement in the method","streamconverter-core/src/main/java/com/streamConverter/controller/CsvProcessingController.java",151,configureCommands,3,OnlyOneReturn,"Code Style",
CsvProcessingController,"The switch block is exhaustive even without the default case","streamconverter-core/src/main/java/com/streamConverter/controller/CsvProcessingController.java",172,getOutputDataType,3,"ExhaustiveSwitchHasDefault","Best Practices",
CsvProcessingController,"A method should have only one exit point, and that should be the last statement in the method","streamconverter-core/src/main/java/com/streamConverter/controller/CsvProcessingController.java",174,getOutputDataType,3,OnlyOneReturn,"Code Style",
CsvProcessingController,"A method should have only one exit point, and that should be the last statement in the method","streamconverter-core/src/main/java/com/streamConverter/controller/CsvProcessingController.java",176,getOutputDataType,3,OnlyOneReturn,"Code Style",
CsvProcessingController,"A method should have only one exit point, and that should be the last statement in the method","streamconverter-core/src/main/java/com/streamConverter/controller/CsvProcessingController.java",178,getOutputDataType,3,OnlyOneReturn,"Code Style",
CsvProcessingController,"A method should have only one exit point, and that should be the last statement in the method","streamconverter-core/src/main/java/com/streamConverter/controller/CsvProcessingController.java",180,getOutputDataType,3,OnlyOneReturn,"Code Style",
CsvProcessingController,"Local variable 'desc' could be declared final","streamconverter-core/src/main/java/com/streamConverter/controller/CsvProcessingController.java",215,"getConfigurationDescription",3,"LocalVariableCouldBeFinal","Code Style",desc
IStreamController,"Package name contains upper case characters","streamconverter-core/src/main/java/com/streamConverter/controller/IStreamController.java",1,,3,PackageCase,"Code Style",
JsonProcessingController,"Package name contains upper case characters","streamconverter-core/src/main/java/com/streamConverter/controller/JsonProcessingController.java",1,,3,PackageCase,"Code Style",
JsonProcessingController,"Possible God Class (WMC=51, ATFD=10, TCC=25.758%)","streamconverter-core/src/main/java/com/streamConverter/controller/JsonProcessingController.java",39,,3,GodClass,Design,
JsonProcessingController,"This class has only private constructors and may be final","streamconverter-core/src/main/java/com/streamConverter/controller/JsonProcessingController.java",39,,1,"ClassWithOnlyPrivateConstructorsShouldBeFinal",Design,
JsonProcessingController,"Avoid excessively long variable names like DEFAULT_SCHEMA_PATH","streamconverter-core/src/main/java/com/streamConverter/controller/JsonProcessingController.java",42,,3,LongVariable,"Code Style",DEFAULT_SCHEMA_PATH
ProcessingScenario,"Avoid excessively long variable names like PROPERTY_EXTRACTION","streamconverter-core/src/main/java/com/streamConverter/controller/JsonProcessingController.java",47,,3,LongVariable,"Code Style",PROPERTY_EXTRACTION
ProcessingScenario,"Avoid excessively long variable names like VALIDATION_WITH_EXTRACTION","streamconverter-core/src/main/java/com/streamConverter/controller/JsonProcessingController.java",51,,3,LongVariable,"Code Style","VALIDATION_WITH_EXTRACTION"
ProcessingScenario,"Avoid excessively long variable names like MULTI_STAGE_TRANSFORMATION","streamconverter-core/src/main/java/com/streamConverter/controller/JsonProcessingController.java",53,,3,LongVariable,"Code Style","MULTI_STAGE_TRANSFORMATION"
JsonProcessingController,"It is a good practice to call super() in a constructor","streamconverter-core/src/main/java/com/streamConverter/controller/JsonProcessingController.java",69,JsonProcessingController,3,CallSuperInConstructor,"Code Style",
JsonProcessingController,"Parameter 'propertyPath' is not assigned and could be declared final","streamconverter-core/src/main/java/com/streamConverter/controller/JsonProcessingController.java",69,JsonProcessingController,3,"MethodArgumentCouldBeFinal","Code Style",propertyPath
JsonProcessingController,"Parameter 'enableValidation' is not assigned and could be declared final","streamconverter-core/src/main/java/com/streamConverter/controller/JsonProcessingController.java",69,JsonProcessingController,3,"MethodArgumentCouldBeFinal","Code Style",enableValidation
JsonProcessingController,"It is a good practice to call super() in a constructor","streamconverter-core/src/main/java/com/streamConverter/controller/JsonProcessingController.java",80,JsonProcessingController,3,CallSuperInConstructor,"Code Style",
JsonProcessingController,"It is a good practice to call super() in a constructor","streamconverter-core/src/main/java/com/streamConverter/controller/JsonProcessingController.java",88,JsonProcessingController,3,CallSuperInConstructor,"Code Style",
JsonProcessingController,"Parameter 'propertyPath' is not assigned and could be declared final","streamconverter-core/src/main/java/com/streamConverter/controller/JsonProcessingController.java",88,JsonProcessingController,3,"MethodArgumentCouldBeFinal","Code Style",propertyPath
JsonProcessingController,"Parameter 'processingStages' is not assigned and could be declared final","streamconverter-core/src/main/java/com/streamConverter/controller/JsonProcessingController.java",88,JsonProcessingController,3,"MethodArgumentCouldBeFinal","Code Style",processingStages
JsonProcessingController,"Parameter 'propertyPath' is not assigned and could be declared final","streamconverter-core/src/main/java/com/streamConverter/controller/JsonProcessingController.java",103,forPropertyExtraction,3,"MethodArgumentCouldBeFinal","Code Style",propertyPath
JsonProcessingController,"Parameter 'enableValidation' is not assigned and could be declared final","streamconverter-core/src/main/java/com/streamConverter/controller/JsonProcessingController.java",103,forPropertyExtraction,3,"MethodArgumentCouldBeFinal","Code Style",enableValidation
JsonProcessingController,"String.trim().length() == 0 / String.trim().isEmpty() is an inefficient way to validate a blank String.","streamconverter-core/src/main/java/com/streamConverter/controller/JsonProcessingController.java",104,forPropertyExtraction,3,"InefficientEmptyStringCheck",Performance,
JsonProcessingController,"The method 'forTransformation(String, String[])' has a cyclomatic complexity of 11.","streamconverter-core/src/main/java/com/streamConverter/controller/JsonProcessingController.java",126,forTransformation,3,CyclomaticComplexity,Design,
JsonProcessingController,"Parameter 'propertyPath' is not assigned and could be declared final","streamconverter-core/src/main/java/com/streamConverter/controller/JsonProcessingController.java",127,forTransformation,3,"MethodArgumentCouldBeFinal","Code Style",propertyPath
JsonProcessingController,"Parameter 'processingStages' is not assigned and could be declared final","streamconverter-core/src/main/java/com/streamConverter/controller/JsonProcessingController.java",127,forTransformation,3,"MethodArgumentCouldBeFinal","Code Style",processingStages
JsonProcessingController,"String.trim().length() == 0 / String.trim().isEmpty() is an inefficient way to validate a blank String.","streamconverter-core/src/main/java/com/streamConverter/controller/JsonProcessingController.java",128,forTransformation,3,"InefficientEmptyStringCheck",Performance,
JsonProcessingController,"String.trim().length() == 0 / String.trim().isEmpty() is an inefficient way to validate a blank String.","streamconverter-core/src/main/java/com/streamConverter/controller/JsonProcessingController.java",137,forTransformation,3,"InefficientEmptyStringCheck",Performance,
JsonProcessingController,"The switch block is exhaustive even without the default case","streamconverter-core/src/main/java/com/streamConverter/controller/JsonProcessingController.java",148,configureCommands,3,"ExhaustiveSwitchHasDefault","Best Practices",
JsonProcessingController,"A method should have only one exit point, and that should be the last statement in the method","streamconverter-core/src/main/java/com/streamConverter/controller/JsonProcessingController.java",150,configureCommands,3,OnlyOneReturn,"Code Style",
JsonProcessingController,"A method should have only one exit point, and that should be the last statement in the method","streamconverter-core/src/main/java/com/streamConverter/controller/JsonProcessingController.java",156,configureCommands,3,OnlyOneReturn,"Code Style",
JsonProcessingController,"A method should have only one exit point, and that should be the last statement in the method","streamconverter-core/src/main/java/com/streamConverter/controller/JsonProcessingController.java",159,configureCommands,3,OnlyOneReturn,"Code Style",
JsonProcessingController,"Local variable 'configs' could be declared final","streamconverter-core/src/main/java/com/streamConverter/controller/JsonProcessingController.java",168,configureCommands,3,"LocalVariableCouldBeFinal","Code Style",configs
JsonProcessingController,"The switch block is exhaustive even without the default case","streamconverter-core/src/main/java/com/streamConverter/controller/JsonProcessingController.java",198,getOutputDataType,3,"ExhaustiveSwitchHasDefault","Best Practices",
JsonProcessingController,"A method should have only one exit point, and that should be the last statement in the method","streamconverter-core/src/main/java/com/streamConverter/controller/JsonProcessingController.java",200,getOutputDataType,3,OnlyOneReturn,"Code Style",
JsonProcessingController,"A method should have only one exit point, and that should be the last statement in the method","streamconverter-core/src/main/java/com/streamConverter/controller/JsonProcessingController.java",202,getOutputDataType,3,OnlyOneReturn,"Code Style",
JsonProcessingController,"A method should have only one exit point, and that should be the last statement in the method","streamconverter-core/src/main/java/com/streamConverter/controller/JsonProcessingController.java",204,getOutputDataType,3,OnlyOneReturn,"Code Style",
JsonProcessingController,"A method should have only one exit point, and that should be the last statement in the method","streamconverter-core/src/main/java/com/streamConverter/controller/JsonProcessingController.java",206,getOutputDataType,3,OnlyOneReturn,"Code Style",
JsonProcessingController,"Local variable 'desc' could be declared final","streamconverter-core/src/main/java/com/streamConverter/controller/JsonProcessingController.java",250,"getConfigurationDescription",3,"LocalVariableCouldBeFinal","Code Style",desc
JsonProcessingController,"This if statement could be combined with its parent","streamconverter-core/src/main/java/com/streamConverter/controller/JsonProcessingController.java",278,validateConfiguration,3,CollapsibleIfStatements,Design,
OutputType,"Package name contains upper case characters","streamconverter-core/src/main/java/com/streamConverter/controller/OutputType.java",1,,3,PackageCase,"Code Style",
OutputType,"Avoid excessively long variable names like VALIDATED_JSON_PROPERTY","streamconverter-core/src/main/java/com/streamConverter/controller/OutputType.java",42,,3,LongVariable,"Code Style",VALIDATED_JSON_PROPERTY
OutputType,"Parameter 'value' is not assigned and could be declared final","streamconverter-core/src/main/java/com/streamConverter/controller/OutputType.java",62,OutputType,3,"MethodArgumentCouldBeFinal","Code Style",value
OutputType,"Parameter 'description' is not assigned and could be declared final","streamconverter-core/src/main/java/com/streamConverter/controller/OutputType.java",62,OutputType,3,"MethodArgumentCouldBeFinal","Code Style",description
OutputType,"Parameter 'value' is not assigned and could be declared final","streamconverter-core/src/main/java/com/streamConverter/controller/OutputType.java",101,fromString,3,"MethodArgumentCouldBeFinal","Code Style",value
OutputType,"A method should have only one exit point, and that should be the last statement in the method","streamconverter-core/src/main/java/com/streamConverter/controller/OutputType.java",103,fromString,3,OnlyOneReturn,"Code Style",
OutputType,"Local variable 'type' could be declared final","streamconverter-core/src/main/java/com/streamConverter/controller/OutputType.java",106,fromString,3,"LocalVariableCouldBeFinal","Code Style",type
OutputType,"A method should have only one exit point, and that should be the last statement in the method","streamconverter-core/src/main/java/com/streamConverter/controller/OutputType.java",108,fromString,3,OnlyOneReturn,"Code Style",
OutputType,"Parameter 'value' is not assigned and could be declared final","streamconverter-core/src/main/java/com/streamConverter/controller/OutputType.java",121,isValid,3,"MethodArgumentCouldBeFinal","Code Style",value
PmdAnalysisController,"Package name contains upper case characters","streamconverter-core/src/main/java/com/streamConverter/controller/PmdAnalysisController.java",1,,3,PackageCase,"Code Style",
PmdAnalysisController,"This class has only private constructors and may be final","streamconverter-core/src/main/java/com/streamConverter/controller/PmdAnalysisController.java",41,,1,"ClassWithOnlyPrivateConstructorsShouldBeFinal",Design,
ConversionFormat,"Parameter 'description' is not assigned and could be declared final","streamconverter-core/src/main/java/com/streamConverter/controller/PmdAnalysisController.java",53,ConversionFormat,3,"MethodArgumentCouldBeFinal","Code Style",description
PmdAnalysisController,"It is a good practice to call super() in a constructor","streamconverter-core/src/main/java/com/streamConverter/controller/PmdAnalysisController.java",62,PmdAnalysisController,3,CallSuperInConstructor,"Code Style",
PmdAnalysisController,"Parameter 'format' is not assigned and could be declared final","streamconverter-core/src/main/java/com/streamConverter/controller/PmdAnalysisController.java",62,PmdAnalysisController,3,"MethodArgumentCouldBeFinal","Code Style",format
PmdAnalysisController,"When doing a String.toLowerCase()/toUpperCase() call, use a Locale","streamconverter-core/src/main/java/com/streamConverter/controller/PmdAnalysisController.java",112,"getConfigurationDescription",3,"UseLocaleWithCaseConversions","Error Prone",
AbstractFactory,"Package name contains upper case characters","streamconverter-core/src/main/java/com/streamConverter/factory/AbstractFactory.java",1,,3,PackageCase,"Code Style",
AbstractFactory,"This abstract class does not have any abstract methods","streamconverter-core/src/main/java/com/streamConverter/factory/AbstractFactory.java",27,,3,"AbstractClassWithoutAbstractMethod","Best Practices",
AbstractFactory,"The constant name 'log' doesn't match '[A-Z][A-Z_0-9]*'","streamconverter-core/src/main/java/com/streamConverter/factory/AbstractFactory.java",28,,1,FieldNamingConventions,"Code Style",log
AbstractFactory,"Logger calls should be surrounded by log level guards.","streamconverter-core/src/main/java/com/streamConverter/factory/AbstractFactory.java",39,AbstractFactory,2,GuardLogStatement,"Best Practices",
AbstractFactory,"Parameter 'config' is not assigned and could be declared final","streamconverter-core/src/main/java/com/streamConverter/factory/AbstractFactory.java",47,AbstractFactory,3,"MethodArgumentCouldBeFinal","Code Style",config
AbstractFactory,"Logger calls should be surrounded by log level guards.","streamconverter-core/src/main/java/com/streamConverter/factory/AbstractFactory.java",49,AbstractFactory,2,GuardLogStatement,"Best Practices",
AbstractFactory,"Parameter 'clazz' is not assigned and could be declared final","streamconverter-core/src/main/java/com/streamConverter/factory/AbstractFactory.java",62,createInstance,3,"MethodArgumentCouldBeFinal","Code Style",clazz
AbstractFactory,"Parameter 'args' is not assigned and could be declared final","streamconverter-core/src/main/java/com/streamConverter/factory/AbstractFactory.java",62,createInstance,3,"MethodArgumentCouldBeFinal","Code Style",args
AbstractFactory,"Local variable 'constructor' could be declared final","streamconverter-core/src/main/java/com/streamConverter/factory/AbstractFactory.java",66,createInstance,3,"LocalVariableCouldBeFinal","Code Style",constructor
AbstractFactory,"You should not modify visibility of constructors, methods or fields using setAccessible()","streamconverter-core/src/main/java/com/streamConverter/factory/AbstractFactory.java",67,createInstance,3,"AvoidAccessibilityAlteration","Error Prone",
AbstractFactory,"A method should have only one exit point, and that should be the last statement in the method","streamconverter-core/src/main/java/com/streamConverter/factory/AbstractFactory.java",68,createInstance,3,OnlyOneReturn,"Code Style",
AbstractFactory,"Local variable 'bestMatch' could be declared final","streamconverter-core/src/main/java/com/streamConverter/factory/AbstractFactory.java",72,createInstance,3,"LocalVariableCouldBeFinal","Code Style",bestMatch
AbstractFactory,"You should not modify visibility of constructors, methods or fields using setAccessible()","streamconverter-core/src/main/java/com/streamConverter/factory/AbstractFactory.java",73,createInstance,3,"AvoidAccessibilityAlteration","Error Prone",
AbstractFactory,"Avoid catching generic exceptions such as NullPointerException, RuntimeException, Exception in try-catch block","streamconverter-core/src/main/java/com/streamConverter/factory/AbstractFactory.java",76,createInstance,3,"AvoidCatchingGenericException",Design,
AbstractFactory,"Local variable 'message' could be declared final","streamconverter-core/src/main/java/com/streamConverter/factory/AbstractFactory.java",77,createInstance,3,"LocalVariableCouldBeFinal","Code Style",message
AbstractFactory,"Parameter 'clazz' is not assigned and could be declared final","streamconverter-core/src/main/java/com/streamConverter/factory/AbstractFactory.java",96,"findBestMatchingConstructor",3,"MethodArgumentCouldBeFinal","Code Style",clazz
AbstractFactory,"Consider using varargs for methods or constructors which take an array the last parameter.","streamconverter-core/src/main/java/com/streamConverter/factory/AbstractFactory.java",96,"findBestMatchingConstructor",4,UseVarargs,"Best Practices",args
AbstractFactory,"Parameter 'args' is not assigned and could be declared final","streamconverter-core/src/main/java/com/streamConverter/factory/AbstractFactory.java",96,"findBestMatchingConstructor",3,"MethodArgumentCouldBeFinal","Code Style",args
AbstractFactory,"Local variable 'constructors' could be declared final","streamconverter-core/src/main/java/com/streamConverter/factory/AbstractFactory.java",98,"findBestMatchingConstructor",3,"LocalVariableCouldBeFinal","Code Style",constructors
AbstractFactory,"Local variable 'constructor' could be declared final","streamconverter-core/src/main/java/com/streamConverter/factory/AbstractFactory.java",101,"findBestMatchingConstructor",3,"LocalVariableCouldBeFinal","Code Style",constructor
AbstractFactory,"A method should have only one exit point, and that should be the last statement in the method","streamconverter-core/src/main/java/com/streamConverter/factory/AbstractFactory.java",103,"findBestMatchingConstructor",3,OnlyOneReturn,"Code Style",
AbstractFactory,"Local variable 'constructor' could be declared final","streamconverter-core/src/main/java/com/streamConverter/factory/AbstractFactory.java",108,"findBestMatchingConstructor",3,"LocalVariableCouldBeFinal","Code Style",constructor
AbstractFactory,"Parameter 'constructor' is not assigned and could be declared final","streamconverter-core/src/main/java/com/streamConverter/factory/AbstractFactory.java",121,isExactMatch,3,"MethodArgumentCouldBeFinal","Code Style",constructor
AbstractFactory,"Consider using varargs for methods or constructors which take an array the last parameter.","streamconverter-core/src/main/java/com/streamConverter/factory/AbstractFactory.java",121,isExactMatch,4,UseVarargs,"Best Practices",args
AbstractFactory,"Parameter 'args' is not assigned and could be declared final","streamconverter-core/src/main/java/com/streamConverter/factory/AbstractFactory.java",121,isExactMatch,3,"MethodArgumentCouldBeFinal","Code Style",args
AbstractFactory,"Local variable 'paramTypes' could be declared final","streamconverter-core/src/main/java/com/streamConverter/factory/AbstractFactory.java",122,isExactMatch,3,"LocalVariableCouldBeFinal","Code Style",paramTypes
AbstractFactory,"A method should have only one exit point, and that should be the last statement in the method","streamconverter-core/src/main/java/com/streamConverter/factory/AbstractFactory.java",124,isExactMatch,3,OnlyOneReturn,"Code Style",
AbstractFactory,"A method should have only one exit point, and that should be the last statement in the method","streamconverter-core/src/main/java/com/streamConverter/factory/AbstractFactory.java",129,isExactMatch,3,OnlyOneReturn,"Code Style",
AbstractFactory,"Parameter 'constructor' is not assigned and could be declared final","streamconverter-core/src/main/java/com/streamConverter/factory/AbstractFactory.java",136,isCompatibleMatch,3,"MethodArgumentCouldBeFinal","Code Style",constructor
AbstractFactory,"Consider using varargs for methods or constructors which take an array the last parameter.","streamconverter-core/src/main/java/com/streamConverter/factory/AbstractFactory.java",136,isCompatibleMatch,4,UseVarargs,"Best Practices",args
AbstractFactory,"Parameter 'args' is not assigned and could be declared final","streamconverter-core/src/main/java/com/streamConverter/factory/AbstractFactory.java",136,isCompatibleMatch,3,"MethodArgumentCouldBeFinal","Code Style",args
AbstractFactory,"Local variable 'paramTypes' could be declared final","streamconverter-core/src/main/java/com/streamConverter/factory/AbstractFactory.java",137,isCompatibleMatch,3,"LocalVariableCouldBeFinal","Code Style",paramTypes
AbstractFactory,"A method should have only one exit point, and that should be the last statement in the method","streamconverter-core/src/main/java/com/streamConverter/factory/AbstractFactory.java",139,isCompatibleMatch,3,OnlyOneReturn,"Code Style",
AbstractFactory,"A method should have only one exit point, and that should be the last statement in the method","streamconverter-core/src/main/java/com/streamConverter/factory/AbstractFactory.java",144,isCompatibleMatch,3,OnlyOneReturn,"Code Style",
AbstractFactory,"Parameter 'paramType' is not assigned and could be declared final","streamconverter-core/src/main/java/com/streamConverter/factory/AbstractFactory.java",151,isTypeCompatible,3,"MethodArgumentCouldBeFinal","Code Style",paramType
AbstractFactory,"Parameter 'argType' is not assigned and could be declared final","streamconverter-core/src/main/java/com/streamConverter/factory/AbstractFactory.java",151,isTypeCompatible,3,"MethodArgumentCouldBeFinal","Code Style",argType
AbstractFactory,"A method should have only one exit point, and that should be the last statement in the method","streamconverter-core/src/main/java/com/streamConverter/factory/AbstractFactory.java",153,isTypeCompatible,3,OnlyOneReturn,"Code Style",
AbstractFactory,"This if statement can be replaced by `return {condition} || {elseBranch};`","streamconverter-core/src/main/java/com/streamConverter/factory/AbstractFactory.java",157,isTypeCompatible,3,SimplifyBooleanReturns,Design,
AbstractFactory,"A method should have only one exit point, and that should be the last statement in the method","streamconverter-core/src/main/java/com/streamConverter/factory/AbstractFactory.java",158,isTypeCompatible,3,OnlyOneReturn,"Code Style",
AbstractFactory,"Unnecessary qualifier 'java.util': 'Map' is already in scope because it is imported in this file","streamconverter-core/src/main/java/com/streamConverter/factory/AbstractFactory.java",166,,4,"UnnecessaryFullyQualifiedName","Code Style",
AbstractFactory,"Avoid excessively long variable names like PRIMITIVE_WRAPPER_MAP","streamconverter-core/src/main/java/com/streamConverter/factory/AbstractFactory.java",166,,3,LongVariable,"Code Style",PRIMITIVE_WRAPPER_MAP
AbstractFactory,"Fields should be declared at the top of the class, before any method declarations, constructors, initializers or inner classes.","streamconverter-core/src/main/java/com/streamConverter/factory/AbstractFactory.java",166,,3,"FieldDeclarationsShouldBeAtStartOfClass","Code Style",PRIMITIVE_WRAPPER_MAP
AbstractFactory,"Unnecessary qualifier 'java.util': 'Map' is already in scope because it is imported in this file","streamconverter-core/src/main/java/com/streamConverter/factory/AbstractFactory.java",167,,4,"UnnecessaryFullyQualifiedName","Code Style",
AbstractFactory,"Parameter 'paramType' is not assigned and could be declared final","streamconverter-core/src/main/java/com/streamConverter/factory/AbstractFactory.java",178,isPrimitiveWrapperMatch,3,"MethodArgumentCouldBeFinal","Code Style",paramType
AbstractFactory,"Parameter 'argType' is not assigned and could be declared final","streamconverter-core/src/main/java/com/streamConverter/factory/AbstractFactory.java",178,isPrimitiveWrapperMatch,3,"MethodArgumentCouldBeFinal","Code Style",argType
AbstractFactory,"Consider using varargs for methods or constructors which take an array the last parameter.","streamconverter-core/src/main/java/com/streamConverter/factory/AbstractFactory.java",183,getArgumentTypes,4,UseVarargs,"Best Practices",args
AbstractFactory,"Parameter 'args' is not assigned and could be declared final","streamconverter-core/src/main/java/com/streamConverter/factory/AbstractFactory.java",183,getArgumentTypes,3,"MethodArgumentCouldBeFinal","Code Style",args
AbstractFactory,"A method should have only one exit point, and that should be the last statement in the method","streamconverter-core/src/main/java/com/streamConverter/factory/AbstractFactory.java",185,getArgumentTypes,3,OnlyOneReturn,"Code Style",
AbstractFactory,"Avoid variables with short names like sb","streamconverter-core/src/main/java/com/streamConverter/factory/AbstractFactory.java",188,getArgumentTypes,3,ShortVariable,"Code Style",sb
AbstractFactory,"Local variable 'sb' could be declared final","streamconverter-core/src/main/java/com/streamConverter/factory/AbstractFactory.java",188,getArgumentTypes,3,"LocalVariableCouldBeFinal","Code Style",sb
AbstractFactory,"This statement should have braces","streamconverter-core/src/main/java/com/streamConverter/factory/AbstractFactory.java",190,getArgumentTypes,3,ControlStatementBraces,"Code Style",
AbstractFactory,"Avoid appending characters as strings in StringBuffer.append.","streamconverter-core/src/main/java/com/streamConverter/factory/AbstractFactory.java",193,getArgumentTypes,3,AppendCharacterWithChar,Performance,
AbstractFactory,"Parameter 'keyComponents' is not assigned and could be declared final","streamconverter-core/src/main/java/com/streamConverter/factory/AbstractFactory.java",203,createCacheKey,3,"MethodArgumentCouldBeFinal","Code Style",keyComponents
AbstractFactory,"A method should have only one exit point, and that should be the last statement in the method","streamconverter-core/src/main/java/com/streamConverter/factory/AbstractFactory.java",205,createCacheKey,3,OnlyOneReturn,"Code Style",
AbstractFactory,"Avoid variables with short names like sb","streamconverter-core/src/main/java/com/streamConverter/factory/AbstractFactory.java",208,createCacheKey,3,ShortVariable,"Code Style",sb
AbstractFactory,"Local variable 'sb' could be declared final","streamconverter-core/src/main/java/com/streamConverter/factory/AbstractFactory.java",208,createCacheKey,3,"LocalVariableCouldBeFinal","Code Style",sb
AbstractFactory,"This statement should have braces","streamconverter-core/src/main/java/com/streamConverter/factory/AbstractFactory.java",210,createCacheKey,3,ControlStatementBraces,"Code Style",
AbstractFactory,"Avoid appending characters as strings in StringBuffer.append.","streamconverter-core/src/main/java/com/streamConverter/factory/AbstractFactory.java",210,createCacheKey,3,AppendCharacterWithChar,Performance,
AbstractFactory,"Parameter 'key' is not assigned and could be declared final","streamconverter-core/src/main/java/com/streamConverter/factory/AbstractFactory.java",222,getCachedInstance,3,"MethodArgumentCouldBeFinal","Code Style",key
AbstractFactory,"Parameter 'key' is not assigned and could be declared final","streamconverter-core/src/main/java/com/streamConverter/factory/AbstractFactory.java",232,cacheInstance,3,"MethodArgumentCouldBeFinal","Code Style",key
AbstractFactory,"Parameter 'instance' is not assigned and could be declared final","streamconverter-core/src/main/java/com/streamConverter/factory/AbstractFactory.java",232,cacheInstance,3,"MethodArgumentCouldBeFinal","Code Style",instance
AbstractFactory,"Logger calls should be surrounded by log level guards.","streamconverter-core/src/main/java/com/streamConverter/factory/AbstractFactory.java",235,cacheInstance,2,GuardLogStatement,"Best Practices",
AbstractFactory,"Local variable 'cacheSize' could be declared final","streamconverter-core/src/main/java/com/streamConverter/factory/AbstractFactory.java",241,clearCache,3,"LocalVariableCouldBeFinal","Code Style",cacheSize
FactoryConfiguration,"Package name contains upper case characters","streamconverter-core/src/main/java/com/streamConverter/factory/FactoryConfiguration.java",1,,3,PackageCase,"Code Style",
FactoryConfiguration,"Avoid excessively long variable names like DEFAULT_CACHE_SIZE","streamconverter-core/src/main/java/com/streamConverter/factory/FactoryConfiguration.java",23,,3,LongVariable,"Code Style",DEFAULT_CACHE_SIZE
FactoryConfiguration,"Avoid excessively long variable names like DEFAULT_LOGGING_ENABLED","streamconverter-core/src/main/java/com/streamConverter/factory/FactoryConfiguration.java",26,,3,LongVariable,"Code Style",DEFAULT_LOGGING_ENABLED
FactoryConfiguration,"Avoid excessively long variable names like detailedLoggingEnabled","streamconverter-core/src/main/java/com/streamConverter/factory/FactoryConfiguration.java",29,,3,LongVariable,"Code Style",detailedLoggingEnabled
FactoryConfiguration,"Avoid excessively long variable names like cacheExpirationMinutes","streamconverter-core/src/main/java/com/streamConverter/factory/FactoryConfiguration.java",31,,3,LongVariable,"Code Style",cacheExpirationMinutes
FactoryConfiguration,"Parameter 'cachingEnabled' is not assigned and could be declared final","streamconverter-core/src/main/java/com/streamConverter/factory/FactoryConfiguration.java",44,FactoryConfiguration,3,"MethodArgumentCouldBeFinal","Code Style",cachingEnabled
FactoryConfiguration,"Avoid excessively long variable names like detailedLoggingEnabled","streamconverter-core/src/main/java/com/streamConverter/factory/FactoryConfiguration.java",45,FactoryConfiguration,3,LongVariable,"Code Style",detailedLoggingEnabled
FactoryConfiguration,"Parameter 'detailedLoggingEnabled' is not assigned and could be declared final","streamconverter-core/src/main/java/com/streamConverter/factory/FactoryConfiguration.java",45,FactoryConfiguration,3,"MethodArgumentCouldBeFinal","Code Style",detailedLoggingEnabled
FactoryConfiguration,"Parameter 'maxCacheSize' is not assigned and could be declared final","streamconverter-core/src/main/java/com/streamConverter/factory/FactoryConfiguration.java",46,FactoryConfiguration,3,"MethodArgumentCouldBeFinal","Code Style",maxCacheSize
FactoryConfiguration,"Avoid excessively long variable names like cacheExpirationMinutes","streamconverter-core/src/main/java/com/streamConverter/factory/FactoryConfiguration.java",47,FactoryConfiguration,3,LongVariable,"Code Style",cacheExpirationMinutes
FactoryConfiguration,"Parameter 'cacheExpirationMinutes' is not assigned and could be declared final","streamconverter-core/src/main/java/com/streamConverter/factory/FactoryConfiguration.java",47,FactoryConfiguration,3,"MethodArgumentCouldBeFinal","Code Style",cacheExpirationMinutes
FactoryConfiguration,"Parameter 'failFastOnError' is not assigned and could be declared final","streamconverter-core/src/main/java/com/streamConverter/factory/FactoryConfiguration.java",48,FactoryConfiguration,3,"MethodArgumentCouldBeFinal","Code Style",failFastOnError
Builder,"Avoid excessively long variable names like detailedLoggingEnabled","streamconverter-core/src/main/java/com/streamConverter/factory/FactoryConfiguration.java",173,,3,LongVariable,"Code Style",detailedLoggingEnabled
Builder,"Avoid using redundant field initializer for 'detailedLoggingEnabled'","streamconverter-core/src/main/java/com/streamConverter/factory/FactoryConfiguration.java",173,,3,"RedundantFieldInitializer",Performance,detailedLoggingEnabled
Builder,"Field maxCacheSize has the same name as a method","streamconverter-core/src/main/java/com/streamConverter/factory/FactoryConfiguration.java",174,,3,"AvoidFieldNameMatchingMethodName","Error Prone",maxCacheSize
Builder,"Avoid excessively long variable names like cacheExpirationMinutes","streamconverter-core/src/main/java/com/streamConverter/factory/FactoryConfiguration.java",175,,3,LongVariable,"Code Style",cacheExpirationMinutes
Builder,"Avoid using redundant field initializer for 'cacheExpirationMinutes'","streamconverter-core/src/main/java/com/streamConverter/factory/FactoryConfiguration.java",175,,3,"RedundantFieldInitializer",Performance,cacheExpirationMinutes
Builder,"Parameter 'enabled' is not assigned and could be declared final","streamconverter-core/src/main/java/com/streamConverter/factory/FactoryConfiguration.java",184,caching,3,"MethodArgumentCouldBeFinal","Code Style",enabled
Builder,"Parameter 'enabled' is not assigned and could be declared final","streamconverter-core/src/main/java/com/streamConverter/factory/FactoryConfiguration.java",195,detailedLogging,3,"MethodArgumentCouldBeFinal","Code Style",enabled
Builder,"Parameter 'size' is not assigned and could be declared final","streamconverter-core/src/main/java/com/streamConverter/factory/FactoryConfiguration.java",206,maxCacheSize,3,"MethodArgumentCouldBeFinal","Code Style",size
Builder,"Parameter 'minutes' is not assigned and could be declared final","streamconverter-core/src/main/java/com/streamConverter/factory/FactoryConfiguration.java",217,cacheExpiration,3,"MethodArgumentCouldBeFinal","Code Style",minutes
Builder,"Parameter 'enabled' is not assigned and could be declared final","streamconverter-core/src/main/java/com/streamConverter/factory/FactoryConfiguration.java",228,failFast,3,"MethodArgumentCouldBeFinal","Code Style",enabled
FactoryException,"Package name contains upper case characters","streamconverter-core/src/main/java/com/streamConverter/factory/FactoryException.java",1,,3,PackageCase,"Code Style",
FactoryException,"Parameter 'message' is not assigned and could be declared final","streamconverter-core/src/main/java/com/streamConverter/factory/FactoryException.java",20,FactoryException,3,"MethodArgumentCouldBeFinal","Code Style",message
FactoryException,"Parameter 'message' is not assigned and could be declared final","streamconverter-core/src/main/java/com/streamConverter/factory/FactoryException.java",30,FactoryException,3,"MethodArgumentCouldBeFinal","Code Style",message
FactoryException,"Parameter 'cause' is not assigned and could be declared final","streamconverter-core/src/main/java/com/streamConverter/factory/FactoryException.java",30,FactoryException,3,"MethodArgumentCouldBeFinal","Code Style",cause
FactoryException,"Parameter 'cause' is not assigned and could be declared final","streamconverter-core/src/main/java/com/streamConverter/factory/FactoryException.java",39,FactoryException,3,"MethodArgumentCouldBeFinal","Code Style",cause
FixedStaXPathHandler,"Package name contains upper case characters","streamconverter-core/src/main/java/com/streamConverter/pathHandler/FixedStaXPathHandler.java",1,,3,PackageCase,"Code Style",
FixedStaXPathHandler,"The constant name 'log' doesn't match '[A-Z][A-Z_0-9]*'","streamconverter-core/src/main/java/com/streamConverter/pathHandler/FixedStaXPathHandler.java",22,,1,FieldNamingConventions,"Code Style",log
FixedStaXPathHandler,"Field 'targetXpath' may be declared final","streamconverter-core/src/main/java/com/streamConverter/pathHandler/FixedStaXPathHandler.java",24,,3,ImmutableField,Design,targetXpath
FixedStaXPathHandler,"Parameter 'xpath' is not assigned and could be declared final","streamconverter-core/src/main/java/com/streamConverter/pathHandler/FixedStaXPathHandler.java",32,FixedStaXPathHandler,3,"MethodArgumentCouldBeFinal","Code Style",xpath
FixedStaXPathHandler,"Local variable 'trimmedXpath' could be declared final","streamconverter-core/src/main/java/com/streamConverter/pathHandler/FixedStaXPathHandler.java",37,FixedStaXPathHandler,3,"LocalVariableCouldBeFinal","Code Style",trimmedXpath
FixedStaXPathHandler,"Local variable 'normalizedPath' could be declared final","streamconverter-core/src/main/java/com/streamConverter/pathHandler/FixedStaXPathHandler.java",43,FixedStaXPathHandler,3,"LocalVariableCouldBeFinal","Code Style",normalizedPath
FixedStaXPathHandler,"Parameter 'xpathList' is not assigned and could be declared final","streamconverter-core/src/main/java/com/streamConverter/pathHandler/FixedStaXPathHandler.java",72,isTarget,3,"MethodArgumentCouldBeFinal","Code Style",xpathList
FixedStaXPathHandler,"A method should have only one exit point, and that should be the last statement in the method","streamconverter-core/src/main/java/com/streamConverter/pathHandler/FixedStaXPathHandler.java",77,isTarget,3,OnlyOneReturn,"Code Style",
FixedStaXPathHandler,"A method should have only one exit point, and that should be the last statement in the method","streamconverter-core/src/main/java/com/streamConverter/pathHandler/FixedStaXPathHandler.java",81,isTarget,3,OnlyOneReturn,"Code Style",
IStaXPathHandler,"Package name contains upper case characters","streamconverter-core/src/main/java/com/streamConverter/pathHandler/IStaXPathHandler.java",1,,3,PackageCase,"Code Style",
IStaXPathHandler,"Annotate this interface with @FunctionalInterface or with @SuppressWarnings(""PMD.ImplicitFunctionalInterface"") to clarify your intent.","streamconverter-core/src/main/java/com/streamConverter/pathHandler/IStaXPathHandler.java",10,,2,"ImplicitFunctionalInterface","Best Practices",
SecureXPathValidator,"Package name contains upper case characters","streamconverter-core/src/main/java/com/streamConverter/security/SecureXPathValidator.java",1,,3,PackageCase,"Code Style",
SecureXPathValidator,"Class contains more than one logger.","streamconverter-core/src/main/java/com/streamConverter/security/SecureXPathValidator.java",25,,2,MoreThanOneLogger,"Error Prone",
SecureXPathValidator,"This class has only private constructors and may be final","streamconverter-core/src/main/java/com/streamConverter/security/SecureXPathValidator.java",25,,1,"ClassWithOnlyPrivateConstructorsShouldBeFinal",Design,
SecureXPathValidator,"The constant name 'logger' doesn't match '[A-Z][A-Z_0-9]*'","streamconverter-core/src/main/java/com/streamConverter/security/SecureXPathValidator.java",27,,1,FieldNamingConventions,"Code Style",logger
SecureXPathValidator,"The constant name 'securityLogger' doesn't match '[A-Z][A-Z_0-9]*'","streamconverter-core/src/main/java/com/streamConverter/security/SecureXPathValidator.java",28,,1,FieldNamingConventions,"Code Style",securityLogger
SecureXPathValidator,"The constant name 'securityConfig' doesn't match '[A-Z][A-Z_0-9]*'","streamconverter-core/src/main/java/com/streamConverter/security/SecureXPathValidator.java",31,,1,FieldNamingConventions,"Code Style",securityConfig
SecureXPathValidator,"Avoid excessively long variable names like XPATH_INJECTION_PATTERN","streamconverter-core/src/main/java/com/streamConverter/security/SecureXPathValidator.java",35,,3,LongVariable,"Code Style",XPATH_INJECTION_PATTERN
SecureXPathValidator,"Avoid excessively long variable names like DANGEROUS_FUNCTIONS_PATTERN","streamconverter-core/src/main/java/com/streamConverter/security/SecureXPathValidator.java",41,,3,LongVariable,"Code Style","DANGEROUS_FUNCTIONS_PATTERN"
SecureXPathValidator,"Avoid excessively long variable names like EXTERNAL_REFERENCE_PATTERN","streamconverter-core/src/main/java/com/streamConverter/security/SecureXPathValidator.java",47,,3,LongVariable,"Code Style","EXTERNAL_REFERENCE_PATTERN"
SecureXPathValidator,"Avoid excessively long variable names like SQL_LIKE_INJECTION_PATTERN","streamconverter-core/src/main/java/com/streamConverter/security/SecureXPathValidator.java",51,,3,LongVariable,"Code Style","SQL_LIKE_INJECTION_PATTERN"
SecureXPathValidator,"Parameter 'xpath' is not assigned and could be declared final","streamconverter-core/src/main/java/com/streamConverter/security/SecureXPathValidator.java",67,validateXPath,3,"MethodArgumentCouldBeFinal","Code Style",xpath
SecureXPathValidator,"String.trim().length() == 0 / String.trim().isEmpty() is an inefficient way to validate a blank String.","streamconverter-core/src/main/java/com/streamConverter/security/SecureXPathValidator.java",68,validateXPath,3,"InefficientEmptyStringCheck",Performance,
SecureXPathValidator,"Local variable 'trimmedXpath' could be declared final","streamconverter-core/src/main/java/com/streamConverter/security/SecureXPathValidator.java",78,validateXPath,3,"LocalVariableCouldBeFinal","Code Style",trimmedXpath
SecureXPathValidator,"Logger calls should be surrounded by log level guards.","streamconverter-core/src/main/java/com/streamConverter/security/SecureXPathValidator.java",97,validateXPath,2,GuardLogStatement,"Best Practices",
SecureXPathValidator,"Parameter 'xpath' is not assigned and could be declared final","streamconverter-core/src/main/java/com/streamConverter/security/SecureXPathValidator.java",106,sanitizeXPath,3,"MethodArgumentCouldBeFinal","Code Style",xpath
SecureXPathValidator,"A method should have only one exit point, and that should be the last statement in the method","streamconverter-core/src/main/java/com/streamConverter/security/SecureXPathValidator.java",108,sanitizeXPath,3,OnlyOneReturn,"Code Style",
SecureXPathValidator,"Logger calls should be surrounded by log level guards.","streamconverter-core/src/main/java/com/streamConverter/security/SecureXPathValidator.java",124,sanitizeXPath,2,GuardLogStatement,"Best Practices",
SecureXPathValidator,"Parameter 'xpath' is not assigned and could be declared final","streamconverter-core/src/main/java/com/streamConverter/security/SecureXPathValidator.java",136,isXPathSafe,3,"MethodArgumentCouldBeFinal","Code Style",xpath
SecureXPathValidator,"A method should have only one exit point, and that should be the last statement in the method","streamconverter-core/src/main/java/com/streamConverter/security/SecureXPathValidator.java",139,isXPathSafe,3,OnlyOneReturn,"Code Style",
SecureXPathValidator,"Logger calls should be surrounded by log level guards.","streamconverter-core/src/main/java/com/streamConverter/security/SecureXPathValidator.java",141,isXPathSafe,2,GuardLogStatement,"Best Practices",
SecureXPathValidator,"Parameter 'xpath' is not assigned and could be declared final","streamconverter-core/src/main/java/com/streamConverter/security/SecureXPathValidator.java",184,"validateBasicInjectionPatterns",3,"MethodArgumentCouldBeFinal","Code Style",xpath
SecureXPathValidator,"Logger calls should be surrounded by log level guards.","streamconverter-core/src/main/java/com/streamConverter/security/SecureXPathValidator.java",186,"validateBasicInjectionPatterns",2,GuardLogStatement,"Best Practices",
SecureXPathValidator,"Parameter 'xpath' is not assigned and could be declared final","streamconverter-core/src/main/java/com/streamConverter/security/SecureXPathValidator.java",192,"validateDangerousFunctions",3,"MethodArgumentCouldBeFinal","Code Style",xpath
SecureXPathValidator,"Logger calls should be surrounded by log level guards.","streamconverter-core/src/main/java/com/streamConverter/security/SecureXPathValidator.java",194,"validateDangerousFunctions",2,GuardLogStatement,"Best Practices",
SecureXPathValidator,"Parameter 'xpath' is not assigned and could be declared final","streamconverter-core/src/main/java/com/streamConverter/security/SecureXPathValidator.java",200,"validateExternalReferences",3,"MethodArgumentCouldBeFinal","Code Style",xpath
SecureXPathValidator,"Logger calls should be surrounded by log level guards.","streamconverter-core/src/main/java/com/streamConverter/security/SecureXPathValidator.java",202,"validateExternalReferences",2,GuardLogStatement,"Best Practices",
SecureXPathValidator,"Parameter 'xpath' is not assigned and could be declared final","streamconverter-core/src/main/java/com/streamConverter/security/SecureXPathValidator.java",208,validateSqlLikeInjection,3,"MethodArgumentCouldBeFinal","Code Style",xpath
SecureXPathValidator,"Logger calls should be surrounded by log level guards.","streamconverter-core/src/main/java/com/streamConverter/security/SecureXPathValidator.java",210,validateSqlLikeInjection,2,GuardLogStatement,"Best Practices",
SecureXPathValidator,"The method 'validateStrictMode(String)' has a cyclomatic complexity of 11.","streamconverter-core/src/main/java/com/streamConverter/security/SecureXPathValidator.java",217,validateStrictMode,3,CyclomaticComplexity,Design,
SecureXPathValidator,"Parameter 'xpath' is not assigned and could be declared final","streamconverter-core/src/main/java/com/streamConverter/security/SecureXPathValidator.java",217,validateStrictMode,3,"MethodArgumentCouldBeFinal","Code Style",xpath
SecureXPathValidator,"Avoid using literals in if statements","streamconverter-core/src/main/java/com/streamConverter/security/SecureXPathValidator.java",221,validateStrictMode,3,"AvoidLiteralsInIfCondition","Error Prone",
SecureXPathValidator,"Logger calls should be surrounded by log level guards.","streamconverter-core/src/main/java/com/streamConverter/security/SecureXPathValidator.java",222,validateStrictMode,2,GuardLogStatement,"Best Practices",
SecureXPathValidator,"Local variable 'nestingLevel' could be declared final","streamconverter-core/src/main/java/com/streamConverter/security/SecureXPathValidator.java",228,validateStrictMode,3,"LocalVariableCouldBeFinal","Code Style",nestingLevel
SecureXPathValidator,"Avoid using literals in if statements","streamconverter-core/src/main/java/com/streamConverter/security/SecureXPathValidator.java",229,validateStrictMode,3,"AvoidLiteralsInIfCondition","Error Prone",
SecureXPathValidator,"Logger calls should be surrounded by log level guards.","streamconverter-core/src/main/java/com/streamConverter/security/SecureXPathValidator.java",237,validateStrictMode,2,GuardLogStatement,"Best Practices",
SecureXPathValidator,"Local variable 'wildcardCount' could be declared final","streamconverter-core/src/main/java/com/streamConverter/security/SecureXPathValidator.java",243,validateStrictMode,3,"LocalVariableCouldBeFinal","Code Style",wildcardCount
SecureXPathValidator,"Avoid using literals in if statements","streamconverter-core/src/main/java/com/streamConverter/security/SecureXPathValidator.java",244,validateStrictMode,3,"AvoidLiteralsInIfCondition","Error Prone",
SecureXPathValidator,"Parameter 'xpath' is not assigned and could be declared final","streamconverter-core/src/main/java/com/streamConverter/security/SecureXPathValidator.java",251,sanitizeForLogging,3,"MethodArgumentCouldBeFinal","Code Style",xpath
SecureXPathValidator,"A method should have only one exit point, and that should be the last statement in the method","streamconverter-core/src/main/java/com/streamConverter/security/SecureXPathValidator.java",253,sanitizeForLogging,3,OnlyOneReturn,"Code Style",
SecureXPathValidator,"Avoid using literals in if statements","streamconverter-core/src/main/java/com/streamConverter/security/SecureXPathValidator.java",260,sanitizeForLogging,3,"AvoidLiteralsInIfCondition","Error Prone",
SecureXPathValidator,"Logger calls should be surrounded by log level guards.","streamconverter-core/src/main/java/com/streamConverter/security/SecureXPathValidator.java",274,logSecurityStatus,2,GuardLogStatement,"Best Practices",
SecureXPathValidator,"Logger calls should be surrounded by log level guards.","streamconverter-core/src/main/java/com/streamConverter/security/SecureXPathValidator.java",276,logSecurityStatus,2,GuardLogStatement,"Best Practices",
SecureXPathValidator,"Logger calls should be surrounded by log level guards.","streamconverter-core/src/main/java/com/streamConverter/security/SecureXPathValidator.java",278,logSecurityStatus,2,GuardLogStatement,"Best Practices",
SecureXmlConfiguration,"Package name contains upper case characters","streamconverter-core/src/main/java/com/streamConverter/security/SecureXmlConfiguration.java",1,,3,PackageCase,"Code Style",
SecureXmlConfiguration,"Class contains more than one logger.","streamconverter-core/src/main/java/com/streamConverter/security/SecureXmlConfiguration.java",32,,2,MoreThanOneLogger,"Error Prone",
SecureXmlConfiguration,"This class has only private constructors and may be final","streamconverter-core/src/main/java/com/streamConverter/security/SecureXmlConfiguration.java",32,,1,"ClassWithOnlyPrivateConstructorsShouldBeFinal",Design,
SecureXmlConfiguration,"The constant name 'logger' doesn't match '[A-Z][A-Z_0-9]*'","streamconverter-core/src/main/java/com/streamConverter/security/SecureXmlConfiguration.java",34,,1,FieldNamingConventions,"Code Style",logger
SecureXmlConfiguration,"The constant name 'securityLogger' doesn't match '[A-Z][A-Z_0-9]*'","streamconverter-core/src/main/java/com/streamConverter/security/SecureXmlConfiguration.java",35,,1,FieldNamingConventions,"Code Style",securityLogger
SecureXmlConfiguration,"The constant name 'securityConfig' doesn't match '[A-Z][A-Z_0-9]*'","streamconverter-core/src/main/java/com/streamConverter/security/SecureXmlConfiguration.java",38,,1,FieldNamingConventions,"Code Style",securityConfig
SecureXmlConfiguration,"Local variable 'factory' could be declared final","streamconverter-core/src/main/java/com/streamConverter/security/SecureXmlConfiguration.java",53,"createSecureDocumentBuilderFactory",3,"LocalVariableCouldBeFinal","Code Style",factory
SecureXmlConfiguration,"Local variable 'factory' could be declared final","streamconverter-core/src/main/java/com/streamConverter/security/SecureXmlConfiguration.java",107,"createSecureDocumentBuilder",3,"LocalVariableCouldBeFinal","Code Style",factory
SecureXmlConfiguration,"Local variable 'factory' could be declared final","streamconverter-core/src/main/java/com/streamConverter/security/SecureXmlConfiguration.java",117,"createSecureXMLInputFactory",3,"LocalVariableCouldBeFinal","Code Style",factory
SecureXmlConfiguration,"Local variable 'factory' could be declared final","streamconverter-core/src/main/java/com/streamConverter/security/SecureXmlConfiguration.java",139,"createSecureTransformerFactory",3,"LocalVariableCouldBeFinal","Code Style",factory
SecureXmlConfiguration,"Avoid catching generic exceptions such as NullPointerException, RuntimeException, Exception in try-catch block","streamconverter-core/src/main/java/com/streamConverter/security/SecureXmlConfiguration.java",145,"createSecureTransformerFactory",3,"AvoidCatchingGenericException",Design,
SecureXmlConfiguration,"Avoid catching generic exceptions such as NullPointerException, RuntimeException, Exception in try-catch block","streamconverter-core/src/main/java/com/streamConverter/security/SecureXmlConfiguration.java",152,"createSecureTransformerFactory",3,"AvoidCatchingGenericException",Design,
SecureXmlConfiguration,"Local variable 'factory' could be declared final","streamconverter-core/src/main/java/com/streamConverter/security/SecureXmlConfiguration.java",166,"createSecureSchemaFactory",3,"LocalVariableCouldBeFinal","Code Style",factory
SecureXmlConfiguration,"Avoid catching generic exceptions such as NullPointerException, RuntimeException, Exception in try-catch block","streamconverter-core/src/main/java/com/streamConverter/security/SecureXmlConfiguration.java",172,"createSecureSchemaFactory",3,"AvoidCatchingGenericException",Design,
SecureXmlConfiguration,"Avoid catching generic exceptions such as NullPointerException, RuntimeException, Exception in try-catch block","streamconverter-core/src/main/java/com/streamConverter/security/SecureXmlConfiguration.java",179,"createSecureSchemaFactory",3,"AvoidCatchingGenericException",Design,
SecureXmlConfiguration,"Parameter 'inputStream' is not assigned and could be declared final","streamconverter-core/src/main/java/com/streamConverter/security/SecureXmlConfiguration.java",194,"createSecureDocumentBuilderForStream",3,"MethodArgumentCouldBeFinal","Code Style",inputStream
SecureXmlConfiguration,"Local variable 'builder' could be declared final","streamconverter-core/src/main/java/com/streamConverter/security/SecureXmlConfiguration.java",202,"createSecureDocumentBuilderForStream",3,"LocalVariableCouldBeFinal","Code Style",builder
SecureXmlConfiguration,"Logger calls should be surrounded by log level guards.","streamconverter-core/src/main/java/com/streamConverter/security/SecureXmlConfiguration.java",215,logSecurityStatus,2,GuardLogStatement,"Best Practices",
SecureXmlConfiguration,"Logger calls should be surrounded by log level guards.","streamconverter-core/src/main/java/com/streamConverter/security/SecureXmlConfiguration.java",217,logSecurityStatus,2,GuardLogStatement,"Best Practices",
SecureXmlConfiguration,"Logger calls should be surrounded by log level guards.","streamconverter-core/src/main/java/com/streamConverter/security/SecureXmlConfiguration.java",220,logSecurityStatus,2,GuardLogStatement,"Best Practices",
SecureXmlConfiguration,"Logger calls should be surrounded by log level guards.","streamconverter-core/src/main/java/com/streamConverter/security/SecureXmlConfiguration.java",222,logSecurityStatus,2,GuardLogStatement,"Best Practices",
"SecurityAwareErrorHandler","Class contains more than one logger.","streamconverter-core/src/main/java/com/streamConverter/security/SecureXmlConfiguration.java",229,,2,MoreThanOneLogger,"Error Prone",
"SecurityAwareErrorHandler","Each class should declare at least one constructor","streamconverter-core/src/main/java/com/streamConverter/security/SecureXmlConfiguration.java",229,,3,AtLeastOneConstructor,"Code Style",
"SecurityAwareErrorHandler","The constant name 'logger' doesn't match '[A-Z][A-Z_0-9]*'","streamconverter-core/src/main/java/com/streamConverter/security/SecureXmlConfiguration.java",230,,1,FieldNamingConventions,"Code Style",logger
"SecurityAwareErrorHandler","The constant name 'securityLogger' doesn't match '[A-Z][A-Z_0-9]*'","streamconverter-core/src/main/java/com/streamConverter/security/SecureXmlConfiguration.java",231,,1,FieldNamingConventions,"Code Style",securityLogger
PmdConverterTest,"Package name contains upper case characters","streamconverter-core/src/main/java/com/streamConverter/test/PmdConverterTest.java",1,,3,PackageCase,"Code Style",
PmdConverterTest,"The class 'PmdConverterTest' might be a test class, but it contains no test cases.","streamconverter-core/src/main/java/com/streamConverter/test/PmdConverterTest.java",15,,3,"TestClassWithoutTestCases","Error Prone",
PmdConverterTest,"This utility class has a non-private constructor","streamconverter-core/src/main/java/com/streamConverter/test/PmdConverterTest.java",15,,3,UseUtilityClass,Design,
PmdConverterTest,"Local variable 'xmlPath' could be declared final","streamconverter-core/src/main/java/com/streamConverter/test/PmdConverterTest.java",18,main,3,"LocalVariableCouldBeFinal","Code Style",xmlPath
PmdConverterTest,"Usage of System.out/err","streamconverter-core/src/main/java/com/streamConverter/test/PmdConverterTest.java",22,main,2,SystemPrintln,"Best Practices",
PmdConverterTest,"Usage of System.out/err","streamconverter-core/src/main/java/com/streamConverter/test/PmdConverterTest.java",23,main,2,SystemPrintln,"Best Practices",
PmdConverterTest,"Usage of System.out/err","streamconverter-core/src/main/java/com/streamConverter/test/PmdConverterTest.java",27,main,2,SystemPrintln,"Best Practices",
PmdConverterTest,"Usage of System.out/err","streamconverter-core/src/main/java/com/streamConverter/test/PmdConverterTest.java",28,main,2,SystemPrintln,"Best Practices",
PmdConverterTest,"Usage of System.out/err","streamconverter-core/src/main/java/com/streamConverter/test/PmdConverterTest.java",29,main,2,SystemPrintln,"Best Practices",
PmdConverterTest,"Usage of System.out/err","streamconverter-core/src/main/java/com/streamConverter/test/PmdConverterTest.java",36,main,2,SystemPrintln,"Best Practices",
PmdConverterTest,"Parameter 'xmlPath' is not assigned and could be declared final","streamconverter-core/src/main/java/com/streamConverter/test/PmdConverterTest.java",39,testMarkdownConversion,3,"MethodArgumentCouldBeFinal","Code Style",xmlPath
PmdConverterTest,"Usage of System.out/err","streamconverter-core/src/main/java/com/streamConverter/test/PmdConverterTest.java",40,testMarkdownConversion,2,SystemPrintln,"Best Practices",
PmdConverterTest,"Local variable 'controller' could be declared final","streamconverter-core/src/main/java/com/streamConverter/test/PmdConverterTest.java",41,testMarkdownConversion,3,"LocalVariableCouldBeFinal","Code Style",controller
PmdConverterTest,"Avoid instantiating FileInputStream, FileOutputStream, FileReader, or FileWriter","streamconverter-core/src/main/java/com/streamConverter/test/PmdConverterTest.java",43,testMarkdownConversion,1,AvoidFileStream,Performance,
PmdConverterTest,"Avoid instantiating FileInputStream, FileOutputStream, FileReader, or FileWriter","streamconverter-core/src/main/java/com/streamConverter/test/PmdConverterTest.java",44,testMarkdownConversion,1,AvoidFileStream,Performance,
PmdConverterTest,"Local variable 'results' could be declared final","streamconverter-core/src/main/java/com/streamConverter/test/PmdConverterTest.java",46,testMarkdownConversion,3,"LocalVariableCouldBeFinal","Code Style",results
PmdConverterTest,"Local variable 'result' could be declared final","streamconverter-core/src/main/java/com/streamConverter/test/PmdConverterTest.java",47,testMarkdownConversion,3,"LocalVariableCouldBeFinal","Code Style",result
PmdConverterTest,"Usage of System.out/err","streamconverter-core/src/main/java/com/streamConverter/test/PmdConverterTest.java",49,testMarkdownConversion,2,SystemPrintln,"Best Practices",
PmdConverterTest,"Usage of System.out/err","streamconverter-core/src/main/java/com/streamConverter/test/PmdConverterTest.java",50,testMarkdownConversion,2,SystemPrintln,"Best Practices",
PmdConverterTest,"Usage of System.out/err","streamconverter-core/src/main/java/com/streamConverter/test/PmdConverterTest.java",51,testMarkdownConversion,2,SystemPrintln,"Best Practices",
PmdConverterTest,"Usage of System.out/err","streamconverter-core/src/main/java/com/streamConverter/test/PmdConverterTest.java",52,testMarkdownConversion,2,SystemPrintln,"Best Practices",
PmdConverterTest,"Avoid catching generic exceptions such as NullPointerException, RuntimeException, Exception in try-catch block","streamconverter-core/src/main/java/com/streamConverter/test/PmdConverterTest.java",54,testMarkdownConversion,3,"AvoidCatchingGenericException",Design,
PmdConverterTest,"Usage of System.out/err","streamconverter-core/src/main/java/com/streamConverter/test/PmdConverterTest.java",55,testMarkdownConversion,2,SystemPrintln,"Best Practices",
PmdConverterTest,"Avoid printStackTrace(); use a logger call instead.","streamconverter-core/src/main/java/com/streamConverter/test/PmdConverterTest.java",56,testMarkdownConversion,3,AvoidPrintStackTrace,"Best Practices",
PmdConverterTest,"Parameter 'xmlPath' is not assigned and could be declared final","streamconverter-core/src/main/java/com/streamConverter/test/PmdConverterTest.java",60,testCsvConversion,3,"MethodArgumentCouldBeFinal","Code Style",xmlPath
PmdConverterTest,"Usage of System.out/err","streamconverter-core/src/main/java/com/streamConverter/test/PmdConverterTest.java",61,testCsvConversion,2,SystemPrintln,"Best Practices",
PmdConverterTest,"Local variable 'controller' could be declared final","streamconverter-core/src/main/java/com/streamConverter/test/PmdConverterTest.java",62,testCsvConversion,3,"LocalVariableCouldBeFinal","Code Style",controller
PmdConverterTest,"Avoid instantiating FileInputStream, FileOutputStream, FileReader, or FileWriter","streamconverter-core/src/main/java/com/streamConverter/test/PmdConverterTest.java",64,testCsvConversion,1,AvoidFileStream,Performance,
PmdConverterTest,"Avoid instantiating FileInputStream, FileOutputStream, FileReader, or FileWriter","streamconverter-core/src/main/java/com/streamConverter/test/PmdConverterTest.java",65,testCsvConversion,1,AvoidFileStream,Performance,
PmdConverterTest,"Local variable 'results' could be declared final","streamconverter-core/src/main/java/com/streamConverter/test/PmdConverterTest.java",67,testCsvConversion,3,"LocalVariableCouldBeFinal","Code Style",results
PmdConverterTest,"Local variable 'result' could be declared final","streamconverter-core/src/main/java/com/streamConverter/test/PmdConverterTest.java",68,testCsvConversion,3,"LocalVariableCouldBeFinal","Code Style",result
PmdConverterTest,"Usage of System.out/err","streamconverter-core/src/main/java/com/streamConverter/test/PmdConverterTest.java",70,testCsvConversion,2,SystemPrintln,"Best Practices",
PmdConverterTest,"Usage of System.out/err","streamconverter-core/src/main/java/com/streamConverter/test/PmdConverterTest.java",71,testCsvConversion,2,SystemPrintln,"Best Practices",
PmdConverterTest,"Usage of System.out/err","streamconverter-core/src/main/java/com/streamConverter/test/PmdConverterTest.java",72,testCsvConversion,2,SystemPrintln,"Best Practices",
PmdConverterTest,"Usage of System.out/err","streamconverter-core/src/main/java/com/streamConverter/test/PmdConverterTest.java",73,testCsvConversion,2,SystemPrintln,"Best Practices",
PmdConverterTest,"Avoid catching generic exceptions such as NullPointerException, RuntimeException, Exception in try-catch block","streamconverter-core/src/main/java/com/streamConverter/test/PmdConverterTest.java",75,testCsvConversion,3,"AvoidCatchingGenericException",Design,
PmdConverterTest,"Usage of System.out/err","streamconverter-core/src/main/java/com/streamConverter/test/PmdConverterTest.java",76,testCsvConversion,2,SystemPrintln,"Best Practices",
PmdConverterTest,"Avoid printStackTrace(); use a logger call instead.","streamconverter-core/src/main/java/com/streamConverter/test/PmdConverterTest.java",77,testCsvConversion,3,AvoidPrintStackTrace,"Best Practices",
PmdConverterTest,"Parameter 'xmlPath' is not assigned and could be declared final","streamconverter-core/src/main/java/com/streamConverter/test/PmdConverterTest.java",81,testJsonConversion,3,"MethodArgumentCouldBeFinal","Code Style",xmlPath
PmdConverterTest,"Usage of System.out/err","streamconverter-core/src/main/java/com/streamConverter/test/PmdConverterTest.java",82,testJsonConversion,2,SystemPrintln,"Best Practices",
PmdConverterTest,"Local variable 'controller' could be declared final","streamconverter-core/src/main/java/com/streamConverter/test/PmdConverterTest.java",83,testJsonConversion,3,"LocalVariableCouldBeFinal","Code Style",controller
PmdConverterTest,"Avoid instantiating FileInputStream, FileOutputStream, FileReader, or FileWriter","streamconverter-core/src/main/java/com/streamConverter/test/PmdConverterTest.java",85,testJsonConversion,1,AvoidFileStream,Performance,
PmdConverterTest,"Avoid instantiating FileInputStream, FileOutputStream, FileReader, or FileWriter","streamconverter-core/src/main/java/com/streamConverter/test/PmdConverterTest.java",86,testJsonConversion,1,AvoidFileStream,Performance,
PmdConverterTest,"Local variable 'results' could be declared final","streamconverter-core/src/main/java/com/streamConverter/test/PmdConverterTest.java",88,testJsonConversion,3,"LocalVariableCouldBeFinal","Code Style",results
PmdConverterTest,"Local variable 'result' could be declared final","streamconverter-core/src/main/java/com/streamConverter/test/PmdConverterTest.java",89,testJsonConversion,3,"LocalVariableCouldBeFinal","Code Style",result
PmdConverterTest,"Usage of System.out/err","streamconverter-core/src/main/java/com/streamConverter/test/PmdConverterTest.java",91,testJsonConversion,2,SystemPrintln,"Best Practices",
PmdConverterTest,"Usage of System.out/err","streamconverter-core/src/main/java/com/streamConverter/test/PmdConverterTest.java",92,testJsonConversion,2,SystemPrintln,"Best Practices",
PmdConverterTest,"Usage of System.out/err","streamconverter-core/src/main/java/com/streamConverter/test/PmdConverterTest.java",93,testJsonConversion,2,SystemPrintln,"Best Practices",
PmdConverterTest,"Usage of System.out/err","streamconverter-core/src/main/java/com/streamConverter/test/PmdConverterTest.java",94,testJsonConversion,2,SystemPrintln,"Best Practices",
PmdConverterTest,"Avoid catching generic exceptions such as NullPointerException, RuntimeException, Exception in try-catch block","streamconverter-core/src/main/java/com/streamConverter/test/PmdConverterTest.java",96,testJsonConversion,3,"AvoidCatchingGenericException",Design,
PmdConverterTest,"Usage of System.out/err","streamconverter-core/src/main/java/com/streamConverter/test/PmdConverterTest.java",97,testJsonConversion,2,SystemPrintln,"Best Practices",
PmdConverterTest,"Avoid printStackTrace(); use a logger call instead.","streamconverter-core/src/main/java/com/streamConverter/test/PmdConverterTest.java",98,testJsonConversion,3,AvoidPrintStackTrace,"Best Practices",
TestFailureAnalyzer,"Package name contains upper case characters","streamconverter-core/src/main/java/com/streamConverter/test/TestFailureAnalyzer.java",1,,3,PackageCase,"Code Style",
TestFailureAnalyzer,"The class 'TestFailureAnalyzer' might be a test class, but it contains no test cases.","streamconverter-core/src/main/java/com/streamConverter/test/TestFailureAnalyzer.java",23,,3,"TestClassWithoutTestCases","Error Prone",
TestFailureAnalyzer,"This class has only private constructors and may be final","streamconverter-core/src/main/java/com/streamConverter/test/TestFailureAnalyzer.java",23,,1,"ClassWithOnlyPrivateConstructorsShouldBeFinal",Design,
TestFailure,"The class 'TestFailure' is suspected to be a Data Class (WOC=14.286%, NOPA=0, NOAM=6, WMC=8)","streamconverter-core/src/main/java/com/streamConverter/test/TestFailureAnalyzer.java",31,,3,DataClass,Design,
TestFailure,"The class 'TestFailure' might be a test class, but it contains no test cases.","streamconverter-core/src/main/java/com/streamConverter/test/TestFailureAnalyzer.java",31,,3,"TestClassWithoutTestCases","Error Prone",
TestFailure,"Parameter 'testClass' is not assigned and could be declared final","streamconverter-core/src/main/java/com/streamConverter/test/TestFailureAnalyzer.java",50,TestFailure,3,"MethodArgumentCouldBeFinal","Code Style",testClass
TestFailure,"Parameter 'testMethod' is not assigned and could be declared final","streamconverter-core/src/main/java/com/streamConverter/test/TestFailureAnalyzer.java",51,TestFailure,3,"MethodArgumentCouldBeFinal","Code Style",testMethod
TestFailure,"Parameter 'failureType' is not assigned and could be declared final","streamconverter-core/src/main/java/com/streamConverter/test/TestFailureAnalyzer.java",52,TestFailure,3,"MethodArgumentCouldBeFinal","Code Style",failureType
TestFailure,"Parameter 'failureMessage' is not assigned and could be declared final","streamconverter-core/src/main/java/com/streamConverter/test/TestFailureAnalyzer.java",53,TestFailure,3,"MethodArgumentCouldBeFinal","Code Style",failureMessage
TestFailure,"Parameter 'stackTrace' is not assigned and could be declared final","streamconverter-core/src/main/java/com/streamConverter/test/TestFailureAnalyzer.java",54,TestFailure,3,"MethodArgumentCouldBeFinal","Code Style",stackTrace
TestFailure,"Parameter 'executionTime' is not assigned and could be declared final","streamconverter-core/src/main/java/com/streamConverter/test/TestFailureAnalyzer.java",55,TestFailure,3,"MethodArgumentCouldBeFinal","Code Style",executionTime
TestFailure,"Avoid variables with short names like sb","streamconverter-core/src/main/java/com/streamConverter/test/TestFailureAnalyzer.java",120,toString,3,ShortVariable,"Code Style",sb
TestFailure,"Local variable 'sb' could be declared final","streamconverter-core/src/main/java/com/streamConverter/test/TestFailureAnalyzer.java",120,toString,3,"LocalVariableCouldBeFinal","Code Style",sb
TestFailure,"StringBuilder has been initialized with size 16, but has at least 116 characters appended.","streamconverter-core/src/main/java/com/streamConverter/test/TestFailureAnalyzer.java",120,toString,3,"InsufficientStringBufferDeclaration",Performance,sb
TestFailure,"StringBuffer (or StringBuilder).append is called consecutively without reusing the target variable.","streamconverter-core/src/main/java/com/streamConverter/test/TestFailureAnalyzer.java",121,toString,3,"ConsecutiveAppendsShouldReuse",Performance,
TestFailure,"StringBuffer (or StringBuilder).append is called 2 consecutive times with literals. Use a single append with a single combined String.","streamconverter-core/src/main/java/com/streamConverter/test/TestFailureAnalyzer.java",121,toString,3,"ConsecutiveLiteralAppends",Performance,
TestFailure,"StringBuffer (or StringBuilder).append is called consecutively without reusing the target variable.","streamconverter-core/src/main/java/com/streamConverter/test/TestFailureAnalyzer.java",122,toString,3,"ConsecutiveAppendsShouldReuse",Performance,
TestFailure,"Avoid appending characters as strings in StringBuffer.append.","streamconverter-core/src/main/java/com/streamConverter/test/TestFailureAnalyzer.java",122,toString,3,AppendCharacterWithChar,Performance,
TestFailure,"StringBuffer (or StringBuilder).append is called 2 consecutive times with literals. Use a single append with a single combined String.","streamconverter-core/src/main/java/com/streamConverter/test/TestFailureAnalyzer.java",122,toString,3,"ConsecutiveLiteralAppends",Performance,
TestFailure,"StringBuffer (or StringBuilder).append is called consecutively without reusing the target variable.","streamconverter-core/src/main/java/com/streamConverter/test/TestFailureAnalyzer.java",123,toString,3,"ConsecutiveAppendsShouldReuse",Performance,
TestFailure,"Avoid appending characters as strings in StringBuffer.append.","streamconverter-core/src/main/java/com/streamConverter/test/TestFailureAnalyzer.java",123,toString,3,AppendCharacterWithChar,Performance,
TestFailure,"StringBuffer (or StringBuilder).append is called 2 consecutive times with literals. Use a single append with a single combined String.","streamconverter-core/src/main/java/com/streamConverter/test/TestFailureAnalyzer.java",123,toString,3,"ConsecutiveLiteralAppends",Performance,
TestFailure,"StringBuffer (or StringBuilder).append is called consecutively without reusing the target variable.","streamconverter-core/src/main/java/com/streamConverter/test/TestFailureAnalyzer.java",124,toString,3,"ConsecutiveAppendsShouldReuse",Performance,
TestFailure,"StringBuffer (or StringBuilder).append is called 2 consecutive times with literals. Use a single append with a single combined String.","streamconverter-core/src/main/java/com/streamConverter/test/TestFailureAnalyzer.java",124,toString,3,"ConsecutiveLiteralAppends",Performance,
TestFailure,"StringBuffer (or StringBuilder).append is called consecutively without reusing the target variable.","streamconverter-core/src/main/java/com/streamConverter/test/TestFailureAnalyzer.java",125,toString,3,"ConsecutiveAppendsShouldReuse",Performance,
TestFailure,"Avoid appending characters as strings in StringBuffer.append.","streamconverter-core/src/main/java/com/streamConverter/test/TestFailureAnalyzer.java",125,toString,3,AppendCharacterWithChar,Performance,
TestFailure,"StringBuffer (or StringBuilder).append is called 2 consecutive times with literals. Use a single append with a single combined String.","streamconverter-core/src/main/java/com/streamConverter/test/TestFailureAnalyzer.java",125,toString,3,"ConsecutiveLiteralAppends",Performance,
TestFailure,"StringBuffer (or StringBuilder).append is called consecutively without reusing the target variable.","streamconverter-core/src/main/java/com/streamConverter/test/TestFailureAnalyzer.java",126,toString,3,"ConsecutiveAppendsShouldReuse",Performance,
TestFailure,"Avoid appending characters as strings in StringBuffer.append.","streamconverter-core/src/main/java/com/streamConverter/test/TestFailureAnalyzer.java",126,toString,3,AppendCharacterWithChar,Performance,
TestFailure,"StringBuffer (or StringBuilder).append is called 2 consecutive times with literals. Use a single append with a single combined String.","streamconverter-core/src/main/java/com/streamConverter/test/TestFailureAnalyzer.java",126,toString,3,"ConsecutiveLiteralAppends",Performance,
TestFailure,"StringBuffer (or StringBuilder).append is called consecutively without reusing the target variable.","streamconverter-core/src/main/java/com/streamConverter/test/TestFailureAnalyzer.java",127,toString,3,"ConsecutiveAppendsShouldReuse",Performance,
TestFailure,"Avoid appending characters as strings in StringBuffer.append.","streamconverter-core/src/main/java/com/streamConverter/test/TestFailureAnalyzer.java",127,toString,3,AppendCharacterWithChar,Performance,
TestFailure,"StringBuffer (or StringBuilder).append is called 2 consecutive times with literals. Use a single append with a single combined String.","streamconverter-core/src/main/java/com/streamConverter/test/TestFailureAnalyzer.java",127,toString,3,"ConsecutiveLiteralAppends",Performance,
TestSummary,"The class 'TestSummary' is suspected to be a Data Class (WOC=28.571%, NOPA=0, NOAM=5, WMC=10)","streamconverter-core/src/main/java/com/streamConverter/test/TestFailureAnalyzer.java",134,,3,DataClass,Design,
TestSummary,"The class 'TestSummary' might be a test class, but it contains no test cases.","streamconverter-core/src/main/java/com/streamConverter/test/TestFailureAnalyzer.java",134,,3,"TestClassWithoutTestCases","Error Prone",
TestSummary,"Parameter 'totalTests' is not assigned and could be declared final","streamconverter-core/src/main/java/com/streamConverter/test/TestFailureAnalyzer.java",151,TestSummary,3,"MethodArgumentCouldBeFinal","Code Style",totalTests
TestSummary,"Parameter 'failures' is not assigned and could be declared final","streamconverter-core/src/main/java/com/streamConverter/test/TestFailureAnalyzer.java",151,TestSummary,3,"MethodArgumentCouldBeFinal","Code Style",failures
TestSummary,"Parameter 'errors' is not assigned and could be declared final","streamconverter-core/src/main/java/com/streamConverter/test/TestFailureAnalyzer.java",151,TestSummary,3,"MethodArgumentCouldBeFinal","Code Style",errors
TestSummary,"Parameter 'skipped' is not assigned and could be declared final","streamconverter-core/src/main/java/com/streamConverter/test/TestFailureAnalyzer.java",151,TestSummary,3,"MethodArgumentCouldBeFinal","Code Style",skipped
TestSummary,"Parameter 'failureDetails' is not assigned and could be declared final","streamconverter-core/src/main/java/com/streamConverter/test/TestFailureAnalyzer.java",151,TestSummary,3,"MethodArgumentCouldBeFinal","Code Style",failureDetails
TestSummary,"Avoid variables with short names like sb","streamconverter-core/src/main/java/com/streamConverter/test/TestFailureAnalyzer.java",215,toString,3,ShortVariable,"Code Style",sb
TestSummary,"Local variable 'sb' could be declared final","streamconverter-core/src/main/java/com/streamConverter/test/TestFailureAnalyzer.java",215,toString,3,"LocalVariableCouldBeFinal","Code Style",sb
TestSummary,"StringBuilder has been initialized with size 16, but has at least 103 characters appended.","streamconverter-core/src/main/java/com/streamConverter/test/TestFailureAnalyzer.java",215,toString,3,"InsufficientStringBufferDeclaration",Performance,sb
TestSummary,"StringBuffer (or StringBuilder).append is called consecutively without reusing the target variable.","streamconverter-core/src/main/java/com/streamConverter/test/TestFailureAnalyzer.java",216,toString,3,"ConsecutiveAppendsShouldReuse",Performance,
TestSummary,"StringBuffer (or StringBuilder).append is called 2 consecutive times with literals. Use a single append with a single combined String.","streamconverter-core/src/main/java/com/streamConverter/test/TestFailureAnalyzer.java",216,toString,3,"ConsecutiveLiteralAppends",Performance,
TestSummary,"StringBuffer (or StringBuilder).append is called consecutively without reusing the target variable.","streamconverter-core/src/main/java/com/streamConverter/test/TestFailureAnalyzer.java",217,toString,3,"ConsecutiveAppendsShouldReuse",Performance,
TestSummary,"Avoid appending characters as strings in StringBuffer.append.","streamconverter-core/src/main/java/com/streamConverter/test/TestFailureAnalyzer.java",217,toString,3,AppendCharacterWithChar,Performance,
TestSummary,"StringBuffer (or StringBuilder).append is called 2 consecutive times with literals. Use a single append with a single combined String.","streamconverter-core/src/main/java/com/streamConverter/test/TestFailureAnalyzer.java",217,toString,3,"ConsecutiveLiteralAppends",Performance,
TestSummary,"StringBuffer (or StringBuilder).append is called consecutively without reusing the target variable.","streamconverter-core/src/main/java/com/streamConverter/test/TestFailureAnalyzer.java",218,toString,3,"ConsecutiveAppendsShouldReuse",Performance,
TestSummary,"Avoid appending characters as strings in StringBuffer.append.","streamconverter-core/src/main/java/com/streamConverter/test/TestFailureAnalyzer.java",218,toString,3,AppendCharacterWithChar,Performance,
TestSummary,"StringBuffer (or StringBuilder).append is called 2 consecutive times with literals. Use a single append with a single combined String.","streamconverter-core/src/main/java/com/streamConverter/test/TestFailureAnalyzer.java",218,toString,3,"ConsecutiveLiteralAppends",Performance,
TestSummary,"StringBuffer (or StringBuilder).append is called consecutively without reusing the target variable.","streamconverter-core/src/main/java/com/streamConverter/test/TestFailureAnalyzer.java",219,toString,3,"ConsecutiveAppendsShouldReuse",Performance,
TestSummary,"Avoid appending characters as strings in StringBuffer.append.","streamconverter-core/src/main/java/com/streamConverter/test/TestFailureAnalyzer.java",219,toString,3,AppendCharacterWithChar,Performance,
TestSummary,"StringBuffer (or StringBuilder).append is called 2 consecutive times with literals. Use a single append with a single combined String.","streamconverter-core/src/main/java/com/streamConverter/test/TestFailureAnalyzer.java",219,toString,3,"ConsecutiveLiteralAppends",Performance,
TestSummary,"StringBuffer (or StringBuilder).append is called consecutively without reusing the target variable.","streamconverter-core/src/main/java/com/streamConverter/test/TestFailureAnalyzer.java",220,toString,3,"ConsecutiveAppendsShouldReuse",Performance,
TestSummary,"Avoid appending characters as strings in StringBuffer.append.","streamconverter-core/src/main/java/com/streamConverter/test/TestFailureAnalyzer.java",220,toString,3,AppendCharacterWithChar,Performance,
TestSummary,"StringBuffer (or StringBuilder).append is called 2 consecutive times with literals. Use a single append with a single combined String.","streamconverter-core/src/main/java/com/streamConverter/test/TestFailureAnalyzer.java",220,toString,3,"ConsecutiveLiteralAppends",Performance,
TestSummary,"StringBuffer (or StringBuilder).append is called consecutively without reusing the target variable.","streamconverter-core/src/main/java/com/streamConverter/test/TestFailureAnalyzer.java",221,toString,3,"ConsecutiveAppendsShouldReuse",Performance,
TestSummary,"Avoid appending characters as strings in StringBuffer.append.","streamconverter-core/src/main/java/com/streamConverter/test/TestFailureAnalyzer.java",223,toString,3,AppendCharacterWithChar,Performance,
TestSummary,"StringBuffer (or StringBuilder).append is called 2 consecutive times with literals. Use a single append with a single combined String.","streamconverter-core/src/main/java/com/streamConverter/test/TestFailureAnalyzer.java",223,toString,3,"ConsecutiveLiteralAppends",Performance,
TestSummary,"Avoid appending characters as strings in StringBuffer.append.","streamconverter-core/src/main/java/com/streamConverter/test/TestFailureAnalyzer.java",227,toString,3,AppendCharacterWithChar,Performance,
TestSummary,"Local variable 'failure' could be declared final","streamconverter-core/src/main/java/com/streamConverter/test/TestFailureAnalyzer.java",228,toString,3,"LocalVariableCouldBeFinal","Code Style",failure
TestSummary,"Avoid appending characters as strings in StringBuffer.append.","streamconverter-core/src/main/java/com/streamConverter/test/TestFailureAnalyzer.java",229,toString,3,AppendCharacterWithChar,Performance,
TestFailureAnalyzer,"Parameter 'testResultsPath' is not assigned and could be declared final","streamconverter-core/src/main/java/com/streamConverter/test/TestFailureAnalyzer.java",244,analyzeTestResults,3,"MethodArgumentCouldBeFinal","Code Style",testResultsPath
TestFailureAnalyzer,"Local variable 'resultsDir' could be declared final","streamconverter-core/src/main/java/com/streamConverter/test/TestFailureAnalyzer.java",245,analyzeTestResults,3,"LocalVariableCouldBeFinal","Code Style",resultsDir
TestFailureAnalyzer,"Local variable 'allFailures' could be declared final","streamconverter-core/src/main/java/com/streamConverter/test/TestFailureAnalyzer.java",251,analyzeTestResults,3,"LocalVariableCouldBeFinal","Code Style",allFailures
TestFailureAnalyzer,"Local variable 'xmlFile' could be declared final","streamconverter-core/src/main/java/com/streamConverter/test/TestFailureAnalyzer.java",258,analyzeTestResults,3,"LocalVariableCouldBeFinal","Code Style",xmlFile
TestFailureAnalyzer,"Local variable 'fileSummary' could be declared final","streamconverter-core/src/main/java/com/streamConverter/test/TestFailureAnalyzer.java",259,analyzeTestResults,3,"LocalVariableCouldBeFinal","Code Style",fileSummary
TestFailureAnalyzer,"Parameter 'xmlFile' is not assigned and could be declared final","streamconverter-core/src/main/java/com/streamConverter/test/TestFailureAnalyzer.java",278,parseXmlTestReport,3,"MethodArgumentCouldBeFinal","Code Style",xmlFile
TestFailureAnalyzer,"Local variable 'failures' could be declared final","streamconverter-core/src/main/java/com/streamConverter/test/TestFailureAnalyzer.java",279,parseXmlTestReport,3,"LocalVariableCouldBeFinal","Code Style",failures
TestFailureAnalyzer,"Local variable 'factory' could be declared final","streamconverter-core/src/main/java/com/streamConverter/test/TestFailureAnalyzer.java",282,parseXmlTestReport,3,"LocalVariableCouldBeFinal","Code Style",factory
TestFailureAnalyzer,"Local variable 'builder' could be declared final","streamconverter-core/src/main/java/com/streamConverter/test/TestFailureAnalyzer.java",283,parseXmlTestReport,3,"LocalVariableCouldBeFinal","Code Style",builder
TestFailureAnalyzer,"Local variable 'doc' could be declared final","streamconverter-core/src/main/java/com/streamConverter/test/TestFailureAnalyzer.java",284,parseXmlTestReport,3,"LocalVariableCouldBeFinal","Code Style",doc
TestFailureAnalyzer,"Local variable 'testsuite' could be declared final","streamconverter-core/src/main/java/com/streamConverter/test/TestFailureAnalyzer.java",286,parseXmlTestReport,3,"LocalVariableCouldBeFinal","Code Style",testsuite
TestFailureAnalyzer,"Local variable 'tests' could be declared final","streamconverter-core/src/main/java/com/streamConverter/test/TestFailureAnalyzer.java",287,parseXmlTestReport,3,"LocalVariableCouldBeFinal","Code Style",tests
TestFailureAnalyzer,"Local variable 'failureCount' could be declared final","streamconverter-core/src/main/java/com/streamConverter/test/TestFailureAnalyzer.java",288,parseXmlTestReport,3,"LocalVariableCouldBeFinal","Code Style",failureCount
TestFailureAnalyzer,"Local variable 'errorCount' could be declared final","streamconverter-core/src/main/java/com/streamConverter/test/TestFailureAnalyzer.java",289,parseXmlTestReport,3,"LocalVariableCouldBeFinal","Code Style",errorCount
TestFailureAnalyzer,"Local variable 'skippedCount' could be declared final","streamconverter-core/src/main/java/com/streamConverter/test/TestFailureAnalyzer.java",290,parseXmlTestReport,3,"LocalVariableCouldBeFinal","Code Style",skippedCount
TestFailureAnalyzer,"Local variable 'testcases' could be declared final","streamconverter-core/src/main/java/com/streamConverter/test/TestFailureAnalyzer.java",292,parseXmlTestReport,3,"LocalVariableCouldBeFinal","Code Style",testcases
TestFailureAnalyzer,"Local variable 'testcase' could be declared final","streamconverter-core/src/main/java/com/streamConverter/test/TestFailureAnalyzer.java",295,parseXmlTestReport,3,"LocalVariableCouldBeFinal","Code Style",testcase
TestFailureAnalyzer,"Local variable 'testClass' could be declared final","streamconverter-core/src/main/java/com/streamConverter/test/TestFailureAnalyzer.java",296,parseXmlTestReport,3,"LocalVariableCouldBeFinal","Code Style",testClass
TestFailureAnalyzer,"Local variable 'testMethod' could be declared final","streamconverter-core/src/main/java/com/streamConverter/test/TestFailureAnalyzer.java",297,parseXmlTestReport,3,"LocalVariableCouldBeFinal","Code Style",testMethod
TestFailureAnalyzer,"Local variable 'time' could be declared final","streamconverter-core/src/main/java/com/streamConverter/test/TestFailureAnalyzer.java",298,parseXmlTestReport,3,"LocalVariableCouldBeFinal","Code Style",time
TestFailureAnalyzer,"Local variable 'failureNodes' could be declared final","streamconverter-core/src/main/java/com/streamConverter/test/TestFailureAnalyzer.java",301,parseXmlTestReport,3,"LocalVariableCouldBeFinal","Code Style",failureNodes
TestFailureAnalyzer,"Local variable 'failure' could be declared final","streamconverter-core/src/main/java/com/streamConverter/test/TestFailureAnalyzer.java",303,parseXmlTestReport,3,"LocalVariableCouldBeFinal","Code Style",failure
TestFailureAnalyzer,"Local variable 'failureType' could be declared final","streamconverter-core/src/main/java/com/streamConverter/test/TestFailureAnalyzer.java",304,parseXmlTestReport,3,"LocalVariableCouldBeFinal","Code Style",failureType
TestFailureAnalyzer,"Local variable 'failureMessage' could be declared final","streamconverter-core/src/main/java/com/streamConverter/test/TestFailureAnalyzer.java",305,parseXmlTestReport,3,"LocalVariableCouldBeFinal","Code Style",failureMessage
TestFailureAnalyzer,"Local variable 'stackTrace' could be declared final","streamconverter-core/src/main/java/com/streamConverter/test/TestFailureAnalyzer.java",306,parseXmlTestReport,3,"LocalVariableCouldBeFinal","Code Style",stackTrace
TestFailureAnalyzer,"Local variable 'errorNodes' could be declared final","streamconverter-core/src/main/java/com/streamConverter/test/TestFailureAnalyzer.java",314,parseXmlTestReport,3,"LocalVariableCouldBeFinal","Code Style",errorNodes
TestFailureAnalyzer,"Local variable 'error' could be declared final","streamconverter-core/src/main/java/com/streamConverter/test/TestFailureAnalyzer.java",316,parseXmlTestReport,3,"LocalVariableCouldBeFinal","Code Style",error
TestFailureAnalyzer,"Local variable 'errorType' could be declared final","streamconverter-core/src/main/java/com/streamConverter/test/TestFailureAnalyzer.java",317,parseXmlTestReport,3,"LocalVariableCouldBeFinal","Code Style",errorType
TestFailureAnalyzer,"Local variable 'errorMessage' could be declared final","streamconverter-core/src/main/java/com/streamConverter/test/TestFailureAnalyzer.java",318,parseXmlTestReport,3,"LocalVariableCouldBeFinal","Code Style",errorMessage
TestFailureAnalyzer,"Local variable 'stackTrace' could be declared final","streamconverter-core/src/main/java/com/streamConverter/test/TestFailureAnalyzer.java",319,parseXmlTestReport,3,"LocalVariableCouldBeFinal","Code Style",stackTrace
TestFailureAnalyzer,"A method should have only one exit point, and that should be the last statement in the method","streamconverter-core/src/main/java/com/streamConverter/test/TestFailureAnalyzer.java",326,parseXmlTestReport,3,OnlyOneReturn,"Code Style",
TestFailureAnalyzer,"Avoid catching generic exceptions such as NullPointerException, RuntimeException, Exception in try-catch block","streamconverter-core/src/main/java/com/streamConverter/test/TestFailureAnalyzer.java",328,parseXmlTestReport,3,"AvoidCatchingGenericException",Design,
TestFailureAnalyzer,"Usage of System.out/err","streamconverter-core/src/main/java/com/streamConverter/test/TestFailureAnalyzer.java",329,parseXmlTestReport,2,SystemPrintln,"Best Practices",
TestFailureAnalyzer,"Avoid printStackTrace(); use a logger call instead.","streamconverter-core/src/main/java/com/streamConverter/test/TestFailureAnalyzer.java",330,parseXmlTestReport,3,AvoidPrintStackTrace,"Best Practices",
TestFailureAnalyzer,"Parameter 'args' is not assigned and could be declared final","streamconverter-core/src/main/java/com/streamConverter/test/TestFailureAnalyzer.java",343,main,3,"MethodArgumentCouldBeFinal","Code Style",args
TestFailureAnalyzer,"Local variable 'testResultsPath' could be declared final","streamconverter-core/src/main/java/com/streamConverter/test/TestFailureAnalyzer.java",344,main,3,"LocalVariableCouldBeFinal","Code Style",testResultsPath
TestFailureAnalyzer,"Local variable 'summary' could be declared final","streamconverter-core/src/main/java/com/streamConverter/test/TestFailureAnalyzer.java",347,main,3,"LocalVariableCouldBeFinal","Code Style",summary
TestFailureAnalyzer,"Usage of System.out/err","streamconverter-core/src/main/java/com/streamConverter/test/TestFailureAnalyzer.java",348,main,2,SystemPrintln,"Best Practices",
TestFailureAnalyzer,"Usage of System.out/err","streamconverter-core/src/main/java/com/streamConverter/test/TestFailureAnalyzer.java",355,main,2,SystemPrintln,"Best Practices",
MeasuredInputStream,"Package name contains upper case characters","streamconverter-core/src/main/java/com/streamConverter/util/MeasuredInputStream.java",1,,3,PackageCase,"Code Style",
MeasuredInputStream,"Avoid using redundant field initializer for 'bytesRead'","streamconverter-core/src/main/java/com/streamConverter/util/MeasuredInputStream.java",13,,3,"RedundantFieldInitializer",Performance,bytesRead
MeasuredInputStream,"Avoid using redundant field initializer for 'closed'","streamconverter-core/src/main/java/com/streamConverter/util/MeasuredInputStream.java",14,,3,"RedundantFieldInitializer",Performance,closed
MeasuredInputStream,"It is a good practice to call super() in a constructor","streamconverter-core/src/main/java/com/streamConverter/util/MeasuredInputStream.java",21,MeasuredInputStream,3,CallSuperInConstructor,"Code Style",
MeasuredInputStream,"Parameter 'delegate' is not assigned and could be declared final","streamconverter-core/src/main/java/com/streamConverter/util/MeasuredInputStream.java",21,MeasuredInputStream,3,"MethodArgumentCouldBeFinal","Code Style",delegate
MeasuredInputStream,"A method should have only one exit point, and that should be the last statement in the method","streamconverter-core/src/main/java/com/streamConverter/util/MeasuredInputStream.java",29,read,3,OnlyOneReturn,"Code Style",
MeasuredInputStream,"Local variable 'result' could be declared final","streamconverter-core/src/main/java/com/streamConverter/util/MeasuredInputStream.java",32,read,3,"LocalVariableCouldBeFinal","Code Style",result
MeasuredInputStream,"Avoid variables with short names like b","streamconverter-core/src/main/java/com/streamConverter/util/MeasuredInputStream.java",40,read,3,ShortVariable,"Code Style",b
MeasuredInputStream,"Parameter 'b' is not assigned and could be declared final","streamconverter-core/src/main/java/com/streamConverter/util/MeasuredInputStream.java",40,read,3,"MethodArgumentCouldBeFinal","Code Style",b
MeasuredInputStream,"A method should have only one exit point, and that should be the last statement in the method","streamconverter-core/src/main/java/com/streamConverter/util/MeasuredInputStream.java",42,read,3,OnlyOneReturn,"Code Style",
MeasuredInputStream,"Local variable 'result' could be declared final","streamconverter-core/src/main/java/com/streamConverter/util/MeasuredInputStream.java",45,read,3,"LocalVariableCouldBeFinal","Code Style",result
MeasuredInputStream,"Avoid variables with short names like b","streamconverter-core/src/main/java/com/streamConverter/util/MeasuredInputStream.java",53,read,3,ShortVariable,"Code Style",b
MeasuredInputStream,"Parameter 'b' is not assigned and could be declared final","streamconverter-core/src/main/java/com/streamConverter/util/MeasuredInputStream.java",53,read,3,"MethodArgumentCouldBeFinal","Code Style",b
MeasuredInputStream,"Parameter 'off' is not assigned and could be declared final","streamconverter-core/src/main/java/com/streamConverter/util/MeasuredInputStream.java",53,read,3,"MethodArgumentCouldBeFinal","Code Style",off
MeasuredInputStream,"Parameter 'len' is not assigned and could be declared final","streamconverter-core/src/main/java/com/streamConverter/util/MeasuredInputStream.java",53,read,3,"MethodArgumentCouldBeFinal","Code Style",len
MeasuredInputStream,"A method should have only one exit point, and that should be the last statement in the method","streamconverter-core/src/main/java/com/streamConverter/util/MeasuredInputStream.java",55,read,3,OnlyOneReturn,"Code Style",
MeasuredInputStream,"Local variable 'result' could be declared final","streamconverter-core/src/main/java/com/streamConverter/util/MeasuredInputStream.java",58,read,3,"LocalVariableCouldBeFinal","Code Style",result
MeasuredInputStream,"Avoid variables with short names like n","streamconverter-core/src/main/java/com/streamConverter/util/MeasuredInputStream.java",66,skip,3,ShortVariable,"Code Style",n
MeasuredInputStream,"Parameter 'n' is not assigned and could be declared final","streamconverter-core/src/main/java/com/streamConverter/util/MeasuredInputStream.java",66,skip,3,"MethodArgumentCouldBeFinal","Code Style",n
MeasuredInputStream,"A method should have only one exit point, and that should be the last statement in the method","streamconverter-core/src/main/java/com/streamConverter/util/MeasuredInputStream.java",68,skip,3,OnlyOneReturn,"Code Style",
MeasuredInputStream,"Local variable 'result' could be declared final","streamconverter-core/src/main/java/com/streamConverter/util/MeasuredInputStream.java",71,skip,3,"LocalVariableCouldBeFinal","Code Style",result
MeasuredInputStream,"A method should have only one exit point, and that should be the last statement in the method","streamconverter-core/src/main/java/com/streamConverter/util/MeasuredInputStream.java",81,available,3,OnlyOneReturn,"Code Style",
MeasuredInputStream,"Parameter 'readlimit' is not assigned and could be declared final","streamconverter-core/src/main/java/com/streamConverter/util/MeasuredInputStream.java",95,mark,3,"MethodArgumentCouldBeFinal","Code Style",readlimit
MeasuredOutputStream,"Package name contains upper case characters","streamconverter-core/src/main/java/com/streamConverter/util/MeasuredOutputStream.java",1,,3,PackageCase,"Code Style",
MeasuredOutputStream,"Avoid using redundant field initializer for 'bytesWritten'","streamconverter-core/src/main/java/com/streamConverter/util/MeasuredOutputStream.java",13,,3,"RedundantFieldInitializer",Performance,bytesWritten
MeasuredOutputStream,"Avoid using redundant field initializer for 'closed'","streamconverter-core/src/main/java/com/streamConverter/util/MeasuredOutputStream.java",14,,3,"RedundantFieldInitializer",Performance,closed
MeasuredOutputStream,"It is a good practice to call super() in a constructor","streamconverter-core/src/main/java/com/streamConverter/util/MeasuredOutputStream.java",21,MeasuredOutputStream,3,CallSuperInConstructor,"Code Style",
MeasuredOutputStream,"Parameter 'delegate' is not assigned and could be declared final","streamconverter-core/src/main/java/com/streamConverter/util/MeasuredOutputStream.java",21,MeasuredOutputStream,3,"MethodArgumentCouldBeFinal","Code Style",delegate
MeasuredOutputStream,"Avoid variables with short names like b","streamconverter-core/src/main/java/com/streamConverter/util/MeasuredOutputStream.java",27,write,3,ShortVariable,"Code Style",b
MeasuredOutputStream,"Parameter 'b' is not assigned and could be declared final","streamconverter-core/src/main/java/com/streamConverter/util/MeasuredOutputStream.java",27,write,3,"MethodArgumentCouldBeFinal","Code Style",b
MeasuredOutputStream,"Avoid variables with short names like b","streamconverter-core/src/main/java/com/streamConverter/util/MeasuredOutputStream.java",37,write,3,ShortVariable,"Code Style",b
MeasuredOutputStream,"Parameter 'b' is not assigned and could be declared final","streamconverter-core/src/main/java/com/streamConverter/util/MeasuredOutputStream.java",37,write,3,"MethodArgumentCouldBeFinal","Code Style",b
MeasuredOutputStream,"Avoid variables with short names like b","streamconverter-core/src/main/java/com/streamConverter/util/MeasuredOutputStream.java",47,write,3,ShortVariable,"Code Style",b
MeasuredOutputStream,"Parameter 'b' is not assigned and could be declared final","streamconverter-core/src/main/java/com/streamConverter/util/MeasuredOutputStream.java",47,write,3,"MethodArgumentCouldBeFinal","Code Style",b
MeasuredOutputStream,"Parameter 'off' is not assigned and could be declared final","streamconverter-core/src/main/java/com/streamConverter/util/MeasuredOutputStream.java",47,write,3,"MethodArgumentCouldBeFinal","Code Style",off
MeasuredOutputStream,"Parameter 'len' is not assigned and could be declared final","streamconverter-core/src/main/java/com/streamConverter/util/MeasuredOutputStream.java",47,write,3,"MethodArgumentCouldBeFinal","Code Style",len
ValidationResult,"Package name contains upper case characters","streamconverter-core/src/main/java/com/streamConverter/validation/ValidationResult.java",1,,3,PackageCase,"Code Style",
ValidationResult,"This class has only private constructors and may be final","streamconverter-core/src/main/java/com/streamConverter/validation/ValidationResult.java",26,,1,"ClassWithOnlyPrivateConstructorsShouldBeFinal",Design,
ValidationResult,"Field isValid has the same name as a method","streamconverter-core/src/main/java/com/streamConverter/validation/ValidationResult.java",30,,3,"AvoidFieldNameMatchingMethodName","Error Prone",isValid
ValidationResult,"Avoid excessively long variable names like executionTimeMillis","streamconverter-core/src/main/java/com/streamConverter/validation/ValidationResult.java",34,,3,LongVariable,"Code Style",executionTimeMillis
ValidationResult,"Parameter 'builder' is not assigned and could be declared final","streamconverter-core/src/main/java/com/streamConverter/validation/ValidationResult.java",38,ValidationResult,3,"MethodArgumentCouldBeFinal","Code Style",builder
ValidationResult,"Access to field `validationTime` on foreign value `builder` (degree 1)","streamconverter-core/src/main/java/com/streamConverter/validation/ValidationResult.java",44,ValidationResult,3,LawOfDemeter,Design,
ValidationResult,"Parameter 'validationType' is not assigned and could be declared final","streamconverter-core/src/main/java/com/streamConverter/validation/ValidationResult.java",58,success,3,"MethodArgumentCouldBeFinal","Code Style",validationType
ValidationResult,"Parameter 'schemaPath' is not assigned and could be declared final","streamconverter-core/src/main/java/com/streamConverter/validation/ValidationResult.java",58,success,3,"MethodArgumentCouldBeFinal","Code Style",schemaPath
ValidationResult,"Avoid excessively long variable names like executionTimeMillis","streamconverter-core/src/main/java/com/streamConverter/validation/ValidationResult.java",58,success,3,LongVariable,"Code Style",executionTimeMillis
ValidationResult,"Parameter 'executionTimeMillis' is not assigned and could be declared final","streamconverter-core/src/main/java/com/streamConverter/validation/ValidationResult.java",58,success,3,"MethodArgumentCouldBeFinal","Code Style",executionTimeMillis
ValidationResult,"Parameter 'validationType' is not assigned and could be declared final","streamconverter-core/src/main/java/com/streamConverter/validation/ValidationResult.java",77,failure,3,"MethodArgumentCouldBeFinal","Code Style",validationType
ValidationResult,"Parameter 'schemaPath' is not assigned and could be declared final","streamconverter-core/src/main/java/com/streamConverter/validation/ValidationResult.java",77,failure,3,"MethodArgumentCouldBeFinal","Code Style",schemaPath
ValidationResult,"Parameter 'errors' is not assigned and could be declared final","streamconverter-core/src/main/java/com/streamConverter/validation/ValidationResult.java",77,failure,3,"MethodArgumentCouldBeFinal","Code Style",errors
ValidationResult,"Avoid excessively long variable names like executionTimeMillis","streamconverter-core/src/main/java/com/streamConverter/validation/ValidationResult.java",77,failure,3,LongVariable,"Code Style",executionTimeMillis
ValidationResult,"Parameter 'executionTimeMillis' is not assigned and could be declared final","streamconverter-core/src/main/java/com/streamConverter/validation/ValidationResult.java",77,failure,3,"MethodArgumentCouldBeFinal","Code Style",executionTimeMillis
ValidationResult,"Local variable 'builder' could be declared final","streamconverter-core/src/main/java/com/streamConverter/validation/ValidationResult.java",78,failure,3,"LocalVariableCouldBeFinal","Code Style",builder
ValidationResult,"Local variable 'error' could be declared final","streamconverter-core/src/main/java/com/streamConverter/validation/ValidationResult.java",86,failure,3,"LocalVariableCouldBeFinal","Code Style",error
ValidationResult,"Avoid variables with short names like sb","streamconverter-core/src/main/java/com/streamConverter/validation/ValidationResult.java",197,toString,3,ShortVariable,"Code Style",sb
ValidationResult,"Local variable 'sb' could be declared final","streamconverter-core/src/main/java/com/streamConverter/validation/ValidationResult.java",197,toString,3,"LocalVariableCouldBeFinal","Code Style",sb
ValidationResult,"StringBuilder has been initialized with size 16, but has at least 78 characters appended.","streamconverter-core/src/main/java/com/streamConverter/validation/ValidationResult.java",197,toString,3,"InsufficientStringBufferDeclaration",Performance,sb
ValidationResult,"StringBuffer (or StringBuilder).append is called consecutively without reusing the target variable.","streamconverter-core/src/main/java/com/streamConverter/validation/ValidationResult.java",198,toString,3,"ConsecutiveAppendsShouldReuse",Performance,
ValidationResult,"StringBuffer (or StringBuilder).append is called 2 consecutive times with literals. Use a single append with a single combined String.","streamconverter-core/src/main/java/com/streamConverter/validation/ValidationResult.java",198,toString,3,"ConsecutiveLiteralAppends",Performance,
ValidationResult,"StringBuffer (or StringBuilder).append is called consecutively without reusing the target variable.","streamconverter-core/src/main/java/com/streamConverter/validation/ValidationResult.java",199,toString,3,"ConsecutiveAppendsShouldReuse",Performance,
ValidationResult,"StringBuffer (or StringBuilder).append is called consecutively without reusing the target variable.","streamconverter-core/src/main/java/com/streamConverter/validation/ValidationResult.java",200,toString,3,"ConsecutiveAppendsShouldReuse",Performance,
ValidationResult,"StringBuffer (or StringBuilder).append is called consecutively without reusing the target variable.","streamconverter-core/src/main/java/com/streamConverter/validation/ValidationResult.java",201,toString,3,"ConsecutiveAppendsShouldReuse",Performance,
ValidationResult,"StringBuffer (or StringBuilder).append is called consecutively without reusing the target variable.","streamconverter-core/src/main/java/com/streamConverter/validation/ValidationResult.java",202,toString,3,"ConsecutiveAppendsShouldReuse",Performance,
ValidationResult,"StringBuffer (or StringBuilder).append is called consecutively without reusing the target variable.","streamconverter-core/src/main/java/com/streamConverter/validation/ValidationResult.java",203,toString,3,"ConsecutiveAppendsShouldReuse",Performance,
ValidationResult,"StringBuffer (or StringBuilder).append is called consecutively without reusing the target variable.","streamconverter-core/src/main/java/com/streamConverter/validation/ValidationResult.java",204,toString,3,"ConsecutiveAppendsShouldReuse",Performance,
ValidationResult,"Avoid appending characters as strings in StringBuffer.append.","streamconverter-core/src/main/java/com/streamConverter/validation/ValidationResult.java",205,toString,3,AppendCharacterWithChar,Performance,
ValidationResult,"Avoid variables with short names like o","streamconverter-core/src/main/java/com/streamConverter/validation/ValidationResult.java",210,equals,3,ShortVariable,"Code Style",o
ValidationResult,"Parameter 'o' is not assigned and could be declared final","streamconverter-core/src/main/java/com/streamConverter/validation/ValidationResult.java",210,equals,3,"MethodArgumentCouldBeFinal","Code Style",o
ValidationResult,"A method should have only one exit point, and that should be the last statement in the method","streamconverter-core/src/main/java/com/streamConverter/validation/ValidationResult.java",211,equals,3,OnlyOneReturn,"Code Style",
ValidationResult,"This statement should have braces","streamconverter-core/src/main/java/com/streamConverter/validation/ValidationResult.java",211,equals,3,ControlStatementBraces,"Code Style",
ValidationResult,"A method should have only one exit point, and that should be the last statement in the method","streamconverter-core/src/main/java/com/streamConverter/validation/ValidationResult.java",212,equals,3,OnlyOneReturn,"Code Style",
ValidationResult,"This statement should have braces","streamconverter-core/src/main/java/com/streamConverter/validation/ValidationResult.java",212,equals,3,ControlStatementBraces,"Code Style",
ValidationResult,"Local variable 'that' could be declared final","streamconverter-core/src/main/java/com/streamConverter/validation/ValidationResult.java",213,equals,3,"LocalVariableCouldBeFinal","Code Style",that
Builder,"Field validationType has the same name as a method","streamconverter-core/src/main/java/com/streamConverter/validation/ValidationResult.java",239,,3,"AvoidFieldNameMatchingMethodName","Error Prone",validationType
Builder,"Field schemaPath has the same name as a method","streamconverter-core/src/main/java/com/streamConverter/validation/ValidationResult.java",240,,3,"AvoidFieldNameMatchingMethodName","Error Prone",schemaPath
Builder,"Field 'errors' may be declared final","streamconverter-core/src/main/java/com/streamConverter/validation/ValidationResult.java",242,,3,ImmutableField,Design,errors
Builder,"Field 'warnings' may be declared final","streamconverter-core/src/main/java/com/streamConverter/validation/ValidationResult.java",243,,3,ImmutableField,Design,warnings
Builder,"Field validationTime has the same name as a method","streamconverter-core/src/main/java/com/streamConverter/validation/ValidationResult.java",244,,3,"AvoidFieldNameMatchingMethodName","Error Prone",validationTime
Builder,"Avoid excessively long variable names like executionTimeMillis","streamconverter-core/src/main/java/com/streamConverter/validation/ValidationResult.java",245,,3,LongVariable,"Code Style",executionTimeMillis
Builder,"Field executionTimeMillis has the same name as a method","streamconverter-core/src/main/java/com/streamConverter/validation/ValidationResult.java",245,,3,"AvoidFieldNameMatchingMethodName","Error Prone",executionTimeMillis
Builder,"Field dataSource has the same name as a method","streamconverter-core/src/main/java/com/streamConverter/validation/ValidationResult.java",246,,3,"AvoidFieldNameMatchingMethodName","Error Prone",dataSource
Builder,"Parameter 'validationType' is not assigned and could be declared final","streamconverter-core/src/main/java/com/streamConverter/validation/ValidationResult.java",254,validationType,3,"MethodArgumentCouldBeFinal","Code Style",validationType
Builder,"Parameter 'schemaPath' is not assigned and could be declared final","streamconverter-core/src/main/java/com/streamConverter/validation/ValidationResult.java",265,schemaPath,3,"MethodArgumentCouldBeFinal","Code Style",schemaPath
Builder,"Parameter 'success' is not assigned and could be declared final","streamconverter-core/src/main/java/com/streamConverter/validation/ValidationResult.java",276,success,3,"MethodArgumentCouldBeFinal","Code Style",success
Builder,"Parameter 'error' is not assigned and could be declared final","streamconverter-core/src/main/java/com/streamConverter/validation/ValidationResult.java",287,addError,3,"MethodArgumentCouldBeFinal","Code Style",error
Builder,"String.trim().length() == 0 / String.trim().isEmpty() is an inefficient way to validate a blank String.","streamconverter-core/src/main/java/com/streamConverter/validation/ValidationResult.java",288,addError,3,"InefficientEmptyStringCheck",Performance,
Builder,"Parameter 'warning' is not assigned and could be declared final","streamconverter-core/src/main/java/com/streamConverter/validation/ValidationResult.java",300,addWarning,3,"MethodArgumentCouldBeFinal","Code Style",warning
Builder,"String.trim().length() == 0 / String.trim().isEmpty() is an inefficient way to validate a blank String.","streamconverter-core/src/main/java/com/streamConverter/validation/ValidationResult.java",301,addWarning,3,"InefficientEmptyStringCheck",Performance,
Builder,"Parameter 'validationTime' is not assigned and could be declared final","streamconverter-core/src/main/java/com/streamConverter/validation/ValidationResult.java",313,validationTime,3,"MethodArgumentCouldBeFinal","Code Style",validationTime
Builder,"Avoid excessively long variable names like executionTimeMillis","streamconverter-core/src/main/java/com/streamConverter/validation/ValidationResult.java",324,executionTimeMillis,3,LongVariable,"Code Style",executionTimeMillis
Builder,"Parameter 'executionTimeMillis' is not assigned and could be declared final","streamconverter-core/src/main/java/com/streamConverter/validation/ValidationResult.java",324,executionTimeMillis,3,"MethodArgumentCouldBeFinal","Code Style",executionTimeMillis
Builder,"Parameter 'dataSource' is not assigned and could be declared final","streamconverter-core/src/main/java/com/streamConverter/validation/ValidationResult.java",335,dataSource,3,"MethodArgumentCouldBeFinal","Code Style",dataSource
Builder,"The method 'build()' has a cyclomatic complexity of 12.","streamconverter-core/src/main/java/com/streamConverter/validation/ValidationResult.java",346,build,3,CyclomaticComplexity,Design,
Builder,"String.trim().length() == 0 / String.trim().isEmpty() is an inefficient way to validate a blank String.","streamconverter-core/src/main/java/com/streamConverter/validation/ValidationResult.java",348,build,3,"InefficientEmptyStringCheck",Performance,
Builder,"String.trim().length() == 0 / String.trim().isEmpty() is an inefficient way to validate a blank String.","streamconverter-core/src/main/java/com/streamConverter/validation/ValidationResult.java",353,build,3,"InefficientEmptyStringCheck",Performance,
