File,Line,Rule,Category,Priority,Description,Class,Method,Variable
"streamconverter-core/src/main/java/com/streamConverter/CommandResult.java",1,"PackageCase","Code Style",3,"Package name contains upper case characters","CommandResult","",""
"streamconverter-core/src/main/java/com/streamConverter/CommandResult.java",13,"AvoidFieldNameMatchingMethodName","Error Prone",3,"Field success has the same name as a method","CommandResult","","success"
"streamconverter-core/src/main/java/com/streamConverter/CommandResult.java",14,"LongVariable","Code Style",3,"Avoid excessively long variable names like executionTimeMillis","CommandResult","","executionTimeMillis"
"streamconverter-core/src/main/java/com/streamConverter/CommandResult.java",28,"LawOfDemeter","Design",3,"Access to field `startTime` on foreign value `builder` (degree 1)","CommandResult","CommandResult",""
"streamconverter-core/src/main/java/com/streamConverter/CommandResult.java",29,"LawOfDemeter","Design",3,"Access to field `endTime` on foreign value `builder` (degree 1)","CommandResult","CommandResult",""
"streamconverter-core/src/main/java/com/streamConverter/CommandResult.java",127,"AvoidFieldNameMatchingMethodName","Error Prone",3,"Field commandName has the same name as a method","Builder","","commandName"
"streamconverter-core/src/main/java/com/streamConverter/CommandResult.java",128,"AvoidFieldNameMatchingMethodName","Error Prone",3,"Field success has the same name as a method","Builder","","success"
"streamconverter-core/src/main/java/com/streamConverter/CommandResult.java",129,"LongVariable","Code Style",3,"Avoid excessively long variable names like executionTimeMillis","Builder","","executionTimeMillis"
"streamconverter-core/src/main/java/com/streamConverter/CommandResult.java",130,"AvoidFieldNameMatchingMethodName","Error Prone",3,"Field inputBytes has the same name as a method","Builder","","inputBytes"
"streamconverter-core/src/main/java/com/streamConverter/CommandResult.java",131,"AvoidFieldNameMatchingMethodName","Error Prone",3,"Field outputBytes has the same name as a method","Builder","","outputBytes"
"streamconverter-core/src/main/java/com/streamConverter/CommandResult.java",132,"AvoidFieldNameMatchingMethodName","Error Prone",3,"Field errorMessage has the same name as a method","Builder","","errorMessage"
"streamconverter-core/src/main/java/com/streamConverter/CommandResult.java",133,"AvoidFieldNameMatchingMethodName","Error Prone",3,"Field startTime has the same name as a method","Builder","","startTime"
"streamconverter-core/src/main/java/com/streamConverter/CommandResult.java",134,"AvoidFieldNameMatchingMethodName","Error Prone",3,"Field endTime has the same name as a method","Builder","","endTime"
"streamconverter-core/src/main/java/com/streamConverter/CommandResult.java",164,"LongVariable","Code Style",3,"Avoid excessively long variable names like executionTimeMillis","Builder","executionTime","executionTimeMillis"
"streamconverter-core/src/main/java/com/streamConverter/Main.java",1,"PackageCase","Code Style",3,"Package name contains upper case characters","Main","",""
"streamconverter-core/src/main/java/com/streamConverter/Main.java",18,"ShortClassName","Code Style",4,"Avoid short class names like Main","Main","",""
"streamconverter-core/src/main/java/com/streamConverter/Main.java",18,"UseUtilityClass","Design",3,"This utility class has a non-private constructor","Main","",""
"streamconverter-core/src/main/java/com/streamConverter/Main.java",29,"LocalVariableCouldBeFinal","Code Style",3,"Local variable 'commands' could be declared final","Main","main","commands"
"streamconverter-core/src/main/java/com/streamConverter/Main.java",32,"LocalVariableCouldBeFinal","Code Style",3,"Local variable 'converter' could be declared final","Main","main","converter"
"streamconverter-core/src/main/java/com/streamConverter/StreamConverter.java",1,"PackageCase","Code Style",3,"Package name contains upper case characters","StreamConverter","",""
"streamconverter-core/src/main/java/com/streamConverter/StreamConverter.java",31,"LongVariable","Code Style",3,"Avoid excessively long variable names like DEFAULT_BUFFER_SIZE","StreamConverter","","DEFAULT_BUFFER_SIZE"
"streamconverter-core/src/main/java/com/streamConverter/StreamConverter.java",32,"ImmutableField","Design",3,"Field 'commands' may be declared final","StreamConverter","","commands"
"streamconverter-core/src/main/java/com/streamConverter/StreamConverter.java",42,"UseVarargs","Best Practices",4,"Consider using varargs for methods or constructors which take an array the last parameter.","StreamConverter","StreamConverter","commands"
"streamconverter-core/src/main/java/com/streamConverter/StreamConverter.java",42,"MethodArgumentCouldBeFinal","Code Style",3,"Parameter 'commands' is not assigned and could be declared final","StreamConverter","StreamConverter","commands"
"streamconverter-core/src/main/java/com/streamConverter/StreamConverter.java",57,"MethodArgumentCouldBeFinal","Code Style",3,"Parameter 'commands' is not assigned and could be declared final","StreamConverter","StreamConverter","commands"
"streamconverter-core/src/main/java/com/streamConverter/StreamConverter.java",73,"MethodArgumentCouldBeFinal","Code Style",3,"Parameter 'commands' is not assigned and could be declared final","StreamConverter","create","commands"
"streamconverter-core/src/main/java/com/streamConverter/StreamConverter.java",85,"MethodArgumentCouldBeFinal","Code Style",3,"Parameter 'commands' is not assigned and could be declared final","StreamConverter","create","commands"
"streamconverter-core/src/main/java/com/streamConverter/StreamConverter.java",100,"MethodArgumentCouldBeFinal","Code Style",3,"Parameter 'context' is not assigned and could be declared final","StreamConverter","createWithContext","context"
"streamconverter-core/src/main/java/com/streamConverter/StreamConverter.java",100,"MethodArgumentCouldBeFinal","Code Style",3,"Parameter 'commands' is not assigned and could be declared final","StreamConverter","createWithContext","commands"
"streamconverter-core/src/main/java/com/streamConverter/StreamConverter.java",102,"LocalVariableCouldBeFinal","Code Style",3,"Local variable 'converter' could be declared final","StreamConverter","createWithContext","converter"
"streamconverter-core/src/main/java/com/streamConverter/StreamConverter.java",118,"MethodArgumentCouldBeFinal","Code Style",3,"Parameter 'context' is not assigned and could be declared final","StreamConverter","createWithContext","context"
"streamconverter-core/src/main/java/com/streamConverter/StreamConverter.java",118,"MethodArgumentCouldBeFinal","Code Style",3,"Parameter 'commands' is not assigned and could be declared final","StreamConverter","createWithContext","commands"
"streamconverter-core/src/main/java/com/streamConverter/StreamConverter.java",120,"LocalVariableCouldBeFinal","Code Style",3,"Local variable 'converter' could be declared final","StreamConverter","createWithContext","converter"
"streamconverter-core/src/main/java/com/streamConverter/StreamConverter.java",131,"LocalVariableCouldBeFinal","Code Style",3,"Local variable 'availableCores' could be declared final","StreamConverter","createOptimalExecutor","availableCores"
"streamconverter-core/src/main/java/com/streamConverter/StreamConverter.java",132,"LocalVariableCouldBeFinal","Code Style",3,"Local variable 'optimalSize' could be declared final","StreamConverter","createOptimalExecutor","optimalSize"
"streamconverter-core/src/main/java/com/streamConverter/StreamConverter.java",144,"MethodArgumentCouldBeFinal","Code Style",3,"Parameter 'inputStream' is not assigned and could be declared final","StreamConverter","run","inputStream"
"streamconverter-core/src/main/java/com/streamConverter/StreamConverter.java",144,"MethodArgumentCouldBeFinal","Code Style",3,"Parameter 'outputStream' is not assigned and could be declared final","StreamConverter","run","outputStream"
"streamconverter-core/src/main/java/com/streamConverter/StreamConverter.java",147,"LocalVariableCouldBeFinal","Code Style",3,"Local variable 'contextToUse' could be declared final","StreamConverter","run","contextToUse"
"streamconverter-core/src/main/java/com/streamConverter/StreamConverter.java",162,"MethodArgumentCouldBeFinal","Code Style",3,"Parameter 'inputStream' is not assigned and could be declared final","StreamConverter","run","inputStream"
"streamconverter-core/src/main/java/com/streamConverter/StreamConverter.java",162,"MethodArgumentCouldBeFinal","Code Style",3,"Parameter 'outputStream' is not assigned and could be declared final","StreamConverter","run","outputStream"
"streamconverter-core/src/main/java/com/streamConverter/StreamConverter.java",162,"MethodArgumentCouldBeFinal","Code Style",3,"Parameter 'context' is not assigned and could be declared final","StreamConverter","run","context"
"streamconverter-core/src/main/java/com/streamConverter/StreamConverter.java",183,"NcssCount","Design",3,"The method 'executeMultipleCommandsWithMDC(InputStream, OutputStream, ExecutionContext)' has a NCSS line count of 67.","StreamConverter","executeMultipleCommandsWithMDC",""
"streamconverter-core/src/main/java/com/streamConverter/StreamConverter.java",183,"CognitiveComplexity","Design",3,"The method 'executeMultipleCommandsWithMDC(InputStream, OutputStream, ExecutionContext)' has a cognitive complexity of 34, current threshold is 15","StreamConverter","executeMultipleCommandsWithMDC",""
"streamconverter-core/src/main/java/com/streamConverter/StreamConverter.java",183,"CyclomaticComplexity","Design",3,"The method 'executeMultipleCommandsWithMDC(InputStream, OutputStream, ExecutionContext)' has a cyclomatic complexity of 17.","StreamConverter","executeMultipleCommandsWithMDC",""
"streamconverter-core/src/main/java/com/streamConverter/StreamConverter.java",184,"MethodArgumentCouldBeFinal","Code Style",3,"Parameter 'inputStream' is not assigned and could be declared final","StreamConverter","executeMultipleCommandsWithMDC","inputStream"
"streamconverter-core/src/main/java/com/streamConverter/StreamConverter.java",184,"MethodArgumentCouldBeFinal","Code Style",3,"Parameter 'outputStream' is not assigned and could be declared final","StreamConverter","executeMultipleCommandsWithMDC","outputStream"
"streamconverter-core/src/main/java/com/streamConverter/StreamConverter.java",184,"MethodArgumentCouldBeFinal","Code Style",3,"Parameter 'context' is not assigned and could be declared final","StreamConverter","executeMultipleCommandsWithMDC","context"
"streamconverter-core/src/main/java/com/streamConverter/StreamConverter.java",186,"CloseResource","Error Prone",3,"Ensure that resources like this ExecutorService object are closed after use","StreamConverter","executeMultipleCommandsWithMDC","executor"
"streamconverter-core/src/main/java/com/streamConverter/StreamConverter.java",186,"LocalVariableCouldBeFinal","Code Style",3,"Local variable 'executor' could be declared final","StreamConverter","executeMultipleCommandsWithMDC","executor"
"streamconverter-core/src/main/java/com/streamConverter/StreamConverter.java",187,"LocalVariableCouldBeFinal","Code Style",3,"Local variable 'futures' could be declared final","StreamConverter","executeMultipleCommandsWithMDC","futures"
"streamconverter-core/src/main/java/com/streamConverter/StreamConverter.java",188,"LocalVariableCouldBeFinal","Code Style",3,"Local variable 'resources' could be declared final","StreamConverter","executeMultipleCommandsWithMDC","resources"
"streamconverter-core/src/main/java/com/streamConverter/StreamConverter.java",195,"LocalVariableCouldBeFinal","Code Style",3,"Local variable 'command' could be declared final","StreamConverter","executeMultipleCommandsWithMDC","command"
"streamconverter-core/src/main/java/com/streamConverter/StreamConverter.java",198,"CloseResource","Error Prone",3,"Ensure that resources like this InputStream object are closed after use","StreamConverter","executeMultipleCommandsWithMDC","commandInput"
"streamconverter-core/src/main/java/com/streamConverter/StreamConverter.java",199,"CloseResource","Error Prone",3,"Ensure that resources like this OutputStream object are closed after use","StreamConverter","executeMultipleCommandsWithMDC","commandOutput"
"streamconverter-core/src/main/java/com/streamConverter/StreamConverter.java",206,"CloseResource","Error Prone",3,"Ensure that resources like this PipedOutputStream object are closed after use","StreamConverter","executeMultipleCommandsWithMDC","pipedOut"
"streamconverter-core/src/main/java/com/streamConverter/StreamConverter.java",206,"LocalVariableCouldBeFinal","Code Style",3,"Local variable 'pipedOut' could be declared final","StreamConverter","executeMultipleCommandsWithMDC","pipedOut"
"streamconverter-core/src/main/java/com/streamConverter/StreamConverter.java",206,"AvoidInstantiatingObjectsInLoops","Performance",3,"Avoid instantiating new objects inside loops","StreamConverter","executeMultipleCommandsWithMDC","pipedOut"
"streamconverter-core/src/main/java/com/streamConverter/StreamConverter.java",207,"CloseResource","Error Prone",3,"Ensure that resources like this PipedInputStream object are closed after use","StreamConverter","executeMultipleCommandsWithMDC","pipedIn"
"streamconverter-core/src/main/java/com/streamConverter/StreamConverter.java",207,"LocalVariableCouldBeFinal","Code Style",3,"Local variable 'pipedIn' could be declared final","StreamConverter","executeMultipleCommandsWithMDC","pipedIn"
"streamconverter-core/src/main/java/com/streamConverter/StreamConverter.java",207,"AvoidInstantiatingObjectsInLoops","Performance",3,"Avoid instantiating new objects inside loops","StreamConverter","executeMultipleCommandsWithMDC","pipedIn"
"streamconverter-core/src/main/java/com/streamConverter/StreamConverter.java",211,"CloseResource","Error Prone",3,"'currentInput' is reassigned, but the original instance is not closed","StreamConverter","executeMultipleCommandsWithMDC",""
"streamconverter-core/src/main/java/com/streamConverter/StreamConverter.java",215,"LocalVariableCouldBeFinal","Code Style",3,"Local variable 'future' could be declared final","StreamConverter","executeMultipleCommandsWithMDC","future"
"streamconverter-core/src/main/java/com/streamConverter/StreamConverter.java",219,"LocalVariableCouldBeFinal","Code Style",3,"Local variable 'sequence' could be declared final","StreamConverter","executeMultipleCommandsWithMDC","sequence"
"streamconverter-core/src/main/java/com/streamConverter/StreamConverter.java",220,"LocalVariableCouldBeFinal","Code Style",3,"Local variable 'stageName' could be declared final","StreamConverter","executeMultipleCommandsWithMDC","stageName"
"streamconverter-core/src/main/java/com/streamConverter/StreamConverter.java",232,"LocalVariableCouldBeFinal","Code Style",3,"Local variable 'startTime' could be declared final","StreamConverter","executeMultipleCommandsWithMDC","startTime"
"streamconverter-core/src/main/java/com/streamConverter/StreamConverter.java",233,"LocalVariableCouldBeFinal","Code Style",3,"Local variable 'startInstant' could be declared final","StreamConverter","executeMultipleCommandsWithMDC","startInstant"
"streamconverter-core/src/main/java/com/streamConverter/StreamConverter.java",244,"LocalVariableCouldBeFinal","Code Style",3,"Local variable 'endTime' could be declared final","StreamConverter","executeMultipleCommandsWithMDC","endTime"
"streamconverter-core/src/main/java/com/streamConverter/StreamConverter.java",245,"LocalVariableCouldBeFinal","Code Style",3,"Local variable 'endInstant' could be declared final","StreamConverter","executeMultipleCommandsWithMDC","endInstant"
"streamconverter-core/src/main/java/com/streamConverter/StreamConverter.java",263,"LocalVariableCouldBeFinal","Code Style",3,"Local variable 'endTime' could be declared final","StreamConverter","executeMultipleCommandsWithMDC","endTime"
"streamconverter-core/src/main/java/com/streamConverter/StreamConverter.java",264,"LocalVariableCouldBeFinal","Code Style",3,"Local variable 'endInstant' could be declared final","StreamConverter","executeMultipleCommandsWithMDC","endInstant"
"streamconverter-core/src/main/java/com/streamConverter/StreamConverter.java",289,"LocalVariableCouldBeFinal","Code Style",3,"Local variable 'results' could be declared final","StreamConverter","executeMultipleCommandsWithMDC","results"
"streamconverter-core/src/main/java/com/streamConverter/StreamConverter.java",290,"LocalVariableCouldBeFinal","Code Style",3,"Local variable 'future' could be declared final","StreamConverter","executeMultipleCommandsWithMDC","future"
"streamconverter-core/src/main/java/com/streamConverter/StreamConverter.java",293,"LocalVariableCouldBeFinal","Code Style",3,"Local variable 'result' could be declared final","StreamConverter","executeMultipleCommandsWithMDC","result"
"streamconverter-core/src/main/java/com/streamConverter/StreamConverter.java",302,"LocalVariableCouldBeFinal","Code Style",3,"Local variable 'cause' could be declared final","StreamConverter","executeMultipleCommandsWithMDC","cause"
"streamconverter-core/src/main/java/com/streamConverter/StreamConverter.java",304,"PreserveStackTrace","Best Practices",3,"Thrown exception does not preserve the stack trace of exception 'e' on all code paths","StreamConverter","executeMultipleCommandsWithMDC",""
"streamconverter-core/src/main/java/com/streamConverter/StreamConverter.java",306,"PreserveStackTrace","Best Practices",3,"Thrown exception does not preserve the stack trace of exception 'e' on all code paths","StreamConverter","executeMultipleCommandsWithMDC",""
"streamconverter-core/src/main/java/com/streamConverter/StreamConverter.java",308,"PreserveStackTrace","Best Practices",3,"Thrown exception does not preserve the stack trace of exception 'e' on all code paths","StreamConverter","executeMultipleCommandsWithMDC",""
"streamconverter-core/src/main/java/com/streamConverter/StreamConverter.java",334,"MethodArgumentCouldBeFinal","Code Style",3,"Parameter 'executor' is not assigned and could be declared final","StreamConverter","shutdownExecutor","executor"
"streamconverter-core/src/main/java/com/streamConverter/StreamConverter.java",355,"MethodArgumentCouldBeFinal","Code Style",3,"Parameter 'resources' is not assigned and could be declared final","StreamConverter","closeResources","resources"
"streamconverter-core/src/main/java/com/streamConverter/StreamConverter.java",356,"CloseResource","Error Prone",3,"Ensure that resources like this AutoCloseable object are closed after use","StreamConverter","closeResources","resource"
"streamconverter-core/src/main/java/com/streamConverter/StreamConverter.java",356,"LocalVariableCouldBeFinal","Code Style",3,"Local variable 'resource' could be declared final","StreamConverter","closeResources","resource"
"streamconverter-core/src/main/java/com/streamConverter/StreamConverter.java",359,"AvoidCatchingGenericException","Design",3,"Avoid catching generic exceptions such as NullPointerException, RuntimeException, Exception in try-catch block","StreamConverter","closeResources",""
"streamconverter-core/src/main/java/com/streamConverter/StreamProcessingException.java",1,"PackageCase","Code Style",3,"Package name contains upper case characters","StreamProcessingException","",""
"streamconverter-core/src/main/java/com/streamConverter/StreamProcessingException.java",9,"MissingSerialVersionUID","Error Prone",3,"Classes implementing Serializable should set a serialVersionUID","StreamProcessingException","",""
"streamconverter-core/src/main/java/com/streamConverter/StreamProcessingException.java",16,"MethodArgumentCouldBeFinal","Code Style",3,"Parameter 'message' is not assigned and could be declared final","StreamProcessingException","StreamProcessingException","message"
"streamconverter-core/src/main/java/com/streamConverter/StreamProcessingException.java",26,"MethodArgumentCouldBeFinal","Code Style",3,"Parameter 'message' is not assigned and could be declared final","StreamProcessingException","StreamProcessingException","message"
"streamconverter-core/src/main/java/com/streamConverter/StreamProcessingException.java",26,"MethodArgumentCouldBeFinal","Code Style",3,"Parameter 'cause' is not assigned and could be declared final","StreamProcessingException","StreamProcessingException","cause"
"streamconverter-core/src/main/java/com/streamConverter/StreamProcessingException.java",35,"MethodArgumentCouldBeFinal","Code Style",3,"Parameter 'cause' is not assigned and could be declared final","StreamProcessingException","StreamProcessingException","cause"
"streamconverter-core/src/main/java/com/streamConverter/analysis/PmdReportConverter.java",1,"PackageCase","Code Style",3,"Package name contains upper case characters","PmdReportConverter","",""
"streamconverter-core/src/main/java/com/streamConverter/analysis/PmdReportConverter.java",28,"AtLeastOneConstructor","Code Style",3,"Each class should declare at least one constructor","PmdReportConverter","",""
"streamconverter-core/src/main/java/com/streamConverter/analysis/PmdReportConverter.java",32,"MethodArgumentCouldBeFinal","Code Style",3,"Parameter 'args' is not assigned and could be declared final","PmdReportConverter","main","args"
"streamconverter-core/src/main/java/com/streamConverter/analysis/PmdReportConverter.java",32,"SignatureDeclareThrowsException","Design",3,"A method/constructor should not explicitly throw java.lang.Exception","PmdReportConverter","main",""
"streamconverter-core/src/main/java/com/streamConverter/analysis/PmdReportConverter.java",33,"AvoidLiteralsInIfCondition","Error Prone",3,"Avoid using literals in if statements","PmdReportConverter","main",""
"streamconverter-core/src/main/java/com/streamConverter/analysis/PmdReportConverter.java",40,"LocalVariableCouldBeFinal","Code Style",3,"Local variable 'xmlFile' could be declared final","PmdReportConverter","main","xmlFile"
"streamconverter-core/src/main/java/com/streamConverter/analysis/PmdReportConverter.java",41,"LocalVariableCouldBeFinal","Code Style",3,"Local variable 'outputDir' could be declared final","PmdReportConverter","main","outputDir"
"streamconverter-core/src/main/java/com/streamConverter/analysis/PmdReportConverter.java",43,"LocalVariableCouldBeFinal","Code Style",3,"Local variable 'converter' could be declared final","PmdReportConverter","main","converter"
"streamconverter-core/src/main/java/com/streamConverter/analysis/PmdReportConverter.java",47,"MethodArgumentCouldBeFinal","Code Style",3,"Parameter 'xmlFilePath' is not assigned and could be declared final","PmdReportConverter","convertReport","xmlFilePath"
"streamconverter-core/src/main/java/com/streamConverter/analysis/PmdReportConverter.java",47,"MethodArgumentCouldBeFinal","Code Style",3,"Parameter 'outputDir' is not assigned and could be declared final","PmdReportConverter","convertReport","outputDir"
"streamconverter-core/src/main/java/com/streamConverter/analysis/PmdReportConverter.java",47,"SignatureDeclareThrowsException","Design",3,"A method/constructor should not explicitly throw java.lang.Exception","PmdReportConverter","convertReport",""
"streamconverter-core/src/main/java/com/streamConverter/analysis/PmdReportConverter.java",48,"LocalVariableCouldBeFinal","Code Style",3,"Local variable 'xmlPath' could be declared final","PmdReportConverter","convertReport","xmlPath"
"streamconverter-core/src/main/java/com/streamConverter/analysis/PmdReportConverter.java",49,"LocalVariableCouldBeFinal","Code Style",3,"Local variable 'outputPath' could be declared final","PmdReportConverter","convertReport","outputPath"
"streamconverter-core/src/main/java/com/streamConverter/analysis/PmdReportConverter.java",53,"LocalVariableCouldBeFinal","Code Style",3,"Local variable 'violations' could be declared final","PmdReportConverter","convertReport","violations"
"streamconverter-core/src/main/java/com/streamConverter/analysis/PmdReportConverter.java",74,"MethodArgumentCouldBeFinal","Code Style",3,"Parameter 'xmlPath' is not assigned and could be declared final","PmdReportConverter","parseXmlReport","xmlPath"
"streamconverter-core/src/main/java/com/streamConverter/analysis/PmdReportConverter.java",74,"SignatureDeclareThrowsException","Design",3,"A method/constructor should not explicitly throw java.lang.Exception","PmdReportConverter","parseXmlReport",""
"streamconverter-core/src/main/java/com/streamConverter/analysis/PmdReportConverter.java",75,"LocalVariableCouldBeFinal","Code Style",3,"Local variable 'builder' could be declared final","PmdReportConverter","parseXmlReport","builder"
"streamconverter-core/src/main/java/com/streamConverter/analysis/PmdReportConverter.java",76,"LocalVariableCouldBeFinal","Code Style",3,"Local variable 'doc' could be declared final","PmdReportConverter","parseXmlReport","doc"
"streamconverter-core/src/main/java/com/streamConverter/analysis/PmdReportConverter.java",78,"LocalVariableCouldBeFinal","Code Style",3,"Local variable 'fileNodes' could be declared final","PmdReportConverter","parseXmlReport","fileNodes"
"streamconverter-core/src/main/java/com/streamConverter/analysis/PmdReportConverter.java",79,"LocalVariableCouldBeFinal","Code Style",3,"Local variable 'violations' could be declared final","PmdReportConverter","parseXmlReport","violations"
"streamconverter-core/src/main/java/com/streamConverter/analysis/PmdReportConverter.java",82,"LocalVariableCouldBeFinal","Code Style",3,"Local variable 'fileElement' could be declared final","PmdReportConverter","parseXmlReport","fileElement"
"streamconverter-core/src/main/java/com/streamConverter/analysis/PmdReportConverter.java",83,"LocalVariableCouldBeFinal","Code Style",3,"Local variable 'fileName' could be declared final","PmdReportConverter","parseXmlReport","fileName"
"streamconverter-core/src/main/java/com/streamConverter/analysis/PmdReportConverter.java",85,"LocalVariableCouldBeFinal","Code Style",3,"Local variable 'violationNodes' could be declared final","PmdReportConverter","parseXmlReport","violationNodes"
"streamconverter-core/src/main/java/com/streamConverter/analysis/PmdReportConverter.java",87,"LocalVariableCouldBeFinal","Code Style",3,"Local variable 'violationElement' could be declared final","PmdReportConverter","parseXmlReport","violationElement"
"streamconverter-core/src/main/java/com/streamConverter/analysis/PmdReportConverter.java",89,"LocalVariableCouldBeFinal","Code Style",3,"Local variable 'violation' could be declared final","PmdReportConverter","parseXmlReport","violation"
"streamconverter-core/src/main/java/com/streamConverter/analysis/PmdReportConverter.java",90,"AvoidInstantiatingObjectsInLoops","Performance",3,"Avoid instantiating new objects inside loops","PmdReportConverter","parseXmlReport","violation"
"streamconverter-core/src/main/java/com/streamConverter/analysis/PmdReportConverter.java",107,"MethodArgumentCouldBeFinal","Code Style",3,"Parameter 'fullPath' is not assigned and could be declared final","PmdReportConverter","extractRelativePath","fullPath"
"streamconverter-core/src/main/java/com/streamConverter/analysis/PmdReportConverter.java",109,"LocalVariableCouldBeFinal","Code Style",3,"Local variable 'index' could be declared final","PmdReportConverter","extractRelativePath","index"
"streamconverter-core/src/main/java/com/streamConverter/analysis/PmdReportConverter.java",110,"ConfusingTernary","Code Style",3,"Avoid if (x != y) ..; else ..;","PmdReportConverter","extractRelativePath",""
"streamconverter-core/src/main/java/com/streamConverter/analysis/PmdReportConverter.java",113,"MethodArgumentCouldBeFinal","Code Style",3,"Parameter 'violations' is not assigned and could be declared final","PmdReportConverter","generateMarkdownReport","violations"
"streamconverter-core/src/main/java/com/streamConverter/analysis/PmdReportConverter.java",113,"MethodArgumentCouldBeFinal","Code Style",3,"Parameter 'outputPath' is not assigned and could be declared final","PmdReportConverter","generateMarkdownReport","outputPath"
"streamconverter-core/src/main/java/com/streamConverter/analysis/PmdReportConverter.java",115,"ShortVariable","Code Style",3,"Avoid variables with short names like md","PmdReportConverter","generateMarkdownReport","md"
"streamconverter-core/src/main/java/com/streamConverter/analysis/PmdReportConverter.java",115,"LocalVariableCouldBeFinal","Code Style",3,"Local variable 'md' could be declared final","PmdReportConverter","generateMarkdownReport","md"
"streamconverter-core/src/main/java/com/streamConverter/analysis/PmdReportConverter.java",115,"InsufficientStringBufferDeclaration","Performance",3,"StringBuilder has been initialized with size 16, but has at least 348 characters appended.","PmdReportConverter","generateMarkdownReport","md"
"streamconverter-core/src/main/java/com/streamConverter/analysis/PmdReportConverter.java",117,"ConsecutiveAppendsShouldReuse","Performance",3,"StringBuffer (or StringBuilder).append is called consecutively without reusing the target variable.","PmdReportConverter","generateMarkdownReport",""
"streamconverter-core/src/main/java/com/streamConverter/analysis/PmdReportConverter.java",117,"ConsecutiveLiteralAppends","Performance",3,"StringBuffer (or StringBuilder).append is called 2 consecutive times with literals. Use a single append with a single combined String.","PmdReportConverter","generateMarkdownReport",""
"streamconverter-core/src/main/java/com/streamConverter/analysis/PmdReportConverter.java",118,"ConsecutiveAppendsShouldReuse","Performance",3,"StringBuffer (or StringBuilder).append is called consecutively without reusing the target variable.","PmdReportConverter","generateMarkdownReport",""
"streamconverter-core/src/main/java/com/streamConverter/analysis/PmdReportConverter.java",118,"ReplaceJavaUtilDate","Error Prone",3,"Usage of java.util.Date should be replaced with classes from java.time","PmdReportConverter","generateMarkdownReport",""
"streamconverter-core/src/main/java/com/streamConverter/analysis/PmdReportConverter.java",118,"AppendCharacterWithChar","Performance",3,"Avoid appending characters as strings in StringBuffer.append.","PmdReportConverter","generateMarkdownReport",""
"streamconverter-core/src/main/java/com/streamConverter/analysis/PmdReportConverter.java",118,"ConsecutiveLiteralAppends","Performance",3,"StringBuffer (or StringBuilder).append is called 2 consecutive times with literals. Use a single append with a single combined String.","PmdReportConverter","generateMarkdownReport",""
"streamconverter-core/src/main/java/com/streamConverter/analysis/PmdReportConverter.java",119,"ConsecutiveLiteralAppends","Performance",3,"StringBuffer (or StringBuilder).append is called 4 consecutive times with literals. Use a single append with a single combined String.","PmdReportConverter","generateMarkdownReport",""
"streamconverter-core/src/main/java/com/streamConverter/analysis/PmdReportConverter.java",122,"LocalVariableCouldBeFinal","Code Style",3,"Local variable 'ruleStats' could be declared final","PmdReportConverter","generateMarkdownReport","ruleStats"
"streamconverter-core/src/main/java/com/streamConverter/analysis/PmdReportConverter.java",126,"ConsecutiveAppendsShouldReuse","Performance",3,"StringBuffer (or StringBuilder).append is called consecutively without reusing the target variable.","PmdReportConverter","generateMarkdownReport",""
"streamconverter-core/src/main/java/com/streamConverter/analysis/PmdReportConverter.java",127,"ConsecutiveAppendsShouldReuse","Performance",3,"StringBuffer (or StringBuilder).append is called consecutively without reusing the target variable.","PmdReportConverter","generateMarkdownReport",""
"streamconverter-core/src/main/java/com/streamConverter/analysis/PmdReportConverter.java",135,"LocalVariableCouldBeFinal","Code Style",3,"Local variable 'category' could be declared final","PmdReportConverter","generateMarkdownReport","category"
"streamconverter-core/src/main/java/com/streamConverter/analysis/PmdReportConverter.java",147,"LocalVariableCouldBeFinal","Code Style",3,"Local variable 'fileStats' could be declared final","PmdReportConverter","generateMarkdownReport","fileStats"
"streamconverter-core/src/main/java/com/streamConverter/analysis/PmdReportConverter.java",151,"ConsecutiveAppendsShouldReuse","Performance",3,"StringBuffer (or StringBuilder).append is called consecutively without reusing the target variable.","PmdReportConverter","generateMarkdownReport",""
"streamconverter-core/src/main/java/com/streamConverter/analysis/PmdReportConverter.java",151,"ConsecutiveLiteralAppends","Performance",3,"StringBuffer (or StringBuilder).append is called 3 consecutive times with literals. Use a single append with a single combined String.","PmdReportConverter","generateMarkdownReport",""
"streamconverter-core/src/main/java/com/streamConverter/analysis/PmdReportConverter.java",152,"ConsecutiveAppendsShouldReuse","Performance",3,"StringBuffer (or StringBuilder).append is called consecutively without reusing the target variable.","PmdReportConverter","generateMarkdownReport",""
"streamconverter-core/src/main/java/com/streamConverter/analysis/PmdReportConverter.java",167,"LocalVariableCouldBeFinal","Code Style",3,"Local variable 'priorityStats' could be declared final","PmdReportConverter","generateMarkdownReport","priorityStats"
"streamconverter-core/src/main/java/com/streamConverter/analysis/PmdReportConverter.java",171,"ConsecutiveAppendsShouldReuse","Performance",3,"StringBuffer (or StringBuilder).append is called consecutively without reusing the target variable.","PmdReportConverter","generateMarkdownReport",""
"streamconverter-core/src/main/java/com/streamConverter/analysis/PmdReportConverter.java",171,"ConsecutiveLiteralAppends","Performance",3,"StringBuffer (or StringBuilder).append is called 3 consecutive times with literals. Use a single append with a single combined String.","PmdReportConverter","generateMarkdownReport",""
"streamconverter-core/src/main/java/com/streamConverter/analysis/PmdReportConverter.java",172,"ConsecutiveAppendsShouldReuse","Performance",3,"StringBuffer (or StringBuilder).append is called consecutively without reusing the target variable.","PmdReportConverter","generateMarkdownReport",""
"streamconverter-core/src/main/java/com/streamConverter/analysis/PmdReportConverter.java",178,"LocalVariableCouldBeFinal","Code Style",3,"Local variable 'desc' could be declared final","PmdReportConverter","generateMarkdownReport","desc"
"streamconverter-core/src/main/java/com/streamConverter/analysis/PmdReportConverter.java",193,"MethodArgumentCouldBeFinal","Code Style",3,"Parameter 'violations' is not assigned and could be declared final","PmdReportConverter","generateCsvReport","violations"
"streamconverter-core/src/main/java/com/streamConverter/analysis/PmdReportConverter.java",193,"MethodArgumentCouldBeFinal","Code Style",3,"Parameter 'outputPath' is not assigned and could be declared final","PmdReportConverter","generateCsvReport","outputPath"
"streamconverter-core/src/main/java/com/streamConverter/analysis/PmdReportConverter.java",195,"LocalVariableCouldBeFinal","Code Style",3,"Local variable 'csv' could be declared final","PmdReportConverter","generateCsvReport","csv"
"streamconverter-core/src/main/java/com/streamConverter/analysis/PmdReportConverter.java",195,"InsufficientStringBufferDeclaration","Performance",3,"StringBuilder has been initialized with size 16, but has at least 67 characters appended.","PmdReportConverter","generateCsvReport","csv"
"streamconverter-core/src/main/java/com/streamConverter/analysis/PmdReportConverter.java",217,"MethodArgumentCouldBeFinal","Code Style",3,"Parameter 'violations' is not assigned and could be declared final","PmdReportConverter","generateJsonReport","violations"
"streamconverter-core/src/main/java/com/streamConverter/analysis/PmdReportConverter.java",217,"MethodArgumentCouldBeFinal","Code Style",3,"Parameter 'outputPath' is not assigned and could be declared final","PmdReportConverter","generateJsonReport","outputPath"
"streamconverter-core/src/main/java/com/streamConverter/analysis/PmdReportConverter.java",219,"LocalVariableCouldBeFinal","Code Style",3,"Local variable 'json' could be declared final","PmdReportConverter","generateJsonReport","json"
"streamconverter-core/src/main/java/com/streamConverter/analysis/PmdReportConverter.java",219,"InsufficientStringBufferDeclaration","Performance",3,"StringBuilder has been initialized with size 16, but has at least 286 characters appended.","PmdReportConverter","generateJsonReport","json"
"streamconverter-core/src/main/java/com/streamConverter/analysis/PmdReportConverter.java",220,"ConsecutiveAppendsShouldReuse","Performance",3,"StringBuffer (or StringBuilder).append is called consecutively without reusing the target variable.","PmdReportConverter","generateJsonReport",""
"streamconverter-core/src/main/java/com/streamConverter/analysis/PmdReportConverter.java",220,"ConsecutiveLiteralAppends","Performance",3,"StringBuffer (or StringBuilder).append is called 3 consecutive times with literals. Use a single append with a single combined String.","PmdReportConverter","generateJsonReport",""
"streamconverter-core/src/main/java/com/streamConverter/analysis/PmdReportConverter.java",221,"ConsecutiveAppendsShouldReuse","Performance",3,"StringBuffer (or StringBuilder).append is called consecutively without reusing the target variable.","PmdReportConverter","generateJsonReport",""
"streamconverter-core/src/main/java/com/streamConverter/analysis/PmdReportConverter.java",222,"ConsecutiveAppendsShouldReuse","Performance",3,"StringBuffer (or StringBuilder).append is called consecutively without reusing the target variable.","PmdReportConverter","generateJsonReport",""
"streamconverter-core/src/main/java/com/streamConverter/analysis/PmdReportConverter.java",222,"ConsecutiveLiteralAppends","Performance",3,"StringBuffer (or StringBuilder).append is called 2 consecutive times with literals. Use a single append with a single combined String.","PmdReportConverter","generateJsonReport",""
"streamconverter-core/src/main/java/com/streamConverter/analysis/PmdReportConverter.java",223,"ConsecutiveAppendsShouldReuse","Performance",3,"StringBuffer (or StringBuilder).append is called consecutively without reusing the target variable.","PmdReportConverter","generateJsonReport",""
"streamconverter-core/src/main/java/com/streamConverter/analysis/PmdReportConverter.java",223,"ReplaceJavaUtilDate","Error Prone",3,"Usage of java.util.Date should be replaced with classes from java.time","PmdReportConverter","generateJsonReport",""
"streamconverter-core/src/main/java/com/streamConverter/analysis/PmdReportConverter.java",223,"ConsecutiveLiteralAppends","Performance",3,"StringBuffer (or StringBuilder).append is called 3 consecutive times with literals. Use a single append with a single combined String.","PmdReportConverter","generateJsonReport",""
"streamconverter-core/src/main/java/com/streamConverter/analysis/PmdReportConverter.java",224,"ConsecutiveAppendsShouldReuse","Performance",3,"StringBuffer (or StringBuilder).append is called consecutively without reusing the target variable.","PmdReportConverter","generateJsonReport",""
"streamconverter-core/src/main/java/com/streamConverter/analysis/PmdReportConverter.java",228,"ShortVariable","Code Style",3,"Avoid variables with short names like v","PmdReportConverter","generateJsonReport","v"
"streamconverter-core/src/main/java/com/streamConverter/analysis/PmdReportConverter.java",228,"LocalVariableCouldBeFinal","Code Style",3,"Local variable 'v' could be declared final","PmdReportConverter","generateJsonReport","v"
"streamconverter-core/src/main/java/com/streamConverter/analysis/PmdReportConverter.java",229,"ConsecutiveAppendsShouldReuse","Performance",3,"StringBuffer (or StringBuilder).append is called consecutively without reusing the target variable.","PmdReportConverter","generateJsonReport",""
"streamconverter-core/src/main/java/com/streamConverter/analysis/PmdReportConverter.java",229,"ConsecutiveLiteralAppends","Performance",3,"StringBuffer (or StringBuilder).append is called 2 consecutive times with literals. Use a single append with a single combined String.","PmdReportConverter","generateJsonReport",""
"streamconverter-core/src/main/java/com/streamConverter/analysis/PmdReportConverter.java",230,"ConsecutiveAppendsShouldReuse","Performance",3,"StringBuffer (or StringBuilder).append is called consecutively without reusing the target variable.","PmdReportConverter","generateJsonReport",""
"streamconverter-core/src/main/java/com/streamConverter/analysis/PmdReportConverter.java",230,"ConsecutiveLiteralAppends","Performance",3,"StringBuffer (or StringBuilder).append is called 2 consecutive times with literals. Use a single append with a single combined String.","PmdReportConverter","generateJsonReport",""
"streamconverter-core/src/main/java/com/streamConverter/analysis/PmdReportConverter.java",230,"AvoidDuplicateLiterals","Error Prone",3,"The String literal ""\"",\n"" appears 6 times in this file; the first occurrence is on line 230","PmdReportConverter","generateJsonReport",""
"streamconverter-core/src/main/java/com/streamConverter/analysis/PmdReportConverter.java",231,"ConsecutiveAppendsShouldReuse","Performance",3,"StringBuffer (or StringBuilder).append is called consecutively without reusing the target variable.","PmdReportConverter","generateJsonReport",""
"streamconverter-core/src/main/java/com/streamConverter/analysis/PmdReportConverter.java",231,"ConsecutiveLiteralAppends","Performance",3,"StringBuffer (or StringBuilder).append is called 2 consecutive times with literals. Use a single append with a single combined String.","PmdReportConverter","generateJsonReport",""
"streamconverter-core/src/main/java/com/streamConverter/analysis/PmdReportConverter.java",232,"ConsecutiveAppendsShouldReuse","Performance",3,"StringBuffer (or StringBuilder).append is called consecutively without reusing the target variable.","PmdReportConverter","generateJsonReport",""
"streamconverter-core/src/main/java/com/streamConverter/analysis/PmdReportConverter.java",232,"ConsecutiveLiteralAppends","Performance",3,"StringBuffer (or StringBuilder).append is called 2 consecutive times with literals. Use a single append with a single combined String.","PmdReportConverter","generateJsonReport",""
"streamconverter-core/src/main/java/com/streamConverter/analysis/PmdReportConverter.java",233,"ConsecutiveAppendsShouldReuse","Performance",3,"StringBuffer (or StringBuilder).append is called consecutively without reusing the target variable.","PmdReportConverter","generateJsonReport",""
"streamconverter-core/src/main/java/com/streamConverter/analysis/PmdReportConverter.java",233,"ConsecutiveLiteralAppends","Performance",3,"StringBuffer (or StringBuilder).append is called 2 consecutive times with literals. Use a single append with a single combined String.","PmdReportConverter","generateJsonReport",""
"streamconverter-core/src/main/java/com/streamConverter/analysis/PmdReportConverter.java",234,"ConsecutiveAppendsShouldReuse","Performance",3,"StringBuffer (or StringBuilder).append is called consecutively without reusing the target variable.","PmdReportConverter","generateJsonReport",""
"streamconverter-core/src/main/java/com/streamConverter/analysis/PmdReportConverter.java",234,"ConsecutiveLiteralAppends","Performance",3,"StringBuffer (or StringBuilder).append is called 2 consecutive times with literals. Use a single append with a single combined String.","PmdReportConverter","generateJsonReport",""
"streamconverter-core/src/main/java/com/streamConverter/analysis/PmdReportConverter.java",235,"ConsecutiveAppendsShouldReuse","Performance",3,"StringBuffer (or StringBuilder).append is called consecutively without reusing the target variable.","PmdReportConverter","generateJsonReport",""
"streamconverter-core/src/main/java/com/streamConverter/analysis/PmdReportConverter.java",237,"ConsecutiveLiteralAppends","Performance",3,"StringBuffer (or StringBuilder).append is called 2 consecutive times with literals. Use a single append with a single combined String.","PmdReportConverter","generateJsonReport",""
"streamconverter-core/src/main/java/com/streamConverter/analysis/PmdReportConverter.java",238,"ConsecutiveAppendsShouldReuse","Performance",3,"StringBuffer (or StringBuilder).append is called consecutively without reusing the target variable.","PmdReportConverter","generateJsonReport",""
"streamconverter-core/src/main/java/com/streamConverter/analysis/PmdReportConverter.java",238,"ConsecutiveLiteralAppends","Performance",3,"StringBuffer (or StringBuilder).append is called 2 consecutive times with literals. Use a single append with a single combined String.","PmdReportConverter","generateJsonReport",""
"streamconverter-core/src/main/java/com/streamConverter/analysis/PmdReportConverter.java",239,"ConsecutiveAppendsShouldReuse","Performance",3,"StringBuffer (or StringBuilder).append is called consecutively without reusing the target variable.","PmdReportConverter","generateJsonReport",""
"streamconverter-core/src/main/java/com/streamConverter/analysis/PmdReportConverter.java",239,"ConsecutiveLiteralAppends","Performance",3,"StringBuffer (or StringBuilder).append is called 2 consecutive times with literals. Use a single append with a single combined String.","PmdReportConverter","generateJsonReport",""
"streamconverter-core/src/main/java/com/streamConverter/analysis/PmdReportConverter.java",240,"ConsecutiveAppendsShouldReuse","Performance",3,"StringBuffer (or StringBuilder).append is called consecutively without reusing the target variable.","PmdReportConverter","generateJsonReport",""
"streamconverter-core/src/main/java/com/streamConverter/analysis/PmdReportConverter.java",240,"ConsecutiveLiteralAppends","Performance",3,"StringBuffer (or StringBuilder).append is called 2 consecutive times with literals. Use a single append with a single combined String.","PmdReportConverter","generateJsonReport",""
"streamconverter-core/src/main/java/com/streamConverter/analysis/PmdReportConverter.java",241,"AppendCharacterWithChar","Performance",3,"Avoid appending characters as strings in StringBuffer.append.","PmdReportConverter","generateJsonReport",""
"streamconverter-core/src/main/java/com/streamConverter/analysis/PmdReportConverter.java",244,"ConsecutiveAppendsShouldReuse","Performance",3,"StringBuffer (or StringBuilder).append is called consecutively without reusing the target variable.","PmdReportConverter","generateJsonReport",""
"streamconverter-core/src/main/java/com/streamConverter/analysis/PmdReportConverter.java",244,"ConsecutiveLiteralAppends","Performance",3,"StringBuffer (or StringBuilder).append is called 2 consecutive times with literals. Use a single append with a single combined String.","PmdReportConverter","generateJsonReport",""
"streamconverter-core/src/main/java/com/streamConverter/api/DataFormat.java",1,"PackageCase","Code Style",3,"Package name contains upper case characters","DataFormat","",""
"streamconverter-core/src/main/java/com/streamConverter/api/DataFormat.java",23,"MethodArgumentCouldBeFinal","Code Style",3,"Parameter 'name' is not assigned and could be declared final","DataFormat","DataFormat","name"
"streamconverter-core/src/main/java/com/streamConverter/api/StreamBuilder.java",1,"PackageCase","Code Style",3,"Package name contains upper case characters","StreamBuilder","",""
"streamconverter-core/src/main/java/com/streamConverter/api/StreamBuilder.java",41,"TooManyMethods","Design",3,"This class has too many methods, consider refactoring it.","StreamBuilder","",""
"streamconverter-core/src/main/java/com/streamConverter/api/StreamBuilder.java",45,"UnusedPrivateField","Best Practices",3,"Avoid unused private fields such as 'built'.","StreamBuilder","","built"
"streamconverter-core/src/main/java/com/streamConverter/api/StreamBuilder.java",45,"RedundantFieldInitializer","Performance",3,"Avoid using redundant field initializer for 'built'","StreamBuilder","","built"
"streamconverter-core/src/main/java/com/streamConverter/api/StreamBuilder.java",46,"AvoidFieldNameMatchingMethodName","Error Prone",3,"Field format has the same name as a method","StreamBuilder","","format"
"streamconverter-core/src/main/java/com/streamConverter/api/StreamBuilder.java",70,"MethodArgumentCouldBeFinal","Code Style",3,"Parameter 'input' is not assigned and could be declared final","StreamBuilder","fromString","input"
"streamconverter-core/src/main/java/com/streamConverter/api/StreamBuilder.java",82,"MethodArgumentCouldBeFinal","Code Style",3,"Parameter 'inputStream' is not assigned and could be declared final","StreamBuilder","fromStream","inputStream"
"streamconverter-core/src/main/java/com/streamConverter/api/StreamBuilder.java",95,"MethodArgumentCouldBeFinal","Code Style",3,"Parameter 'filePath' is not assigned and could be declared final","StreamBuilder","fromFile","filePath"
"streamconverter-core/src/main/java/com/streamConverter/api/StreamBuilder.java",150,"MethodArgumentCouldBeFinal","Code Style",3,"Parameter 'schemaPath' is not assigned and could be declared final","StreamBuilder","validateJson","schemaPath"
"streamconverter-core/src/main/java/com/streamConverter/api/StreamBuilder.java",162,"MethodArgumentCouldBeFinal","Code Style",3,"Parameter 'schemaPath' is not assigned and could be declared final","StreamBuilder","validateXml","schemaPath"
"streamconverter-core/src/main/java/com/streamConverter/api/StreamBuilder.java",174,"UseVarargs","Best Practices",4,"Consider using varargs for methods or constructors which take an array the last parameter.","StreamBuilder","validateCsv","requiredColumns"
"streamconverter-core/src/main/java/com/streamConverter/api/StreamBuilder.java",174,"MethodArgumentCouldBeFinal","Code Style",3,"Parameter 'requiredColumns' is not assigned and could be declared final","StreamBuilder","validateCsv","requiredColumns"
"streamconverter-core/src/main/java/com/streamConverter/api/StreamBuilder.java",188,"MethodArgumentCouldBeFinal","Code Style",3,"Parameter 'schemaPath' is not assigned and could be declared final","StreamBuilder","validate","schemaPath"
"streamconverter-core/src/main/java/com/streamConverter/api/StreamBuilder.java",191,"ExhaustiveSwitchHasDefault","Best Practices",3,"The switch block is exhaustive even without the default case","StreamBuilder","validate",""
"streamconverter-core/src/main/java/com/streamConverter/api/StreamBuilder.java",218,"MethodArgumentCouldBeFinal","Code Style",3,"Parameter 'path' is not assigned and could be declared final","StreamBuilder","extract","path"
"streamconverter-core/src/main/java/com/streamConverter/api/StreamBuilder.java",221,"ExhaustiveSwitchHasDefault","Best Practices",3,"The switch block is exhaustive even without the default case","StreamBuilder","extract",""
"streamconverter-core/src/main/java/com/streamConverter/api/StreamBuilder.java",261,"MethodArgumentCouldBeFinal","Code Style",3,"Parameter 'jsonPath' is not assigned and could be declared final","StreamBuilder","extractJson","jsonPath"
"streamconverter-core/src/main/java/com/streamConverter/api/StreamBuilder.java",283,"MethodArgumentCouldBeFinal","Code Style",3,"Parameter 'xpath' is not assigned and could be declared final","StreamBuilder","extractXml","xpath"
"streamconverter-core/src/main/java/com/streamConverter/api/StreamBuilder.java",295,"MethodArgumentCouldBeFinal","Code Style",3,"Parameter 'columnName' is not assigned and could be declared final","StreamBuilder","extractCsv","columnName"
"streamconverter-core/src/main/java/com/streamConverter/api/StreamBuilder.java",310,"MethodArgumentCouldBeFinal","Code Style",3,"Parameter 'fromEncoding' is not assigned and could be declared final","StreamBuilder","convertEncoding","fromEncoding"
"streamconverter-core/src/main/java/com/streamConverter/api/StreamBuilder.java",310,"MethodArgumentCouldBeFinal","Code Style",3,"Parameter 'toEncoding' is not assigned and could be declared final","StreamBuilder","convertEncoding","toEncoding"
"streamconverter-core/src/main/java/com/streamConverter/api/StreamBuilder.java",323,"MethodArgumentCouldBeFinal","Code Style",3,"Parameter 'commandName' is not assigned and could be declared final","StreamBuilder","process","commandName"
"streamconverter-core/src/main/java/com/streamConverter/api/StreamBuilder.java",335,"MethodArgumentCouldBeFinal","Code Style",3,"Parameter 'command' is not assigned and could be declared final","StreamBuilder","addCommand","command"
"streamconverter-core/src/main/java/com/streamConverter/api/StreamBuilder.java",349,"MethodArgumentCouldBeFinal","Code Style",3,"Parameter 'url' is not assigned and could be declared final","StreamBuilder","sendHttp","url"
"streamconverter-core/src/main/java/com/streamConverter/api/StreamBuilder.java",361,"MethodArgumentCouldBeFinal","Code Style",3,"Parameter 'url' is not assigned and could be declared final","StreamBuilder","sendHttpPost","url"
"streamconverter-core/src/main/java/com/streamConverter/api/StreamBuilder.java",376,"MethodArgumentCouldBeFinal","Code Style",3,"Parameter 'condition' is not assigned and could be declared final","StreamBuilder","when","condition"
"streamconverter-core/src/main/java/com/streamConverter/api/StreamBuilder.java",376,"MethodArgumentCouldBeFinal","Code Style",3,"Parameter 'configurer' is not assigned and could be declared final","StreamBuilder","when","configurer"
"streamconverter-core/src/main/java/com/streamConverter/api/StreamBuilder.java",406,"MethodArgumentCouldBeFinal","Code Style",3,"Parameter 'outputStream' is not assigned and could be declared final","StreamBuilder","toStream","outputStream"
"streamconverter-core/src/main/java/com/streamConverter/api/StreamBuilder.java",418,"MethodArgumentCouldBeFinal","Code Style",3,"Parameter 'filePath' is not assigned and could be declared final","StreamBuilder","toFile","filePath"
"streamconverter-core/src/main/java/com/streamConverter/api/StreamBuilder.java",447,"LocalVariableCouldBeFinal","Code Style",3,"Local variable 'info' could be declared final","StreamBuilder","getPipelineInfo","info"
"streamconverter-core/src/main/java/com/streamConverter/api/StreamBuilder.java",447,"InsufficientStringBufferDeclaration","Performance",3,"StringBuilder has been initialized with size 16, but has at least 42 characters appended.","StreamBuilder","getPipelineInfo","info"
"streamconverter-core/src/main/java/com/streamConverter/api/StreamBuilder.java",450,"LocalVariableCouldBeFinal","Code Style",3,"Local variable 'command' could be declared final","StreamBuilder","getPipelineInfo","command"
"streamconverter-core/src/main/java/com/streamConverter/api/StreamBuilder.java",451,"LocalVariableCouldBeFinal","Code Style",3,"Local variable 'commandInfo' could be declared final","StreamBuilder","getPipelineInfo","commandInfo"
"streamconverter-core/src/main/java/com/streamConverter/api/StreamBuilder.java",452,"AppendCharacterWithChar","Performance",3,"Avoid appending characters as strings in StringBuffer.append.","StreamBuilder","getPipelineInfo",""
"streamconverter-core/src/main/java/com/streamConverter/api/StreamBuilder.java",463,"MethodArgumentCouldBeFinal","Code Style",3,"Parameter 'command' is not assigned and could be declared final","StreamBuilder","formatCommandInfo","command"
"streamconverter-core/src/main/java/com/streamConverter/api/StreamBuilder.java",464,"LocalVariableCouldBeFinal","Code Style",3,"Local variable 'className' could be declared final","StreamBuilder","formatCommandInfo","className"
"streamconverter-core/src/main/java/com/streamConverter/api/StreamBuilder.java",468,"LocalVariableCouldBeFinal","Code Style",3,"Local variable 'commandString' could be declared final","StreamBuilder","formatCommandInfo","commandString"
"streamconverter-core/src/main/java/com/streamConverter/api/StreamBuilder.java",470,"ShortVariable","Code Style",3,"Avoid variables with short names like id","StreamBuilder","formatCommandInfo","id"
"streamconverter-core/src/main/java/com/streamConverter/api/StreamBuilder.java",470,"LocalVariableCouldBeFinal","Code Style",3,"Local variable 'id' could be declared final","StreamBuilder","formatCommandInfo","id"
"streamconverter-core/src/main/java/com/streamConverter/api/StreamBuilder.java",471,"UseIndexOfChar","Performance",3,"String.indexOf(char) is faster than String.indexOf(String).","StreamBuilder","formatCommandInfo",""
"streamconverter-core/src/main/java/com/streamConverter/api/StreamBuilder.java",472,"OnlyOneReturn","Code Style",3,"A method should have only one exit point, and that should be the last statement in the method","StreamBuilder","formatCommandInfo",""
"streamconverter-core/src/main/java/com/streamConverter/api/StreamBuilder.java",501,"MethodArgumentCouldBeFinal","Code Style",3,"Parameter 'outputStream' is not assigned and could be declared final","StreamBuilder","execute","outputStream"
"streamconverter-core/src/main/java/com/streamConverter/api/StreamBuilder.java",509,"LocalVariableCouldBeFinal","Code Style",3,"Local variable 'converter' could be declared final","StreamBuilder","execute","converter"
"streamconverter-core/src/main/java/com/streamConverter/api/Streams.java",1,"PackageCase","Code Style",3,"Package name contains upper case characters","Streams","",""
"streamconverter-core/src/main/java/com/streamConverter/api/Streams.java",48,"MethodArgumentCouldBeFinal","Code Style",3,"Parameter 'jsonString' is not assigned and could be declared final","Streams","json","jsonString"
"streamconverter-core/src/main/java/com/streamConverter/api/Streams.java",58,"MethodArgumentCouldBeFinal","Code Style",3,"Parameter 'csvString' is not assigned and could be declared final","Streams","csv","csvString"
"streamconverter-core/src/main/java/com/streamConverter/api/Streams.java",68,"MethodArgumentCouldBeFinal","Code Style",3,"Parameter 'xmlString' is not assigned and could be declared final","Streams","xml","xmlString"
"streamconverter-core/src/main/java/com/streamConverter/api/Streams.java",78,"MethodArgumentCouldBeFinal","Code Style",3,"Parameter 'content' is not assigned and could be declared final","Streams","from","content"
"streamconverter-core/src/main/java/com/streamConverter/api/Streams.java",88,"MethodArgumentCouldBeFinal","Code Style",3,"Parameter 'inputStream' is not assigned and could be declared final","Streams","from","inputStream"
"streamconverter-core/src/main/java/com/streamConverter/benchmark/LargeDataGenerator.java",1,"PackageCase","Code Style",3,"Package name contains upper case characters","LargeDataGenerator","",""
"streamconverter-core/src/main/java/com/streamConverter/benchmark/LargeDataGenerator.java",18,"UseUtilityClass","Design",3,"This utility class has a non-private constructor","LargeDataGenerator","",""
"streamconverter-core/src/main/java/com/streamConverter/benchmark/LargeDataGenerator.java",43,"MethodArgumentCouldBeFinal","Code Style",3,"Parameter 'targetSizeBytes' is not assigned and could be declared final","LargeDataGenerator","generateLargeXmlFile","targetSizeBytes"
"streamconverter-core/src/main/java/com/streamConverter/benchmark/LargeDataGenerator.java",44,"LocalVariableCouldBeFinal","Code Style",3,"Local variable 'tempFile' could be declared final","LargeDataGenerator","generateLargeXmlFile","tempFile"
"streamconverter-core/src/main/java/com/streamConverter/benchmark/LargeDataGenerator.java",45,"LocalVariableCouldBeFinal","Code Style",3,"Local variable 'random' could be declared final","LargeDataGenerator","generateLargeXmlFile","random"
"streamconverter-core/src/main/java/com/streamConverter/benchmark/LargeDataGenerator.java",55,"LocalVariableCouldBeFinal","Code Style",3,"Local variable 'record' could be declared final","LargeDataGenerator","generateLargeXmlFile","record"
"streamconverter-core/src/main/java/com/streamConverter/benchmark/LargeDataGenerator.java",57,"AvoidDuplicateLiterals","Error Prone",3,"The String literal ""UTF-8"" appears 5 times in this file; the first occurrence is on line 57","LargeDataGenerator","generateLargeXmlFile",""
"streamconverter-core/src/main/java/com/streamConverter/benchmark/LargeDataGenerator.java",60,"UseUnderscoresInNumericLiterals","Code Style",3,"Number 100000 should separate every third digit with an underscore","LargeDataGenerator","generateLargeXmlFile",""
"streamconverter-core/src/main/java/com/streamConverter/benchmark/LargeDataGenerator.java",61,"CollapsibleIfStatements","Design",3,"This if statement could be combined with its parent","LargeDataGenerator","generateLargeXmlFile",""
"streamconverter-core/src/main/java/com/streamConverter/benchmark/LargeDataGenerator.java",62,"InvalidLogMessageFormat","Error Prone",5,"Too many arguments, expected 1 argument but found 2","LargeDataGenerator","generateLargeXmlFile",""
"streamconverter-core/src/main/java/com/streamConverter/benchmark/LargeDataGenerator.java",80,"MethodArgumentCouldBeFinal","Code Style",3,"Parameter 'targetSizeBytes' is not assigned and could be declared final","LargeDataGenerator","generateLargeJsonFile","targetSizeBytes"
"streamconverter-core/src/main/java/com/streamConverter/benchmark/LargeDataGenerator.java",81,"LocalVariableCouldBeFinal","Code Style",3,"Local variable 'tempFile' could be declared final","LargeDataGenerator","generateLargeJsonFile","tempFile"
"streamconverter-core/src/main/java/com/streamConverter/benchmark/LargeDataGenerator.java",82,"LocalVariableCouldBeFinal","Code Style",3,"Local variable 'random' could be declared final","LargeDataGenerator","generateLargeJsonFile","random"
"streamconverter-core/src/main/java/com/streamConverter/benchmark/LargeDataGenerator.java",96,"LocalVariableCouldBeFinal","Code Style",3,"Local variable 'record' could be declared final","LargeDataGenerator","generateLargeJsonFile","record"
"streamconverter-core/src/main/java/com/streamConverter/benchmark/LargeDataGenerator.java",100,"UseUnderscoresInNumericLiterals","Code Style",3,"Number 100000 should separate every third digit with an underscore","LargeDataGenerator","generateLargeJsonFile",""
"streamconverter-core/src/main/java/com/streamConverter/benchmark/LargeDataGenerator.java",101,"CollapsibleIfStatements","Design",3,"This if statement could be combined with its parent","LargeDataGenerator","generateLargeJsonFile",""
"streamconverter-core/src/main/java/com/streamConverter/benchmark/LargeDataGenerator.java",102,"InvalidLogMessageFormat","Error Prone",5,"Too many arguments, expected 1 argument but found 2","LargeDataGenerator","generateLargeJsonFile",""
"streamconverter-core/src/main/java/com/streamConverter/benchmark/LargeDataGenerator.java",120,"MethodArgumentCouldBeFinal","Code Style",3,"Parameter 'targetSizeBytes' is not assigned and could be declared final","LargeDataGenerator","generateLargeCsvFile","targetSizeBytes"
"streamconverter-core/src/main/java/com/streamConverter/benchmark/LargeDataGenerator.java",121,"LocalVariableCouldBeFinal","Code Style",3,"Local variable 'tempFile' could be declared final","LargeDataGenerator","generateLargeCsvFile","tempFile"
"streamconverter-core/src/main/java/com/streamConverter/benchmark/LargeDataGenerator.java",122,"LocalVariableCouldBeFinal","Code Style",3,"Local variable 'random' could be declared final","LargeDataGenerator","generateLargeCsvFile","random"
"streamconverter-core/src/main/java/com/streamConverter/benchmark/LargeDataGenerator.java",126,"LocalVariableCouldBeFinal","Code Style",3,"Local variable 'header' could be declared final","LargeDataGenerator","generateLargeCsvFile","header"
"streamconverter-core/src/main/java/com/streamConverter/benchmark/LargeDataGenerator.java",133,"LocalVariableCouldBeFinal","Code Style",3,"Local variable 'record' could be declared final","LargeDataGenerator","generateLargeCsvFile","record"
"streamconverter-core/src/main/java/com/streamConverter/benchmark/LargeDataGenerator.java",137,"UseUnderscoresInNumericLiterals","Code Style",3,"Number 100000 should separate every third digit with an underscore","LargeDataGenerator","generateLargeCsvFile",""
"streamconverter-core/src/main/java/com/streamConverter/benchmark/LargeDataGenerator.java",138,"CollapsibleIfStatements","Design",3,"This if statement could be combined with its parent","LargeDataGenerator","generateLargeCsvFile",""
"streamconverter-core/src/main/java/com/streamConverter/benchmark/LargeDataGenerator.java",139,"InvalidLogMessageFormat","Error Prone",5,"Too many arguments, expected 1 argument but found 2","LargeDataGenerator","generateLargeCsvFile",""
"streamconverter-core/src/main/java/com/streamConverter/benchmark/LargeDataGenerator.java",149,"ShortVariable","Code Style",3,"Avoid variables with short names like id","LargeDataGenerator","generateXmlRecord","id"
"streamconverter-core/src/main/java/com/streamConverter/benchmark/LargeDataGenerator.java",149,"MethodArgumentCouldBeFinal","Code Style",3,"Parameter 'id' is not assigned and could be declared final","LargeDataGenerator","generateXmlRecord","id"
"streamconverter-core/src/main/java/com/streamConverter/benchmark/LargeDataGenerator.java",149,"MethodArgumentCouldBeFinal","Code Style",3,"Parameter 'random' is not assigned and could be declared final","LargeDataGenerator","generateXmlRecord","random"
"streamconverter-core/src/main/java/com/streamConverter/benchmark/LargeDataGenerator.java",150,"LocalVariableCouldBeFinal","Code Style",3,"Local variable 'name' could be declared final","LargeDataGenerator","generateXmlRecord","name"
"streamconverter-core/src/main/java/com/streamConverter/benchmark/LargeDataGenerator.java",151,"LocalVariableCouldBeFinal","Code Style",3,"Local variable 'city' could be declared final","LargeDataGenerator","generateXmlRecord","city"
"streamconverter-core/src/main/java/com/streamConverter/benchmark/LargeDataGenerator.java",152,"LocalVariableCouldBeFinal","Code Style",3,"Local variable 'product' could be declared final","LargeDataGenerator","generateXmlRecord","product"
"streamconverter-core/src/main/java/com/streamConverter/benchmark/LargeDataGenerator.java",153,"LocalVariableCouldBeFinal","Code Style",3,"Local variable 'quantity' could be declared final","LargeDataGenerator","generateXmlRecord","quantity"
"streamconverter-core/src/main/java/com/streamConverter/benchmark/LargeDataGenerator.java",154,"LocalVariableCouldBeFinal","Code Style",3,"Local variable 'price' could be declared final","LargeDataGenerator","generateXmlRecord","price"
"streamconverter-core/src/main/java/com/streamConverter/benchmark/LargeDataGenerator.java",154,"UseUnderscoresInNumericLiterals","Code Style",3,"Number 10000 should separate every third digit with an underscore","LargeDataGenerator","generateXmlRecord",""
"streamconverter-core/src/main/java/com/streamConverter/benchmark/LargeDataGenerator.java",179,"ShortVariable","Code Style",3,"Avoid variables with short names like id","LargeDataGenerator","generateJsonRecord","id"
"streamconverter-core/src/main/java/com/streamConverter/benchmark/LargeDataGenerator.java",179,"MethodArgumentCouldBeFinal","Code Style",3,"Parameter 'id' is not assigned and could be declared final","LargeDataGenerator","generateJsonRecord","id"
"streamconverter-core/src/main/java/com/streamConverter/benchmark/LargeDataGenerator.java",179,"MethodArgumentCouldBeFinal","Code Style",3,"Parameter 'random' is not assigned and could be declared final","LargeDataGenerator","generateJsonRecord","random"
"streamconverter-core/src/main/java/com/streamConverter/benchmark/LargeDataGenerator.java",180,"LocalVariableCouldBeFinal","Code Style",3,"Local variable 'name' could be declared final","LargeDataGenerator","generateJsonRecord","name"
"streamconverter-core/src/main/java/com/streamConverter/benchmark/LargeDataGenerator.java",181,"LocalVariableCouldBeFinal","Code Style",3,"Local variable 'city' could be declared final","LargeDataGenerator","generateJsonRecord","city"
"streamconverter-core/src/main/java/com/streamConverter/benchmark/LargeDataGenerator.java",182,"LocalVariableCouldBeFinal","Code Style",3,"Local variable 'product' could be declared final","LargeDataGenerator","generateJsonRecord","product"
"streamconverter-core/src/main/java/com/streamConverter/benchmark/LargeDataGenerator.java",183,"LocalVariableCouldBeFinal","Code Style",3,"Local variable 'quantity' could be declared final","LargeDataGenerator","generateJsonRecord","quantity"
"streamconverter-core/src/main/java/com/streamConverter/benchmark/LargeDataGenerator.java",184,"LocalVariableCouldBeFinal","Code Style",3,"Local variable 'price' could be declared final","LargeDataGenerator","generateJsonRecord","price"
"streamconverter-core/src/main/java/com/streamConverter/benchmark/LargeDataGenerator.java",184,"UseUnderscoresInNumericLiterals","Code Style",3,"Number 10000 should separate every third digit with an underscore","LargeDataGenerator","generateJsonRecord",""
"streamconverter-core/src/main/java/com/streamConverter/benchmark/LargeDataGenerator.java",210,"ShortVariable","Code Style",3,"Avoid variables with short names like id","LargeDataGenerator","generateCsvRecord","id"
"streamconverter-core/src/main/java/com/streamConverter/benchmark/LargeDataGenerator.java",210,"MethodArgumentCouldBeFinal","Code Style",3,"Parameter 'id' is not assigned and could be declared final","LargeDataGenerator","generateCsvRecord","id"
"streamconverter-core/src/main/java/com/streamConverter/benchmark/LargeDataGenerator.java",210,"MethodArgumentCouldBeFinal","Code Style",3,"Parameter 'random' is not assigned and could be declared final","LargeDataGenerator","generateCsvRecord","random"
"streamconverter-core/src/main/java/com/streamConverter/benchmark/LargeDataGenerator.java",211,"LocalVariableCouldBeFinal","Code Style",3,"Local variable 'name' could be declared final","LargeDataGenerator","generateCsvRecord","name"
"streamconverter-core/src/main/java/com/streamConverter/benchmark/LargeDataGenerator.java",212,"LocalVariableCouldBeFinal","Code Style",3,"Local variable 'city' could be declared final","LargeDataGenerator","generateCsvRecord","city"
"streamconverter-core/src/main/java/com/streamConverter/benchmark/LargeDataGenerator.java",213,"LocalVariableCouldBeFinal","Code Style",3,"Local variable 'product' could be declared final","LargeDataGenerator","generateCsvRecord","product"
"streamconverter-core/src/main/java/com/streamConverter/benchmark/LargeDataGenerator.java",214,"LocalVariableCouldBeFinal","Code Style",3,"Local variable 'quantity' could be declared final","LargeDataGenerator","generateCsvRecord","quantity"
"streamconverter-core/src/main/java/com/streamConverter/benchmark/LargeDataGenerator.java",215,"LocalVariableCouldBeFinal","Code Style",3,"Local variable 'price' could be declared final","LargeDataGenerator","generateCsvRecord","price"
"streamconverter-core/src/main/java/com/streamConverter/benchmark/LargeDataGenerator.java",215,"UseUnderscoresInNumericLiterals","Code Style",3,"Number 10000 should separate every third digit with an underscore","LargeDataGenerator","generateCsvRecord",""
"streamconverter-core/src/main/java/com/streamConverter/benchmark/LargeDataGenerator.java",223,"MethodArgumentCouldBeFinal","Code Style",3,"Parameter 'product' is not assigned and could be declared final","LargeDataGenerator","generateDescription","product"
"streamconverter-core/src/main/java/com/streamConverter/benchmark/LargeDataGenerator.java",223,"MethodArgumentCouldBeFinal","Code Style",3,"Parameter 'random' is not assigned and could be declared final","LargeDataGenerator","generateDescription","random"
"streamconverter-core/src/main/java/com/streamConverter/benchmark/LargeDataGenerator.java",224,"LocalVariableCouldBeFinal","Code Style",3,"Local variable 'adjectives' could be declared final","LargeDataGenerator","generateDescription","adjectives"
"streamconverter-core/src/main/java/com/streamConverter/benchmark/LargeDataGenerator.java",225,"LocalVariableCouldBeFinal","Code Style",3,"Local variable 'features' could be declared final","LargeDataGenerator","generateDescription","features"
"streamconverter-core/src/main/java/com/streamConverter/benchmark/LargeDataGenerator.java",227,"LocalVariableCouldBeFinal","Code Style",3,"Local variable 'adj' could be declared final","LargeDataGenerator","generateDescription","adj"
"streamconverter-core/src/main/java/com/streamConverter/benchmark/LargeDataGenerator.java",228,"LocalVariableCouldBeFinal","Code Style",3,"Local variable 'feature' could be declared final","LargeDataGenerator","generateDescription","feature"
"streamconverter-core/src/main/java/com/streamConverter/benchmark/LargeDataGenerator.java",234,"MethodArgumentCouldBeFinal","Code Style",3,"Parameter 'text' is not assigned and could be declared final","LargeDataGenerator","escapeXml","text"
"streamconverter-core/src/main/java/com/streamConverter/benchmark/LargeDataGenerator.java",249,"MethodArgumentCouldBeFinal","Code Style",3,"Parameter 'format' is not assigned and could be declared final","LargeDataGenerator","createLargeDataStream","format"
"streamconverter-core/src/main/java/com/streamConverter/benchmark/LargeDataGenerator.java",249,"MethodArgumentCouldBeFinal","Code Style",3,"Parameter 'targetSizeBytes' is not assigned and could be declared final","LargeDataGenerator","createLargeDataStream","targetSizeBytes"
"streamconverter-core/src/main/java/com/streamConverter/benchmark/LargeDataGenerator.java",257,"RedundantFieldInitializer","Performance",3,"Avoid using redundant field initializer for 'bytesGenerated'","LargeDataInputStream","","bytesGenerated"
"streamconverter-core/src/main/java/com/streamConverter/benchmark/LargeDataGenerator.java",259,"RedundantFieldInitializer","Performance",3,"Avoid using redundant field initializer for 'bufferPosition'","LargeDataInputStream","","bufferPosition"
"streamconverter-core/src/main/java/com/streamConverter/benchmark/LargeDataGenerator.java",260,"RedundantFieldInitializer","Performance",3,"Avoid using redundant field initializer for 'recordCount'","LargeDataInputStream","","recordCount"
"streamconverter-core/src/main/java/com/streamConverter/benchmark/LargeDataGenerator.java",261,"RedundantFieldInitializer","Performance",3,"Avoid using redundant field initializer for 'headerWritten'","LargeDataInputStream","","headerWritten"
"streamconverter-core/src/main/java/com/streamConverter/benchmark/LargeDataGenerator.java",262,"RedundantFieldInitializer","Performance",3,"Avoid using redundant field initializer for 'footerWritten'","LargeDataInputStream","","footerWritten"
"streamconverter-core/src/main/java/com/streamConverter/benchmark/LargeDataGenerator.java",263,"LongVariable","Code Style",3,"Avoid excessively long variable names like isDocumentComplete","LargeDataInputStream","","isDocumentComplete"
"streamconverter-core/src/main/java/com/streamConverter/benchmark/LargeDataGenerator.java",263,"RedundantFieldInitializer","Performance",3,"Avoid using redundant field initializer for 'isDocumentComplete'","LargeDataInputStream","","isDocumentComplete"
"streamconverter-core/src/main/java/com/streamConverter/benchmark/LargeDataGenerator.java",266,"CallSuperInConstructor","Code Style",3,"It is a good practice to call super() in a constructor","LargeDataInputStream","LargeDataInputStream",""
"streamconverter-core/src/main/java/com/streamConverter/benchmark/LargeDataGenerator.java",266,"MethodArgumentCouldBeFinal","Code Style",3,"Parameter 'format' is not assigned and could be declared final","LargeDataInputStream","LargeDataInputStream","format"
"streamconverter-core/src/main/java/com/streamConverter/benchmark/LargeDataGenerator.java",266,"MethodArgumentCouldBeFinal","Code Style",3,"Parameter 'totalSize' is not assigned and could be declared final","LargeDataInputStream","LargeDataInputStream","totalSize"
"streamconverter-core/src/main/java/com/streamConverter/benchmark/LargeDataGenerator.java",267,"UseLocaleWithCaseConversions","Error Prone",3,"When doing a String.toLowerCase()/toUpperCase() call, use a Locale","LargeDataInputStream","LargeDataInputStream",""
"streamconverter-core/src/main/java/com/streamConverter/benchmark/LargeDataGenerator.java",276,"OnlyOneReturn","Code Style",3,"A method should have only one exit point, and that should be the last statement in the method","LargeDataInputStream","read",""
"streamconverter-core/src/main/java/com/streamConverter/benchmark/LargeDataGenerator.java",285,"ShortVariable","Code Style",3,"Avoid variables with short names like b","LargeDataInputStream","read","b"
"streamconverter-core/src/main/java/com/streamConverter/benchmark/LargeDataGenerator.java",285,"MethodArgumentCouldBeFinal","Code Style",3,"Parameter 'b' is not assigned and could be declared final","LargeDataInputStream","read","b"
"streamconverter-core/src/main/java/com/streamConverter/benchmark/LargeDataGenerator.java",285,"MethodArgumentCouldBeFinal","Code Style",3,"Parameter 'off' is not assigned and could be declared final","LargeDataInputStream","read","off"
"streamconverter-core/src/main/java/com/streamConverter/benchmark/LargeDataGenerator.java",285,"MethodArgumentCouldBeFinal","Code Style",3,"Parameter 'len' is not assigned and could be declared final","LargeDataInputStream","read","len"
"streamconverter-core/src/main/java/com/streamConverter/benchmark/LargeDataGenerator.java",287,"OnlyOneReturn","Code Style",3,"A method should have only one exit point, and that should be the last statement in the method","LargeDataInputStream","read",""
"streamconverter-core/src/main/java/com/streamConverter/benchmark/LargeDataGenerator.java",294,"ControlStatementBraces","Code Style",3,"This statement should have braces","LargeDataInputStream","read",""
"streamconverter-core/src/main/java/com/streamConverter/benchmark/LargeDataGenerator.java",298,"LocalVariableCouldBeFinal","Code Style",3,"Local variable 'available' could be declared final","LargeDataInputStream","read","available"
"streamconverter-core/src/main/java/com/streamConverter/benchmark/LargeDataGenerator.java",299,"LocalVariableCouldBeFinal","Code Style",3,"Local variable 'toRead' could be declared final","LargeDataInputStream","read","toRead"
"streamconverter-core/src/main/java/com/streamConverter/benchmark/LargeDataGenerator.java",309,"NcssCount","Design",3,"The method 'generateNextChunk()' has a NCSS line count of 68.","LargeDataInputStream","generateNextChunk",""
"streamconverter-core/src/main/java/com/streamConverter/benchmark/LargeDataGenerator.java",309,"CognitiveComplexity","Design",3,"The method 'generateNextChunk()' has a cognitive complexity of 30, current threshold is 15","LargeDataInputStream","generateNextChunk",""
"streamconverter-core/src/main/java/com/streamConverter/benchmark/LargeDataGenerator.java",309,"CyclomaticComplexity","Design",3,"The method 'generateNextChunk()' has a cyclomatic complexity of 23.","LargeDataInputStream","generateNextChunk",""
"streamconverter-core/src/main/java/com/streamConverter/benchmark/LargeDataGenerator.java",309,"NPathComplexity","Design",3,"The method 'generateNextChunk()' has an NPath complexity of 2061, current threshold is 200","LargeDataInputStream","generateNextChunk",""
"streamconverter-core/src/main/java/com/streamConverter/benchmark/LargeDataGenerator.java",315,"LocalVariableCouldBeFinal","Code Style",3,"Local variable 'chunk' could be declared final","LargeDataInputStream","generateNextChunk","chunk"
"streamconverter-core/src/main/java/com/streamConverter/benchmark/LargeDataGenerator.java",315,"InsufficientStringBufferDeclaration","Performance",3,"StringBuilder has been initialized with size 16, but has at least 127 characters appended.","LargeDataInputStream","generateNextChunk","chunk"
"streamconverter-core/src/main/java/com/streamConverter/benchmark/LargeDataGenerator.java",318,"LocalVariableCouldBeFinal","Code Style",3,"Local variable 'footerSize' could be declared final","LargeDataInputStream","generateNextChunk","footerSize"
"streamconverter-core/src/main/java/com/streamConverter/benchmark/LargeDataGenerator.java",319,"LocalVariableCouldBeFinal","Code Style",3,"Local variable 'remainingBytes' could be declared final","LargeDataInputStream","generateNextChunk","remainingBytes"
"streamconverter-core/src/main/java/com/streamConverter/benchmark/LargeDataGenerator.java",323,"NonExhaustiveSwitch","Best Practices",3,"Switch statements or expressions should be exhaustive, add a default case (or missing enum branches)","LargeDataInputStream","generateNextChunk",""
"streamconverter-core/src/main/java/com/streamConverter/benchmark/LargeDataGenerator.java",324,"AvoidDuplicateLiterals","Error Prone",3,"The String literal ""XML"" appears 4 times in this file; the first occurrence is on line 324","LargeDataInputStream","generateNextChunk",""
"streamconverter-core/src/main/java/com/streamConverter/benchmark/LargeDataGenerator.java",327,"AvoidDuplicateLiterals","Error Prone",3,"The String literal ""JSON"" appears 5 times in this file; the first occurrence is on line 327","LargeDataInputStream","generateNextChunk",""
"streamconverter-core/src/main/java/com/streamConverter/benchmark/LargeDataGenerator.java",330,"AvoidDuplicateLiterals","Error Prone",3,"The String literal ""CSV"" appears 4 times in this file; the first occurrence is on line 330","LargeDataInputStream","generateNextChunk",""
"streamconverter-core/src/main/java/com/streamConverter/benchmark/LargeDataGenerator.java",338,"LongVariable","Code Style",3,"Avoid excessively long variable names like shouldGenerateFooter","LargeDataInputStream","generateNextChunk","shouldGenerateFooter"
"streamconverter-core/src/main/java/com/streamConverter/benchmark/LargeDataGenerator.java",345,"NonExhaustiveSwitch","Best Practices",3,"Switch statements or expressions should be exhaustive, add a default case (or missing enum branches)","LargeDataInputStream","generateNextChunk",""
"streamconverter-core/src/main/java/com/streamConverter/benchmark/LargeDataGenerator.java",366,"LiteralsFirstInComparisons","Best Practices",3,"Position literals first in String comparisons","LargeDataInputStream","generateNextChunk",""
"streamconverter-core/src/main/java/com/streamConverter/benchmark/LargeDataGenerator.java",370,"LocalVariableCouldBeFinal","Code Style",3,"Local variable 'record' could be declared final","LargeDataInputStream","generateNextChunk","record"
"streamconverter-core/src/main/java/com/streamConverter/benchmark/LargeDataGenerator.java",386,"LocalVariableCouldBeFinal","Code Style",3,"Local variable 'nextAdditionSize' could be declared final","LargeDataInputStream","generateNextChunk","nextAdditionSize"
"streamconverter-core/src/main/java/com/streamConverter/benchmark/LargeDataGenerator.java",399,"ControlStatementBraces","Code Style",3,"This statement should have braces","LargeDataInputStream","generateNextChunk",""
"streamconverter-core/src/main/java/com/streamConverter/benchmark/LargeDataGenerator.java",404,"LocalVariableCouldBeFinal","Code Style",3,"Local variable 'chunkBytes' could be declared final","LargeDataInputStream","generateNextChunk","chunkBytes"
"streamconverter-core/src/main/java/com/streamConverter/benchmark/LargeDataGenerator.java",407,"AvoidCatchingGenericException","Design",3,"Avoid catching generic exceptions such as NullPointerException, RuntimeException, Exception in try-catch block","LargeDataInputStream","generateNextChunk",""
"streamconverter-core/src/main/java/com/streamConverter/benchmark/LargeDataGenerator.java",417,"OnlyOneReturn","Code Style",3,"A method should have only one exit point, and that should be the last statement in the method","LargeDataInputStream","calculateFooterSize",""
"streamconverter-core/src/main/java/com/streamConverter/benchmark/LargeDataGenerator.java",419,"OnlyOneReturn","Code Style",3,"A method should have only one exit point, and that should be the last statement in the method","LargeDataInputStream","calculateFooterSize",""
"streamconverter-core/src/main/java/com/streamConverter/benchmark/PerformanceAnalyzer.java",1,"PackageCase","Code Style",3,"Package name contains upper case characters","PerformanceAnalyzer","",""
"streamconverter-core/src/main/java/com/streamConverter/benchmark/PerformanceAnalyzer.java",29,"AtLeastOneConstructor","Code Style",3,"Each class should declare at least one constructor","PerformanceAnalyzer","",""
"streamconverter-core/src/main/java/com/streamConverter/benchmark/PerformanceAnalyzer.java",42,"MethodArgumentCouldBeFinal","Code Style",3,"Parameter 'testName' is not assigned and could be declared final","PerformanceAnalyzer","addRecord","testName"
"streamconverter-core/src/main/java/com/streamConverter/benchmark/PerformanceAnalyzer.java",42,"MethodArgumentCouldBeFinal","Code Style",3,"Parameter 'results' is not assigned and could be declared final","PerformanceAnalyzer","addRecord","results"
"streamconverter-core/src/main/java/com/streamConverter/benchmark/PerformanceAnalyzer.java",42,"MethodArgumentCouldBeFinal","Code Style",3,"Parameter 'totalDataSize' is not assigned and could be declared final","PerformanceAnalyzer","addRecord","totalDataSize"
"streamconverter-core/src/main/java/com/streamConverter/benchmark/PerformanceAnalyzer.java",48,"LocalVariableCouldBeFinal","Code Style",3,"Local variable 'record' could be declared final","PerformanceAnalyzer","addRecord","record"
"streamconverter-core/src/main/java/com/streamConverter/benchmark/PerformanceAnalyzer.java",69,"OnlyOneReturn","Code Style",3,"A method should have only one exit point, and that should be the last statement in the method","PerformanceAnalyzer","getStatistics",""
"streamconverter-core/src/main/java/com/streamConverter/benchmark/PerformanceAnalyzer.java",81,"LocalVariableCouldBeFinal","Code Style",3,"Local variable 'writer' could be declared final","PerformanceAnalyzer","generateDetailedReport","writer"
"streamconverter-core/src/main/java/com/streamConverter/benchmark/PerformanceAnalyzer.java",82,"ShortVariable","Code Style",3,"Avoid variables with short names like pw","PerformanceAnalyzer","generateDetailedReport","pw"
"streamconverter-core/src/main/java/com/streamConverter/benchmark/PerformanceAnalyzer.java",93,"MethodArgumentCouldBeFinal","Code Style",3,"Parameter 'writer' is not assigned and could be declared final","PerformanceAnalyzer","generateDetailedReport","writer"
"streamconverter-core/src/main/java/com/streamConverter/benchmark/PerformanceAnalyzer.java",105,"LocalVariableCouldBeFinal","Code Style",3,"Local variable 'stats' could be declared final","PerformanceAnalyzer","generateDetailedReport","stats"
"streamconverter-core/src/main/java/com/streamConverter/benchmark/PerformanceAnalyzer.java",121,"LocalVariableCouldBeFinal","Code Style",3,"Local variable 'record' could be declared final","PerformanceAnalyzer","generateDetailedReport","record"
"streamconverter-core/src/main/java/com/streamConverter/benchmark/PerformanceAnalyzer.java",126,"LawOfDemeter","Design",3,"Access to field `results` on foreign value `record` (degree 1)","PerformanceAnalyzer","generateDetailedReport",""
"streamconverter-core/src/main/java/com/streamConverter/benchmark/PerformanceAnalyzer.java",131,"LawOfDemeter","Design",3,"Access to field `results` on foreign value `record` (degree 1)","PerformanceAnalyzer","generateDetailedReport",""
"streamconverter-core/src/main/java/com/streamConverter/benchmark/PerformanceAnalyzer.java",132,"LocalVariableCouldBeFinal","Code Style",3,"Local variable 'result' could be declared final","PerformanceAnalyzer","generateDetailedReport","result"
"streamconverter-core/src/main/java/com/streamConverter/benchmark/PerformanceAnalyzer.java",132,"LawOfDemeter","Design",3,"Access to field `results` on foreign value `record` (degree 1)","PerformanceAnalyzer","generateDetailedReport","result"
"streamconverter-core/src/main/java/com/streamConverter/benchmark/PerformanceAnalyzer.java",136,"LawOfDemeter","Design",3,"Call to `getCommandName` on foreign value `result` (degree 2)","PerformanceAnalyzer","generateDetailedReport",""
"streamconverter-core/src/main/java/com/streamConverter/benchmark/PerformanceAnalyzer.java",137,"LawOfDemeter","Design",3,"Call to `getExecutionTimeMillis` on foreign value `result` (degree 2)","PerformanceAnalyzer","generateDetailedReport",""
"streamconverter-core/src/main/java/com/streamConverter/benchmark/PerformanceAnalyzer.java",139,"LawOfDemeter","Design",3,"Call to `getInputBytes` on foreign value `result` (degree 2)","PerformanceAnalyzer","generateDetailedReport",""
"streamconverter-core/src/main/java/com/streamConverter/benchmark/PerformanceAnalyzer.java",171,"LocalVariableCouldBeFinal","Code Style",3,"Local variable 'writer' could be declared final","PerformanceAnalyzer","generateCSVReport","writer"
"streamconverter-core/src/main/java/com/streamConverter/benchmark/PerformanceAnalyzer.java",172,"ShortVariable","Code Style",3,"Avoid variables with short names like pw","PerformanceAnalyzer","generateCSVReport","pw"
"streamconverter-core/src/main/java/com/streamConverter/benchmark/PerformanceAnalyzer.java",183,"MethodArgumentCouldBeFinal","Code Style",3,"Parameter 'writer' is not assigned and could be declared final","PerformanceAnalyzer","generateCSVReport","writer"
"streamconverter-core/src/main/java/com/streamConverter/benchmark/PerformanceAnalyzer.java",189,"LocalVariableCouldBeFinal","Code Style",3,"Local variable 'record' could be declared final","PerformanceAnalyzer","generateCSVReport","record"
"streamconverter-core/src/main/java/com/streamConverter/benchmark/PerformanceAnalyzer.java",196,"LawOfDemeter","Design",3,"Access to field `results` on foreign value `record` (degree 1)","PerformanceAnalyzer","generateCSVReport",""
"streamconverter-core/src/main/java/com/streamConverter/benchmark/PerformanceAnalyzer.java",203,"MethodArgumentCouldBeFinal","Code Style",3,"Parameter 'writer' is not assigned and could be declared final","PerformanceAnalyzer","generateRecommendations","writer"
"streamconverter-core/src/main/java/com/streamConverter/benchmark/PerformanceAnalyzer.java",203,"MethodArgumentCouldBeFinal","Code Style",3,"Parameter 'stats' is not assigned and could be declared final","PerformanceAnalyzer","generateRecommendations","stats"
"streamconverter-core/src/main/java/com/streamConverter/benchmark/PerformanceAnalyzer.java",207,"LocalVariableCouldBeFinal","Code Style",3,"Local variable 'recommendations' could be declared final","PerformanceAnalyzer","generateRecommendations","recommendations"
"streamconverter-core/src/main/java/com/streamConverter/benchmark/PerformanceAnalyzer.java",210,"AvoidLiteralsInIfCondition","Error Prone",3,"Avoid using literals in if statements","PerformanceAnalyzer","generateRecommendations",""
"streamconverter-core/src/main/java/com/streamConverter/benchmark/PerformanceAnalyzer.java",216,"LocalVariableCouldBeFinal","Code Style",3,"Local variable 'memoryToDataRatio' could be declared final","PerformanceAnalyzer","generateRecommendations","memoryToDataRatio"
"streamconverter-core/src/main/java/com/streamConverter/benchmark/PerformanceAnalyzer.java",217,"AvoidLiteralsInIfCondition","Error Prone",3,"Avoid using literals in if statements","PerformanceAnalyzer","generateRecommendations",""
"streamconverter-core/src/main/java/com/streamConverter/benchmark/PerformanceAnalyzer.java",223,"LocalVariableCouldBeFinal","Code Style",3,"Local variable 'cvExecutionTime' could be declared final","PerformanceAnalyzer","generateRecommendations","cvExecutionTime"
"streamconverter-core/src/main/java/com/streamConverter/benchmark/PerformanceAnalyzer.java",224,"AvoidLiteralsInIfCondition","Error Prone",3,"Avoid using literals in if statements","PerformanceAnalyzer","generateRecommendations",""
"streamconverter-core/src/main/java/com/streamConverter/benchmark/PerformanceAnalyzer.java",230,"LongVariable","Code Style",3,"Avoid excessively long variable names like avgCommandsPerTest","PerformanceAnalyzer","generateRecommendations","avgCommandsPerTest"
"streamconverter-core/src/main/java/com/streamConverter/benchmark/PerformanceAnalyzer.java",230,"LocalVariableCouldBeFinal","Code Style",3,"Local variable 'avgCommandsPerTest' could be declared final","PerformanceAnalyzer","generateRecommendations","avgCommandsPerTest"
"streamconverter-core/src/main/java/com/streamConverter/benchmark/PerformanceAnalyzer.java",232,"AvoidLiteralsInIfCondition","Error Prone",3,"Avoid using literals in if statements","PerformanceAnalyzer","generateRecommendations",""
"streamconverter-core/src/main/java/com/streamConverter/benchmark/PerformanceAnalyzer.java",249,"MethodArgumentCouldBeFinal","Code Style",3,"Parameter 'result' is not assigned and could be declared final","PerformanceAnalyzer","calculateThroughput","result"
"streamconverter-core/src/main/java/com/streamConverter/benchmark/PerformanceAnalyzer.java",249,"MethodArgumentCouldBeFinal","Code Style",3,"Parameter 'totalDataSize' is not assigned and could be declared final","PerformanceAnalyzer","calculateThroughput","totalDataSize"
"streamconverter-core/src/main/java/com/streamConverter/benchmark/PerformanceAnalyzer.java",251,"OnlyOneReturn","Code Style",3,"A method should have only one exit point, and that should be the last statement in the method","PerformanceAnalyzer","calculateThroughput",""
"streamconverter-core/src/main/java/com/streamConverter/benchmark/PerformanceAnalyzer.java",253,"UselessParentheses","Code Style",4,"Useless parentheses.","PerformanceAnalyzer","calculateThroughput",""
"streamconverter-core/src/main/java/com/streamConverter/benchmark/PerformanceAnalyzer.java",258,"CommentDefaultAccessModifier","Code Style",3,"Missing commented default access modifier on field 'testName'","PerformanceRecord","","testName"
"streamconverter-core/src/main/java/com/streamConverter/benchmark/PerformanceAnalyzer.java",259,"CommentDefaultAccessModifier","Code Style",3,"Missing commented default access modifier on field 'results'","PerformanceRecord","","results"
"streamconverter-core/src/main/java/com/streamConverter/benchmark/PerformanceAnalyzer.java",260,"CommentDefaultAccessModifier","Code Style",3,"Missing commented default access modifier on field 'totalDataSize'","PerformanceRecord","","totalDataSize"
"streamconverter-core/src/main/java/com/streamConverter/benchmark/PerformanceAnalyzer.java",261,"LongVariable","Code Style",3,"Avoid excessively long variable names like totalExecutionTime","PerformanceRecord","","totalExecutionTime"
"streamconverter-core/src/main/java/com/streamConverter/benchmark/PerformanceAnalyzer.java",261,"CommentDefaultAccessModifier","Code Style",3,"Missing commented default access modifier on field 'totalExecutionTime'","PerformanceRecord","","totalExecutionTime"
"streamconverter-core/src/main/java/com/streamConverter/benchmark/PerformanceAnalyzer.java",262,"CommentDefaultAccessModifier","Code Style",3,"Missing commented default access modifier on field 'throughput'","PerformanceRecord","","throughput"
"streamconverter-core/src/main/java/com/streamConverter/benchmark/PerformanceAnalyzer.java",263,"CommentDefaultAccessModifier","Code Style",3,"Missing commented default access modifier on field 'peakMemoryUsage'","PerformanceRecord","","peakMemoryUsage"
"streamconverter-core/src/main/java/com/streamConverter/benchmark/PerformanceAnalyzer.java",264,"CommentDefaultAccessModifier","Code Style",3,"Missing commented default access modifier on field 'successRate'","PerformanceRecord","","successRate"
"streamconverter-core/src/main/java/com/streamConverter/benchmark/PerformanceAnalyzer.java",265,"CommentDefaultAccessModifier","Code Style",3,"Missing commented default access modifier on field 'timestamp'","PerformanceRecord","","timestamp"
"streamconverter-core/src/main/java/com/streamConverter/benchmark/PerformanceAnalyzer.java",267,"CommentDefaultAccessModifier","Code Style",3,"Missing commented default access modifier on constructor 'PerformanceRecord(String, List<CommandResult>, long)'","PerformanceRecord","PerformanceRecord",""
"streamconverter-core/src/main/java/com/streamConverter/benchmark/PerformanceAnalyzer.java",267,"MethodArgumentCouldBeFinal","Code Style",3,"Parameter 'testName' is not assigned and could be declared final","PerformanceRecord","PerformanceRecord","testName"
"streamconverter-core/src/main/java/com/streamConverter/benchmark/PerformanceAnalyzer.java",267,"MethodArgumentCouldBeFinal","Code Style",3,"Parameter 'results' is not assigned and could be declared final","PerformanceRecord","PerformanceRecord","results"
"streamconverter-core/src/main/java/com/streamConverter/benchmark/PerformanceAnalyzer.java",267,"MethodArgumentCouldBeFinal","Code Style",3,"Parameter 'totalDataSize' is not assigned and could be declared final","PerformanceRecord","PerformanceRecord","totalDataSize"
"streamconverter-core/src/main/java/com/streamConverter/benchmark/PerformanceAnalyzer.java",279,"UselessParentheses","Code Style",4,"Useless parentheses.","PerformanceRecord","PerformanceRecord",""
"streamconverter-core/src/main/java/com/streamConverter/benchmark/PerformanceAnalyzer.java",285,"LocalVariableCouldBeFinal","Code Style",3,"Local variable 'successCount' could be declared final","PerformanceRecord","PerformanceRecord","successCount"
"streamconverter-core/src/main/java/com/streamConverter/benchmark/PerformanceAnalyzer.java",286,"UseCollectionIsEmpty","Best Practices",3,"Substitute calls to size() == 0 (or size() != 0, size() > 0, size() < 1) with calls to isEmpty()","PerformanceRecord","PerformanceRecord",""
"streamconverter-core/src/main/java/com/streamConverter/benchmark/PerformanceAnalyzer.java",291,"DataClass","Design",3,"The class 'PerformanceStatistics' is suspected to be a Data Class (WOC=0.000%, NOPA=15, NOAM=0, WMC=11)","PerformanceStatistics","",""
"streamconverter-core/src/main/java/com/streamConverter/benchmark/PerformanceAnalyzer.java",293,"LongVariable","Code Style",3,"Avoid excessively long variable names like averageExecutionTime","PerformanceStatistics","","averageExecutionTime"
"streamconverter-core/src/main/java/com/streamConverter/benchmark/PerformanceAnalyzer.java",302,"LongVariable","Code Style",3,"Avoid excessively long variable names like medianExecutionTime","PerformanceStatistics","","medianExecutionTime"
"streamconverter-core/src/main/java/com/streamConverter/benchmark/PerformanceAnalyzer.java",305,"LongVariable","Code Style",3,"Avoid excessively long variable names like executionTimeStdDev","PerformanceStatistics","","executionTimeStdDev"
"streamconverter-core/src/main/java/com/streamConverter/benchmark/PerformanceAnalyzer.java",323,"LongVariable","Code Style",3,"Avoid excessively long variable names like totalDataProcessed","PerformanceStatistics","","totalDataProcessed"
"streamconverter-core/src/main/java/com/streamConverter/benchmark/PerformanceAnalyzer.java",329,"LongVariable","Code Style",3,"Avoid excessively long variable names like overallSuccessRate","PerformanceStatistics","","overallSuccessRate"
"streamconverter-core/src/main/java/com/streamConverter/benchmark/PerformanceAnalyzer.java",337,"CommentDefaultAccessModifier","Code Style",3,"Missing commented default access modifier on constructor 'PerformanceStatistics()'","PerformanceStatistics","PerformanceStatistics",""
"streamconverter-core/src/main/java/com/streamConverter/benchmark/PerformanceAnalyzer.java",359,"CommentDefaultAccessModifier","Code Style",3,"Missing commented default access modifier on constructor 'PerformanceStatistics(List<PerformanceRecord>)'","PerformanceStatistics","PerformanceStatistics",""
"streamconverter-core/src/main/java/com/streamConverter/benchmark/PerformanceAnalyzer.java",359,"MethodArgumentCouldBeFinal","Code Style",3,"Parameter 'records' is not assigned and could be declared final","PerformanceStatistics","PerformanceStatistics","records"
"streamconverter-core/src/main/java/com/streamConverter/benchmark/PerformanceAnalyzer.java",364,"LocalVariableCouldBeFinal","Code Style",3,"Local variable 'executionTimes' could be declared final","PerformanceStatistics","PerformanceStatistics","executionTimes"
"streamconverter-core/src/main/java/com/streamConverter/benchmark/PerformanceAnalyzer.java",380,"LocalVariableCouldBeFinal","Code Style",3,"Local variable 'throughputs' could be declared final","PerformanceStatistics","PerformanceStatistics","throughputs"
"streamconverter-core/src/main/java/com/streamConverter/benchmark/PerformanceAnalyzer.java",400,"MethodArgumentCouldBeFinal","Code Style",3,"Parameter 'sortedValues' is not assigned and could be declared final","PerformanceStatistics","calculateMedian","sortedValues"
"streamconverter-core/src/main/java/com/streamConverter/benchmark/PerformanceAnalyzer.java",402,"OnlyOneReturn","Code Style",3,"A method should have only one exit point, and that should be the last statement in the method","PerformanceStatistics","calculateMedian",""
"streamconverter-core/src/main/java/com/streamConverter/benchmark/PerformanceAnalyzer.java",405,"LocalVariableCouldBeFinal","Code Style",3,"Local variable 'size' could be declared final","PerformanceStatistics","calculateMedian","size"
"streamconverter-core/src/main/java/com/streamConverter/benchmark/PerformanceAnalyzer.java",407,"OnlyOneReturn","Code Style",3,"A method should have only one exit point, and that should be the last statement in the method","PerformanceStatistics","calculateMedian",""
"streamconverter-core/src/main/java/com/streamConverter/benchmark/PerformanceAnalyzer.java",413,"MethodArgumentCouldBeFinal","Code Style",3,"Parameter 'values' is not assigned and could be declared final","PerformanceStatistics","calculateStandardDeviation","values"
"streamconverter-core/src/main/java/com/streamConverter/benchmark/PerformanceAnalyzer.java",413,"MethodArgumentCouldBeFinal","Code Style",3,"Parameter 'mean' is not assigned and could be declared final","PerformanceStatistics","calculateStandardDeviation","mean"
"streamconverter-core/src/main/java/com/streamConverter/benchmark/PerformanceAnalyzer.java",414,"AvoidLiteralsInIfCondition","Error Prone",3,"Avoid using literals in if statements","PerformanceStatistics","calculateStandardDeviation",""
"streamconverter-core/src/main/java/com/streamConverter/benchmark/PerformanceAnalyzer.java",415,"OnlyOneReturn","Code Style",3,"A method should have only one exit point, and that should be the last statement in the method","PerformanceStatistics","calculateStandardDeviation",""
"streamconverter-core/src/main/java/com/streamConverter/benchmark/PerformanceAnalyzer.java",418,"LongVariable","Code Style",3,"Avoid excessively long variable names like sumSquaredDifferences","PerformanceStatistics","calculateStandardDeviation","sumSquaredDifferences"
"streamconverter-core/src/main/java/com/streamConverter/benchmark/PerformanceAnalyzer.java",418,"LocalVariableCouldBeFinal","Code Style",3,"Local variable 'sumSquaredDifferences' could be declared final","PerformanceStatistics","calculateStandardDeviation","sumSquaredDifferences"
"streamconverter-core/src/main/java/com/streamConverter/benchmark/ResourceMonitor.java",1,"PackageCase","Code Style",3,"Package name contains upper case characters","ResourceMonitor","",""
"streamconverter-core/src/main/java/com/streamConverter/benchmark/ResourceMonitor.java",17,"AtLeastOneConstructor","Code Style",3,"Each class should declare at least one constructor","ResourceMonitor","",""
"streamconverter-core/src/main/java/com/streamConverter/benchmark/ResourceMonitor.java",26,"RedundantFieldInitializer","Performance",3,"Avoid using redundant field initializer for 'monitoring'","ResourceMonitor","","monitoring"
"streamconverter-core/src/main/java/com/streamConverter/benchmark/ResourceMonitor.java",33,"MethodArgumentCouldBeFinal","Code Style",3,"Parameter 'expectedDataSize' is not assigned and could be declared final","ResourceMonitor","start","expectedDataSize"
"streamconverter-core/src/main/java/com/streamConverter/benchmark/ResourceMonitor.java",47,"ShortVariable","Code Style",3,"Avoid variables with short names like t","ResourceMonitor","start","t"
"streamconverter-core/src/main/java/com/streamConverter/benchmark/ResourceMonitor.java",47,"LocalVariableCouldBeFinal","Code Style",3,"Local variable 't' could be declared final","ResourceMonitor","start","t"
"streamconverter-core/src/main/java/com/streamConverter/benchmark/ResourceMonitor.java",78,"LocalVariableCouldBeFinal","Code Style",3,"Local variable 'endTime' could be declared final","ResourceMonitor","stop","endTime"
"streamconverter-core/src/main/java/com/streamConverter/benchmark/ResourceMonitor.java",79,"LocalVariableCouldBeFinal","Code Style",3,"Local variable 'endMemory' could be declared final","ResourceMonitor","stop","endMemory"
"streamconverter-core/src/main/java/com/streamConverter/benchmark/ResourceMonitor.java",81,"LocalVariableCouldBeFinal","Code Style",3,"Local variable 'duration' could be declared final","ResourceMonitor","stop","duration"
"streamconverter-core/src/main/java/com/streamConverter/benchmark/ResourceMonitor.java",82,"LocalVariableCouldBeFinal","Code Style",3,"Local variable 'memoryUsed' could be declared final","ResourceMonitor","stop","memoryUsed"
"streamconverter-core/src/main/java/com/streamConverter/benchmark/ResourceMonitor.java",83,"LocalVariableCouldBeFinal","Code Style",3,"Local variable 'throughputMBps' could be declared final","ResourceMonitor","stop","throughputMBps"
"streamconverter-core/src/main/java/com/streamConverter/benchmark/ResourceMonitor.java",84,"UselessParentheses","Code Style",4,"Useless parentheses.","ResourceMonitor","stop","throughputMBps"
"streamconverter-core/src/main/java/com/streamConverter/benchmark/ResourceMonitor.java",99,"ControlStatementBraces","Code Style",3,"This statement should have braces","ResourceMonitor","updateMemoryUsage",""
"streamconverter-core/src/main/java/com/streamConverter/benchmark/ResourceMonitor.java",101,"LocalVariableCouldBeFinal","Code Style",3,"Local variable 'current' could be declared final","ResourceMonitor","updateMemoryUsage","current"
"streamconverter-core/src/main/java/com/streamConverter/benchmark/ResourceMonitor.java",117,"LocalVariableCouldBeFinal","Code Style",3,"Local variable 'heapUsage' could be declared final","ResourceMonitor","getCurrentMemoryUsage","heapUsage"
"streamconverter-core/src/main/java/com/streamConverter/benchmark/ResourceMonitor.java",117,"LawOfDemeter","Design",3,"Call to `getHeapMemoryUsage` on foreign value `memoryBean` (degree 1)","ResourceMonitor","getCurrentMemoryUsage","heapUsage"
"streamconverter-core/src/main/java/com/streamConverter/benchmark/ResourceMonitor.java",123,"DoNotCallGarbageCollectionExplicitly","Error Prone",2,"Do not explicitly trigger a garbage collection.","ResourceMonitor","forceGC",""
"streamconverter-core/src/main/java/com/streamConverter/benchmark/ResourceMonitor.java",124,"DoNotCallGarbageCollectionExplicitly","Error Prone",2,"Do not explicitly trigger a garbage collection.","ResourceMonitor","forceGC",""
"streamconverter-core/src/main/java/com/streamConverter/benchmark/ResourceUsage.java",1,"PackageCase","Code Style",3,"Package name contains upper case characters","ResourceUsage","",""
"streamconverter-core/src/main/java/com/streamConverter/benchmark/ResourceUsage.java",33,"MethodArgumentCouldBeFinal","Code Style",3,"Parameter 'durationMillis' is not assigned and could be declared final","ResourceUsage","ResourceUsage","durationMillis"
"streamconverter-core/src/main/java/com/streamConverter/benchmark/ResourceUsage.java",34,"MethodArgumentCouldBeFinal","Code Style",3,"Parameter 'memoryUsedBytes' is not assigned and could be declared final","ResourceUsage","ResourceUsage","memoryUsedBytes"
"streamconverter-core/src/main/java/com/streamConverter/benchmark/ResourceUsage.java",35,"MethodArgumentCouldBeFinal","Code Style",3,"Parameter 'peakMemoryBytes' is not assigned and could be declared final","ResourceUsage","ResourceUsage","peakMemoryBytes"
"streamconverter-core/src/main/java/com/streamConverter/benchmark/ResourceUsage.java",36,"MethodArgumentCouldBeFinal","Code Style",3,"Parameter 'startMemoryBytes' is not assigned and could be declared final","ResourceUsage","ResourceUsage","startMemoryBytes"
"streamconverter-core/src/main/java/com/streamConverter/benchmark/ResourceUsage.java",37,"MethodArgumentCouldBeFinal","Code Style",3,"Parameter 'endMemoryBytes' is not assigned and could be declared final","ResourceUsage","ResourceUsage","endMemoryBytes"
"streamconverter-core/src/main/java/com/streamConverter/benchmark/ResourceUsage.java",38,"MethodArgumentCouldBeFinal","Code Style",3,"Parameter 'dataSizeBytes' is not assigned and could be declared final","ResourceUsage","ResourceUsage","dataSizeBytes"
"streamconverter-core/src/main/java/com/streamConverter/benchmark/ResourceUsage.java",39,"MethodArgumentCouldBeFinal","Code Style",3,"Parameter 'throughputMBps' is not assigned and could be declared final","ResourceUsage","ResourceUsage","throughputMBps"
"streamconverter-core/src/main/java/com/streamConverter/benchmark/ResourceUsage.java",40,"MethodArgumentCouldBeFinal","Code Style",3,"Parameter 'measurementTime' is not assigned and could be declared final","ResourceUsage","ResourceUsage","measurementTime"
"streamconverter-core/src/main/java/com/streamConverter/benchmark/ResourceUsage.java",165,"OnlyOneReturn","Code Style",3,"A method should have only one exit point, and that should be the last statement in the method","ResourceUsage","getMemoryEfficiency",""
"streamconverter-core/src/main/java/com/streamConverter/benchmark/ResourceUsage.java",165,"ControlStatementBraces","Code Style",3,"This statement should have braces","ResourceUsage","getMemoryEfficiency",""
"streamconverter-core/src/main/java/com/streamConverter/command/AbstractStreamCommand.java",1,"PackageCase","Code Style",3,"Package name contains upper case characters","AbstractStreamCommand","",""
"streamconverter-core/src/main/java/com/streamConverter/command/AbstractStreamCommand.java",25,"UnnecessaryConstructor","Code Style",3,"Avoid unnecessary constructors - the compiler will generate these for you","AbstractStreamCommand","AbstractStreamCommand",""
"streamconverter-core/src/main/java/com/streamConverter/command/AbstractStreamCommand.java",40,"CyclomaticComplexity","Design",3,"The method 'execute(InputStream, OutputStream)' has a cyclomatic complexity of 10.","AbstractStreamCommand","execute",""
"streamconverter-core/src/main/java/com/streamConverter/command/AbstractStreamCommand.java",40,"MethodArgumentCouldBeFinal","Code Style",3,"Parameter 'inputStream' is not assigned and could be declared final","AbstractStreamCommand","execute","inputStream"
"streamconverter-core/src/main/java/com/streamConverter/command/AbstractStreamCommand.java",40,"MethodArgumentCouldBeFinal","Code Style",3,"Parameter 'outputStream' is not assigned and could be declared final","AbstractStreamCommand","execute","outputStream"
"streamconverter-core/src/main/java/com/streamConverter/command/AbstractStreamCommand.java",41,"LocalVariableCouldBeFinal","Code Style",3,"Local variable 'commandName' could be declared final","AbstractStreamCommand","execute","commandName"
"streamconverter-core/src/main/java/com/streamConverter/command/AbstractStreamCommand.java",42,"LocalVariableCouldBeFinal","Code Style",3,"Local variable 'startTime' could be declared final","AbstractStreamCommand","execute","startTime"
"streamconverter-core/src/main/java/com/streamConverter/command/AbstractStreamCommand.java",43,"LocalVariableCouldBeFinal","Code Style",3,"Local variable 'startMemory' could be declared final","AbstractStreamCommand","execute","startMemory"
"streamconverter-core/src/main/java/com/streamConverter/command/AbstractStreamCommand.java",54,"CloseResource","Error Prone",3,"Ensure that resources like this MeasuredInputStream object are closed after use","AbstractStreamCommand","execute","measuredInput"
"streamconverter-core/src/main/java/com/streamConverter/command/AbstractStreamCommand.java",55,"CloseResource","Error Prone",3,"Ensure that resources like this MeasuredOutputStream object are closed after use","AbstractStreamCommand","execute","measuredOutput"
"streamconverter-core/src/main/java/com/streamConverter/command/AbstractStreamCommand.java",63,"LocalVariableCouldBeFinal","Code Style",3,"Local variable 'duration' could be declared final","AbstractStreamCommand","execute","duration"
"streamconverter-core/src/main/java/com/streamConverter/command/AbstractStreamCommand.java",64,"LocalVariableCouldBeFinal","Code Style",3,"Local variable 'memoryUsed' could be declared final","AbstractStreamCommand","execute","memoryUsed"
"streamconverter-core/src/main/java/com/streamConverter/command/AbstractStreamCommand.java",66,"GuardLogStatement","Best Practices",2,"Logger calls should be surrounded by log level guards.","AbstractStreamCommand","execute",""
"streamconverter-core/src/main/java/com/streamConverter/command/AbstractStreamCommand.java",75,"AvoidLiteralsInIfCondition","Error Prone",3,"Avoid using literals in if statements","AbstractStreamCommand","execute",""
"streamconverter-core/src/main/java/com/streamConverter/command/AbstractStreamCommand.java",79,"AvoidCatchingGenericException","Design",3,"Avoid catching generic exceptions such as NullPointerException, RuntimeException, Exception in try-catch block","AbstractStreamCommand","execute",""
"streamconverter-core/src/main/java/com/streamConverter/command/AbstractStreamCommand.java",81,"LocalVariableCouldBeFinal","Code Style",3,"Local variable 'duration' could be declared final","AbstractStreamCommand","execute","duration"
"streamconverter-core/src/main/java/com/streamConverter/command/AbstractStreamCommand.java",82,"LocalVariableCouldBeFinal","Code Style",3,"Local variable 'memoryUsed' could be declared final","AbstractStreamCommand","execute","memoryUsed"
"streamconverter-core/src/main/java/com/streamConverter/command/AbstractStreamCommand.java",85,"LocalVariableCouldBeFinal","Code Style",3,"Local variable 'inputBytes' could be declared final","AbstractStreamCommand","execute","inputBytes"
"streamconverter-core/src/main/java/com/streamConverter/command/AbstractStreamCommand.java",86,"LocalVariableCouldBeFinal","Code Style",3,"Local variable 'outputBytes' could be declared final","AbstractStreamCommand","execute","outputBytes"
"streamconverter-core/src/main/java/com/streamConverter/command/AbstractStreamCommand.java",88,"GuardLogStatement","Best Practices",2,"Logger calls should be surrounded by log level guards.","AbstractStreamCommand","execute",""
"streamconverter-core/src/main/java/com/streamConverter/command/AbstractStreamCommand.java",99,"AvoidInstanceofChecksInCatchClause","Error Prone",3,"An instanceof check is being performed on the caught exception.  Create a separate catch clause for this exception type.","AbstractStreamCommand","execute",""
"streamconverter-core/src/main/java/com/streamConverter/command/AbstractStreamCommand.java",134,"LocalVariableCouldBeFinal","Code Style",3,"Local variable 'runtime' could be declared final","AbstractStreamCommand","getUsedMemory","runtime"
"streamconverter-core/src/main/java/com/streamConverter/command/CommandConfig.java",1,"PackageCase","Code Style",3,"Package name contains upper case characters","CommandConfig","",""
"streamconverter-core/src/main/java/com/streamConverter/command/CommandConfig.java",19,"MethodArgumentCouldBeFinal","Code Style",3,"Parameter 'commandClass' is not assigned and could be declared final","CommandConfig","CommandConfig","commandClass"
"streamconverter-core/src/main/java/com/streamConverter/command/CommandConfig.java",19,"MethodArgumentCouldBeFinal","Code Style",3,"Parameter 'args' is not assigned and could be declared final","CommandConfig","CommandConfig","args"
"streamconverter-core/src/main/java/com/streamConverter/command/CommandConfig.java",21,"ArrayIsStoredDirectly","Best Practices",3,"The user-supplied array 'args' is stored directly.","CommandConfig","CommandConfig",""
"streamconverter-core/src/main/java/com/streamConverter/command/CommandConfig.java",33,"MethodArgumentCouldBeFinal","Code Style",3,"Parameter 'commandClass' is not assigned and could be declared final","CommandConfig","CommandConfig","commandClass"
"streamconverter-core/src/main/java/com/streamConverter/command/CommandConfig.java",33,"MethodArgumentCouldBeFinal","Code Style",3,"Parameter 'description' is not assigned and could be declared final","CommandConfig","CommandConfig","description"
"streamconverter-core/src/main/java/com/streamConverter/command/CommandConfig.java",33,"MethodArgumentCouldBeFinal","Code Style",3,"Parameter 'args' is not assigned and could be declared final","CommandConfig","CommandConfig","args"
"streamconverter-core/src/main/java/com/streamConverter/command/CommandConfig.java",35,"ArrayIsStoredDirectly","Best Practices",3,"The user-supplied array 'args' is stored directly.","CommandConfig","CommandConfig",""
"streamconverter-core/src/main/java/com/streamConverter/command/CommandConfig.java",54,"MethodReturnsInternalArray","Best Practices",3,"Returning 'args' may expose an internal array.","CommandConfig","getArgs",""
"streamconverter-core/src/main/java/com/streamConverter/command/CommandFactory.java",1,"PackageCase","Code Style",3,"Package name contains upper case characters","CommandFactory","",""
"streamconverter-core/src/main/java/com/streamConverter/command/CommandFactory.java",28,"UseUtilityClass","Design",3,"This utility class has a non-private constructor","CommandFactory","",""
"streamconverter-core/src/main/java/com/streamConverter/command/CommandFactory.java",39,"AvoidDuplicateLiterals","Error Prone",3,"The String literal ""unchecked"" appears 4 times in this file; the first occurrence is on line 39","CommandFactory","createWithLogging",""
"streamconverter-core/src/main/java/com/streamConverter/command/CommandFactory.java",41,"MethodArgumentCouldBeFinal","Code Style",3,"Parameter 'commandClass' is not assigned and could be declared final","CommandFactory","createWithLogging","commandClass"
"streamconverter-core/src/main/java/com/streamConverter/command/CommandFactory.java",41,"MethodArgumentCouldBeFinal","Code Style",3,"Parameter 'args' is not assigned and could be declared final","CommandFactory","createWithLogging","args"
"streamconverter-core/src/main/java/com/streamConverter/command/CommandFactory.java",43,"LocalVariableCouldBeFinal","Code Style",3,"Local variable 'command' could be declared final","CommandFactory","createWithLogging","command"
"streamconverter-core/src/main/java/com/streamConverter/command/CommandFactory.java",44,"GuardLogStatement","Best Practices",2,"Logger calls should be surrounded by log level guards.","CommandFactory","createWithLogging",""
"streamconverter-core/src/main/java/com/streamConverter/command/CommandFactory.java",49,"OnlyOneReturn","Code Style",3,"A method should have only one exit point, and that should be the last statement in the method","CommandFactory","createWithLogging",""
"streamconverter-core/src/main/java/com/streamConverter/command/CommandFactory.java",54,"AvoidCatchingGenericException","Design",3,"Avoid catching generic exceptions such as NullPointerException, RuntimeException, Exception in try-catch block","CommandFactory","createWithLogging",""
"streamconverter-core/src/main/java/com/streamConverter/command/CommandFactory.java",55,"GuardLogStatement","Best Practices",2,"Logger calls should be surrounded by log level guards.","CommandFactory","createWithLogging",""
"streamconverter-core/src/main/java/com/streamConverter/command/CommandFactory.java",56,"AvoidThrowingRawExceptionTypes","Design",1,"Avoid throwing raw exception types.","CommandFactory","createWithLogging",""
"streamconverter-core/src/main/java/com/streamConverter/command/CommandFactory.java",71,"MethodArgumentCouldBeFinal","Code Style",3,"Parameter 'commandClass' is not assigned and could be declared final","CommandFactory","createWithLogging","commandClass"
"streamconverter-core/src/main/java/com/streamConverter/command/CommandFactory.java",71,"LongVariable","Code Style",3,"Avoid excessively long variable names like enableDetailedLogging","CommandFactory","createWithLogging","enableDetailedLogging"
"streamconverter-core/src/main/java/com/streamConverter/command/CommandFactory.java",71,"MethodArgumentCouldBeFinal","Code Style",3,"Parameter 'enableDetailedLogging' is not assigned and could be declared final","CommandFactory","createWithLogging","enableDetailedLogging"
"streamconverter-core/src/main/java/com/streamConverter/command/CommandFactory.java",71,"MethodArgumentCouldBeFinal","Code Style",3,"Parameter 'args' is not assigned and could be declared final","CommandFactory","createWithLogging","args"
"streamconverter-core/src/main/java/com/streamConverter/command/CommandFactory.java",73,"LocalVariableCouldBeFinal","Code Style",3,"Local variable 'command' could be declared final","CommandFactory","createWithLogging","command"
"streamconverter-core/src/main/java/com/streamConverter/command/CommandFactory.java",74,"GuardLogStatement","Best Practices",2,"Logger calls should be surrounded by log level guards.","CommandFactory","createWithLogging",""
"streamconverter-core/src/main/java/com/streamConverter/command/CommandFactory.java",82,"OnlyOneReturn","Code Style",3,"A method should have only one exit point, and that should be the last statement in the method","CommandFactory","createWithLogging",""
"streamconverter-core/src/main/java/com/streamConverter/command/CommandFactory.java",87,"AvoidCatchingGenericException","Design",3,"Avoid catching generic exceptions such as NullPointerException, RuntimeException, Exception in try-catch block","CommandFactory","createWithLogging",""
"streamconverter-core/src/main/java/com/streamConverter/command/CommandFactory.java",88,"GuardLogStatement","Best Practices",2,"Logger calls should be surrounded by log level guards.","CommandFactory","createWithLogging",""
"streamconverter-core/src/main/java/com/streamConverter/command/CommandFactory.java",89,"AvoidThrowingRawExceptionTypes","Design",1,"Avoid throwing raw exception types.","CommandFactory","createWithLogging",""
"streamconverter-core/src/main/java/com/streamConverter/command/CommandFactory.java",99,"MethodArgumentCouldBeFinal","Code Style",3,"Parameter 'configs' is not assigned and could be declared final","CommandFactory","createPipelineWithLogging","configs"
"streamconverter-core/src/main/java/com/streamConverter/command/CommandFactory.java",100,"LocalVariableCouldBeFinal","Code Style",3,"Local variable 'commands' could be declared final","CommandFactory","createPipelineWithLogging","commands"
"streamconverter-core/src/main/java/com/streamConverter/command/CommandFactory.java",105,"LocalVariableCouldBeFinal","Code Style",3,"Local variable 'config' could be declared final","CommandFactory","createPipelineWithLogging","config"
"streamconverter-core/src/main/java/com/streamConverter/command/CommandFactory.java",107,"LocalVariableCouldBeFinal","Code Style",3,"Local variable 'command' could be declared final","CommandFactory","createPipelineWithLogging","command"
"streamconverter-core/src/main/java/com/streamConverter/command/CommandFactory.java",109,"GuardLogStatement","Best Practices",2,"Logger calls should be surrounded by log level guards.","CommandFactory","createPipelineWithLogging",""
"streamconverter-core/src/main/java/com/streamConverter/command/CommandFactory.java",110,"AvoidCatchingGenericException","Design",3,"Avoid catching generic exceptions such as NullPointerException, RuntimeException, Exception in try-catch block","CommandFactory","createPipelineWithLogging",""
"streamconverter-core/src/main/java/com/streamConverter/command/CommandFactory.java",111,"GuardLogStatement","Best Practices",2,"Logger calls should be surrounded by log level guards.","CommandFactory","createPipelineWithLogging",""
"streamconverter-core/src/main/java/com/streamConverter/command/CommandFactory.java",117,"AvoidThrowingRawExceptionTypes","Design",1,"Avoid throwing raw exception types.","CommandFactory","createPipelineWithLogging",""
"streamconverter-core/src/main/java/com/streamConverter/command/CommandFactory.java",121,"GuardLogStatement","Best Practices",2,"Logger calls should be surrounded by log level guards.","CommandFactory","createPipelineWithLogging",""
"streamconverter-core/src/main/java/com/streamConverter/command/CommandFactory.java",131,"MethodArgumentCouldBeFinal","Code Style",3,"Parameter 'configs' is not assigned and could be declared final","CommandFactory","createPipelineWithDetailedLogging","configs"
"streamconverter-core/src/main/java/com/streamConverter/command/CommandFactory.java",132,"LocalVariableCouldBeFinal","Code Style",3,"Local variable 'commands' could be declared final","CommandFactory","createPipelineWithDetailedLogging","commands"
"streamconverter-core/src/main/java/com/streamConverter/command/CommandFactory.java",137,"LocalVariableCouldBeFinal","Code Style",3,"Local variable 'config' could be declared final","CommandFactory","createPipelineWithDetailedLogging","config"
"streamconverter-core/src/main/java/com/streamConverter/command/CommandFactory.java",139,"LocalVariableCouldBeFinal","Code Style",3,"Local variable 'command' could be declared final","CommandFactory","createPipelineWithDetailedLogging","command"
"streamconverter-core/src/main/java/com/streamConverter/command/CommandFactory.java",142,"GuardLogStatement","Best Practices",2,"Logger calls should be surrounded by log level guards.","CommandFactory","createPipelineWithDetailedLogging",""
"streamconverter-core/src/main/java/com/streamConverter/command/CommandFactory.java",147,"AvoidCatchingGenericException","Design",3,"Avoid catching generic exceptions such as NullPointerException, RuntimeException, Exception in try-catch block","CommandFactory","createPipelineWithDetailedLogging",""
"streamconverter-core/src/main/java/com/streamConverter/command/CommandFactory.java",148,"GuardLogStatement","Best Practices",2,"Logger calls should be surrounded by log level guards.","CommandFactory","createPipelineWithDetailedLogging",""
"streamconverter-core/src/main/java/com/streamConverter/command/CommandFactory.java",154,"AvoidThrowingRawExceptionTypes","Design",1,"Avoid throwing raw exception types.","CommandFactory","createPipelineWithDetailedLogging",""
"streamconverter-core/src/main/java/com/streamConverter/command/CommandFactory.java",158,"GuardLogStatement","Best Practices",2,"Logger calls should be surrounded by log level guards.","CommandFactory","createPipelineWithDetailedLogging",""
"streamconverter-core/src/main/java/com/streamConverter/command/CommandFactory.java",173,"MethodArgumentCouldBeFinal","Code Style",3,"Parameter 'commandClass' is not assigned and could be declared final","CommandFactory","createInstance","commandClass"
"streamconverter-core/src/main/java/com/streamConverter/command/CommandFactory.java",173,"MethodArgumentCouldBeFinal","Code Style",3,"Parameter 'args' is not assigned and could be declared final","CommandFactory","createInstance","args"
"streamconverter-core/src/main/java/com/streamConverter/command/CommandFactory.java",174,"SignatureDeclareThrowsException","Design",3,"A method/constructor should not explicitly throw java.lang.Exception","CommandFactory","createInstance",""
"streamconverter-core/src/main/java/com/streamConverter/command/CommandFactory.java",177,"LocalVariableCouldBeFinal","Code Style",3,"Local variable 'constructor' could be declared final","CommandFactory","createInstance","constructor"
"streamconverter-core/src/main/java/com/streamConverter/command/CommandFactory.java",178,"OnlyOneReturn","Code Style",3,"A method should have only one exit point, and that should be the last statement in the method","CommandFactory","createInstance",""
"streamconverter-core/src/main/java/com/streamConverter/command/CommandFactory.java",182,"LocalVariableCouldBeFinal","Code Style",3,"Local variable 'argTypes' could be declared final","CommandFactory","createInstance","argTypes"
"streamconverter-core/src/main/java/com/streamConverter/command/CommandFactory.java",189,"LocalVariableCouldBeFinal","Code Style",3,"Local variable 'constructor' could be declared final","CommandFactory","createInstance","constructor"
"streamconverter-core/src/main/java/com/streamConverter/command/CommandFactory.java",190,"OnlyOneReturn","Code Style",3,"A method should have only one exit point, and that should be the last statement in the method","CommandFactory","createInstance",""
"streamconverter-core/src/main/java/com/streamConverter/command/CommandFactory.java",209,"MethodArgumentCouldBeFinal","Code Style",3,"Parameter 'commandClass' is not assigned and could be declared final","CommandFactory","createInstanceWithBestMatch","commandClass"
"streamconverter-core/src/main/java/com/streamConverter/command/CommandFactory.java",209,"MethodArgumentCouldBeFinal","Code Style",3,"Parameter 'args' is not assigned and could be declared final","CommandFactory","createInstanceWithBestMatch","args"
"streamconverter-core/src/main/java/com/streamConverter/command/CommandFactory.java",209,"UseVarargs","Best Practices",4,"Consider using varargs for methods or constructors which take an array the last parameter.","CommandFactory","createInstanceWithBestMatch","argTypes"
"streamconverter-core/src/main/java/com/streamConverter/command/CommandFactory.java",209,"MethodArgumentCouldBeFinal","Code Style",3,"Parameter 'argTypes' is not assigned and could be declared final","CommandFactory","createInstanceWithBestMatch","argTypes"
"streamconverter-core/src/main/java/com/streamConverter/command/CommandFactory.java",209,"SignatureDeclareThrowsException","Design",3,"A method/constructor should not explicitly throw java.lang.Exception","CommandFactory","createInstanceWithBestMatch",""
"streamconverter-core/src/main/java/com/streamConverter/command/CommandFactory.java",210,"LocalVariableCouldBeFinal","Code Style",3,"Local variable 'constructors' could be declared final","CommandFactory","createInstanceWithBestMatch","constructors"
"streamconverter-core/src/main/java/com/streamConverter/command/CommandFactory.java",212,"LocalVariableCouldBeFinal","Code Style",3,"Local variable 'constructor' could be declared final","CommandFactory","createInstanceWithBestMatch","constructor"
"streamconverter-core/src/main/java/com/streamConverter/command/CommandFactory.java",213,"LocalVariableCouldBeFinal","Code Style",3,"Local variable 'paramTypes' could be declared final","CommandFactory","createInstanceWithBestMatch","paramTypes"
"streamconverter-core/src/main/java/com/streamConverter/command/CommandFactory.java",242,"CognitiveComplexity","Design",3,"The method 'isCompatible(Class<?>, Class<?>)' has a cognitive complexity of 26, current threshold is 15","CommandFactory","isCompatible",""
"streamconverter-core/src/main/java/com/streamConverter/command/CommandFactory.java",242,"CyclomaticComplexity","Design",3,"The method 'isCompatible(Class<?>, Class<?>)' has a cyclomatic complexity of 19.","CommandFactory","isCompatible",""
"streamconverter-core/src/main/java/com/streamConverter/command/CommandFactory.java",242,"NPathComplexity","Design",3,"The method 'isCompatible(Class<?>, Class<?>)' has an NPath complexity of 513, current threshold is 200","CommandFactory","isCompatible",""
"streamconverter-core/src/main/java/com/streamConverter/command/CommandFactory.java",242,"MethodArgumentCouldBeFinal","Code Style",3,"Parameter 'paramType' is not assigned and could be declared final","CommandFactory","isCompatible","paramType"
"streamconverter-core/src/main/java/com/streamConverter/command/CommandFactory.java",242,"MethodArgumentCouldBeFinal","Code Style",3,"Parameter 'argType' is not assigned and could be declared final","CommandFactory","isCompatible","argType"
"streamconverter-core/src/main/java/com/streamConverter/command/CommandFactory.java",244,"OnlyOneReturn","Code Style",3,"A method should have only one exit point, and that should be the last statement in the method","CommandFactory","isCompatible",""
"streamconverter-core/src/main/java/com/streamConverter/command/CommandFactory.java",249,"OnlyOneReturn","Code Style",3,"A method should have only one exit point, and that should be the last statement in the method","CommandFactory","isCompatible",""
"streamconverter-core/src/main/java/com/streamConverter/command/CommandFactory.java",249,"ControlStatementBraces","Code Style",3,"This statement should have braces","CommandFactory","isCompatible",""
"streamconverter-core/src/main/java/com/streamConverter/command/CommandFactory.java",250,"OnlyOneReturn","Code Style",3,"A method should have only one exit point, and that should be the last statement in the method","CommandFactory","isCompatible",""
"streamconverter-core/src/main/java/com/streamConverter/command/CommandFactory.java",250,"ControlStatementBraces","Code Style",3,"This statement should have braces","CommandFactory","isCompatible",""
"streamconverter-core/src/main/java/com/streamConverter/command/CommandFactory.java",251,"OnlyOneReturn","Code Style",3,"A method should have only one exit point, and that should be the last statement in the method","CommandFactory","isCompatible",""
"streamconverter-core/src/main/java/com/streamConverter/command/CommandFactory.java",251,"ControlStatementBraces","Code Style",3,"This statement should have braces","CommandFactory","isCompatible",""
"streamconverter-core/src/main/java/com/streamConverter/command/CommandFactory.java",252,"OnlyOneReturn","Code Style",3,"A method should have only one exit point, and that should be the last statement in the method","CommandFactory","isCompatible",""
"streamconverter-core/src/main/java/com/streamConverter/command/CommandFactory.java",252,"ControlStatementBraces","Code Style",3,"This statement should have braces","CommandFactory","isCompatible",""
"streamconverter-core/src/main/java/com/streamConverter/command/CommandFactory.java",253,"OnlyOneReturn","Code Style",3,"A method should have only one exit point, and that should be the last statement in the method","CommandFactory","isCompatible",""
"streamconverter-core/src/main/java/com/streamConverter/command/CommandFactory.java",253,"ControlStatementBraces","Code Style",3,"This statement should have braces","CommandFactory","isCompatible",""
"streamconverter-core/src/main/java/com/streamConverter/command/CommandFactory.java",254,"OnlyOneReturn","Code Style",3,"A method should have only one exit point, and that should be the last statement in the method","CommandFactory","isCompatible",""
"streamconverter-core/src/main/java/com/streamConverter/command/CommandFactory.java",254,"ControlStatementBraces","Code Style",3,"This statement should have braces","CommandFactory","isCompatible",""
"streamconverter-core/src/main/java/com/streamConverter/command/CommandFactory.java",255,"OnlyOneReturn","Code Style",3,"A method should have only one exit point, and that should be the last statement in the method","CommandFactory","isCompatible",""
"streamconverter-core/src/main/java/com/streamConverter/command/CommandFactory.java",255,"ControlStatementBraces","Code Style",3,"This statement should have braces","CommandFactory","isCompatible",""
"streamconverter-core/src/main/java/com/streamConverter/command/CommandFactory.java",256,"OnlyOneReturn","Code Style",3,"A method should have only one exit point, and that should be the last statement in the method","CommandFactory","isCompatible",""
"streamconverter-core/src/main/java/com/streamConverter/command/CommandFactory.java",256,"ControlStatementBraces","Code Style",3,"This statement should have braces","CommandFactory","isCompatible",""
"streamconverter-core/src/main/java/com/streamConverter/command/ConsumerCommand.java",1,"PackageCase","Code Style",3,"Package name contains upper case characters","ConsumerCommand","",""
"streamconverter-core/src/main/java/com/streamConverter/command/ConsumerCommand.java",23,"UnnecessaryConstructor","Code Style",3,"Avoid unnecessary constructors - the compiler will generate these for you","ConsumerCommand","ConsumerCommand",""
"streamconverter-core/src/main/java/com/streamConverter/command/ConsumerCommand.java",35,"MethodArgumentCouldBeFinal","Code Style",3,"Parameter 'inputStream' is not assigned and could be declared final","ConsumerCommand","executeInternal","inputStream"
"streamconverter-core/src/main/java/com/streamConverter/command/ConsumerCommand.java",35,"MethodArgumentCouldBeFinal","Code Style",3,"Parameter 'outputStream' is not assigned and could be declared final","ConsumerCommand","executeInternal","outputStream"
"streamconverter-core/src/main/java/com/streamConverter/command/ContextPropagatingDecorator.java",1,"PackageCase","Code Style",3,"Package name contains upper case characters","ContextPropagatingDecorator","",""
"streamconverter-core/src/main/java/com/streamConverter/command/ContextPropagatingDecorator.java",29,"MethodArgumentCouldBeFinal","Code Style",3,"Parameter 'command' is not assigned and could be declared final","ContextPropagatingDecorator","ContextPropagatingDecorator","command"
"streamconverter-core/src/main/java/com/streamConverter/command/ContextPropagatingDecorator.java",40,"MethodArgumentCouldBeFinal","Code Style",3,"Parameter 'command' is not assigned and could be declared final","ContextPropagatingDecorator","ContextPropagatingDecorator","command"
"streamconverter-core/src/main/java/com/streamConverter/command/ContextPropagatingDecorator.java",40,"MethodArgumentCouldBeFinal","Code Style",3,"Parameter 'commandName' is not assigned and could be declared final","ContextPropagatingDecorator","ContextPropagatingDecorator","commandName"
"streamconverter-core/src/main/java/com/streamConverter/command/ContextPropagatingDecorator.java",46,"MethodArgumentCouldBeFinal","Code Style",3,"Parameter 'inputStream' is not assigned and could be declared final","ContextPropagatingDecorator","execute","inputStream"
"streamconverter-core/src/main/java/com/streamConverter/command/ContextPropagatingDecorator.java",46,"MethodArgumentCouldBeFinal","Code Style",3,"Parameter 'outputStream' is not assigned and could be declared final","ContextPropagatingDecorator","execute","outputStream"
"streamconverter-core/src/main/java/com/streamConverter/command/ContextPropagatingDecorator.java",48,"LocalVariableCouldBeFinal","Code Style",3,"Local variable 'context' could be declared final","ContextPropagatingDecorator","execute","context"
"streamconverter-core/src/main/java/com/streamConverter/command/ContextPropagatingDecorator.java",53,"MethodArgumentCouldBeFinal","Code Style",3,"Parameter 'inputStream' is not assigned and could be declared final","ContextPropagatingDecorator","execute","inputStream"
"streamconverter-core/src/main/java/com/streamConverter/command/ContextPropagatingDecorator.java",53,"MethodArgumentCouldBeFinal","Code Style",3,"Parameter 'outputStream' is not assigned and could be declared final","ContextPropagatingDecorator","execute","outputStream"
"streamconverter-core/src/main/java/com/streamConverter/command/ContextPropagatingDecorator.java",53,"MethodArgumentCouldBeFinal","Code Style",3,"Parameter 'context' is not assigned and could be declared final","ContextPropagatingDecorator","execute","context"
"streamconverter-core/src/main/java/com/streamConverter/command/ContextPropagatingDecorator.java",57,"LocalVariableCouldBeFinal","Code Style",3,"Local variable 'sequence' could be declared final","ContextPropagatingDecorator","execute","sequence"
"streamconverter-core/src/main/java/com/streamConverter/command/ContextPropagatingDecorator.java",58,"LocalVariableCouldBeFinal","Code Style",3,"Local variable 'stageName' could be declared final","ContextPropagatingDecorator","execute","stageName"
"streamconverter-core/src/main/java/com/streamConverter/command/ContextPropagatingDecorator.java",61,"LongVariable","Code Style",3,"Avoid excessively long variable names like previousExecutionId","ContextPropagatingDecorator","execute","previousExecutionId"
"streamconverter-core/src/main/java/com/streamConverter/command/ContextPropagatingDecorator.java",61,"LocalVariableCouldBeFinal","Code Style",3,"Local variable 'previousExecutionId' could be declared final","ContextPropagatingDecorator","execute","previousExecutionId"
"streamconverter-core/src/main/java/com/streamConverter/command/ContextPropagatingDecorator.java",62,"LocalVariableCouldBeFinal","Code Style",3,"Local variable 'previousStage' could be declared final","ContextPropagatingDecorator","execute","previousStage"
"streamconverter-core/src/main/java/com/streamConverter/command/ContextPropagatingDecorator.java",81,"GuardLogStatement","Best Practices",2,"Logger calls should be surrounded by log level guards.","ContextPropagatingDecorator","execute",""
"streamconverter-core/src/main/java/com/streamConverter/command/ContextPropagatingDecorator.java",88,"AvoidCatchingGenericException","Design",3,"Avoid catching generic exceptions such as NullPointerException, RuntimeException, Exception in try-catch block","ContextPropagatingDecorator","execute",""
"streamconverter-core/src/main/java/com/streamConverter/command/ContextPropagatingDecorator.java",89,"GuardLogStatement","Best Practices",2,"Logger calls should be surrounded by log level guards.","ContextPropagatingDecorator","execute",""
"streamconverter-core/src/main/java/com/streamConverter/command/ContextPropagatingDecorator.java",107,"LongVariable","Code Style",3,"Avoid excessively long variable names like previousExecutionId","ContextPropagatingDecorator","restoreMDCContext","previousExecutionId"
"streamconverter-core/src/main/java/com/streamConverter/command/ContextPropagatingDecorator.java",107,"MethodArgumentCouldBeFinal","Code Style",3,"Parameter 'previousExecutionId' is not assigned and could be declared final","ContextPropagatingDecorator","restoreMDCContext","previousExecutionId"
"streamconverter-core/src/main/java/com/streamConverter/command/ContextPropagatingDecorator.java",107,"MethodArgumentCouldBeFinal","Code Style",3,"Parameter 'previousStage' is not assigned and could be declared final","ContextPropagatingDecorator","restoreMDCContext","previousStage"
"streamconverter-core/src/main/java/com/streamConverter/command/EnhancedCommandFactory.java",1,"PackageCase","Code Style",3,"Package name contains upper case characters","EnhancedCommandFactory","",""
"streamconverter-core/src/main/java/com/streamConverter/command/EnhancedCommandFactory.java",46,"TooManyMethods","Design",3,"This class has too many methods, consider refactoring it.","EnhancedCommandFactory","",""
"streamconverter-core/src/main/java/com/streamConverter/command/EnhancedCommandFactory.java",62,"MethodArgumentCouldBeFinal","Code Style",3,"Parameter 'config' is not assigned and could be declared final","EnhancedCommandFactory","EnhancedCommandFactory","config"
"streamconverter-core/src/main/java/com/streamConverter/command/EnhancedCommandFactory.java",78,"MethodArgumentCouldBeFinal","Code Style",3,"Parameter 'commandClass' is not assigned and could be declared final","EnhancedCommandFactory","createWithLogging","commandClass"
"streamconverter-core/src/main/java/com/streamConverter/command/EnhancedCommandFactory.java",78,"MethodArgumentCouldBeFinal","Code Style",3,"Parameter 'args' is not assigned and could be declared final","EnhancedCommandFactory","createWithLogging","args"
"streamconverter-core/src/main/java/com/streamConverter/command/EnhancedCommandFactory.java",82,"AvoidThrowingRawExceptionTypes","Design",1,"Avoid throwing raw exception types.","EnhancedCommandFactory","createWithLogging",""
"streamconverter-core/src/main/java/com/streamConverter/command/EnhancedCommandFactory.java",97,"MethodArgumentCouldBeFinal","Code Style",3,"Parameter 'commandClass' is not assigned and could be declared final","EnhancedCommandFactory","createWithLoggingChecked","commandClass"
"streamconverter-core/src/main/java/com/streamConverter/command/EnhancedCommandFactory.java",97,"MethodArgumentCouldBeFinal","Code Style",3,"Parameter 'args' is not assigned and could be declared final","EnhancedCommandFactory","createWithLoggingChecked","args"
"streamconverter-core/src/main/java/com/streamConverter/command/EnhancedCommandFactory.java",111,"MethodArgumentCouldBeFinal","Code Style",3,"Parameter 'commandClass' is not assigned and could be declared final","EnhancedCommandFactory","createWithLogging","commandClass"
"streamconverter-core/src/main/java/com/streamConverter/command/EnhancedCommandFactory.java",111,"LongVariable","Code Style",3,"Avoid excessively long variable names like enableDetailedLogging","EnhancedCommandFactory","createWithLogging","enableDetailedLogging"
"streamconverter-core/src/main/java/com/streamConverter/command/EnhancedCommandFactory.java",111,"MethodArgumentCouldBeFinal","Code Style",3,"Parameter 'enableDetailedLogging' is not assigned and could be declared final","EnhancedCommandFactory","createWithLogging","enableDetailedLogging"
"streamconverter-core/src/main/java/com/streamConverter/command/EnhancedCommandFactory.java",111,"MethodArgumentCouldBeFinal","Code Style",3,"Parameter 'args' is not assigned and could be declared final","EnhancedCommandFactory","createWithLogging","args"
"streamconverter-core/src/main/java/com/streamConverter/command/EnhancedCommandFactory.java",115,"AvoidThrowingRawExceptionTypes","Design",1,"Avoid throwing raw exception types.","EnhancedCommandFactory","createWithLogging",""
"streamconverter-core/src/main/java/com/streamConverter/command/EnhancedCommandFactory.java",132,"MethodArgumentCouldBeFinal","Code Style",3,"Parameter 'commandClass' is not assigned and could be declared final","EnhancedCommandFactory","createWithLoggingChecked","commandClass"
"streamconverter-core/src/main/java/com/streamConverter/command/EnhancedCommandFactory.java",132,"LongVariable","Code Style",3,"Avoid excessively long variable names like enableDetailedLogging","EnhancedCommandFactory","createWithLoggingChecked","enableDetailedLogging"
"streamconverter-core/src/main/java/com/streamConverter/command/EnhancedCommandFactory.java",132,"MethodArgumentCouldBeFinal","Code Style",3,"Parameter 'enableDetailedLogging' is not assigned and could be declared final","EnhancedCommandFactory","createWithLoggingChecked","enableDetailedLogging"
"streamconverter-core/src/main/java/com/streamConverter/command/EnhancedCommandFactory.java",132,"MethodArgumentCouldBeFinal","Code Style",3,"Parameter 'args' is not assigned and could be declared final","EnhancedCommandFactory","createWithLoggingChecked","args"
"streamconverter-core/src/main/java/com/streamConverter/command/EnhancedCommandFactory.java",143,"MethodArgumentCouldBeFinal","Code Style",3,"Parameter 'configs' is not assigned and could be declared final","EnhancedCommandFactory","createPipelineWithLogging","configs"
"streamconverter-core/src/main/java/com/streamConverter/command/EnhancedCommandFactory.java",147,"AvoidThrowingRawExceptionTypes","Design",1,"Avoid throwing raw exception types.","EnhancedCommandFactory","createPipelineWithLogging",""
"streamconverter-core/src/main/java/com/streamConverter/command/EnhancedCommandFactory.java",157,"MethodArgumentCouldBeFinal","Code Style",3,"Parameter 'configs' is not assigned and could be declared final","EnhancedCommandFactory","createPipelineWithDetailedLogging","configs"
"streamconverter-core/src/main/java/com/streamConverter/command/EnhancedCommandFactory.java",161,"AvoidThrowingRawExceptionTypes","Design",1,"Avoid throwing raw exception types.","EnhancedCommandFactory","createPipelineWithDetailedLogging",""
"streamconverter-core/src/main/java/com/streamConverter/command/EnhancedCommandFactory.java",173,"MethodArgumentCouldBeFinal","Code Style",3,"Parameter 'configs' is not assigned and could be declared final","EnhancedCommandFactory","createPipelineWithLoggingChecked","configs"
"streamconverter-core/src/main/java/com/streamConverter/command/EnhancedCommandFactory.java",187,"MethodArgumentCouldBeFinal","Code Style",3,"Parameter 'configs' is not assigned and could be declared final","EnhancedCommandFactory","createPipelineWithDetailedLoggingChecked","configs"
"streamconverter-core/src/main/java/com/streamConverter/command/EnhancedCommandFactory.java",203,"MethodArgumentCouldBeFinal","Code Style",3,"Parameter 'commandClass' is not assigned and could be declared final","EnhancedCommandFactory","createCached","commandClass"
"streamconverter-core/src/main/java/com/streamConverter/command/EnhancedCommandFactory.java",203,"MethodArgumentCouldBeFinal","Code Style",3,"Parameter 'args' is not assigned and could be declared final","EnhancedCommandFactory","createCached","args"
"streamconverter-core/src/main/java/com/streamConverter/command/EnhancedCommandFactory.java",205,"LocalVariableCouldBeFinal","Code Style",3,"Local variable 'cacheKey' could be declared final","EnhancedCommandFactory","createCached","cacheKey"
"streamconverter-core/src/main/java/com/streamConverter/command/EnhancedCommandFactory.java",208,"LocalVariableCouldBeFinal","Code Style",3,"Local variable 'cached' could be declared final","EnhancedCommandFactory","createCached","cached"
"streamconverter-core/src/main/java/com/streamConverter/command/EnhancedCommandFactory.java",210,"GuardLogStatement","Best Practices",2,"Logger calls should be surrounded by log level guards.","EnhancedCommandFactory","createCached",""
"streamconverter-core/src/main/java/com/streamConverter/command/EnhancedCommandFactory.java",211,"OnlyOneReturn","Code Style",3,"A method should have only one exit point, and that should be the last statement in the method","EnhancedCommandFactory","createCached",""
"streamconverter-core/src/main/java/com/streamConverter/command/EnhancedCommandFactory.java",214,"LocalVariableCouldBeFinal","Code Style",3,"Local variable 'command' could be declared final","EnhancedCommandFactory","createCached","command"
"streamconverter-core/src/main/java/com/streamConverter/command/EnhancedCommandFactory.java",226,"MethodArgumentCouldBeFinal","Code Style",3,"Parameter 'configs' is not assigned and could be declared final","EnhancedCommandFactory","createPipelineOptimized","configs"
"streamconverter-core/src/main/java/com/streamConverter/command/EnhancedCommandFactory.java",243,"MethodArgumentCouldBeFinal","Code Style",3,"Parameter 'commandClass' is not assigned and could be declared final","EnhancedCommandFactory","createForControllerIntegration","commandClass"
"streamconverter-core/src/main/java/com/streamConverter/command/EnhancedCommandFactory.java",243,"LongVariable","Code Style",3,"Avoid excessively long variable names like enableDetailedLogging","EnhancedCommandFactory","createForControllerIntegration","enableDetailedLogging"
"streamconverter-core/src/main/java/com/streamConverter/command/EnhancedCommandFactory.java",243,"MethodArgumentCouldBeFinal","Code Style",3,"Parameter 'enableDetailedLogging' is not assigned and could be declared final","EnhancedCommandFactory","createForControllerIntegration","enableDetailedLogging"
"streamconverter-core/src/main/java/com/streamConverter/command/EnhancedCommandFactory.java",243,"MethodArgumentCouldBeFinal","Code Style",3,"Parameter 'args' is not assigned and could be declared final","EnhancedCommandFactory","createForControllerIntegration","args"
"streamconverter-core/src/main/java/com/streamConverter/command/EnhancedCommandFactory.java",253,"MethodArgumentCouldBeFinal","Code Style",3,"Parameter 'commandClass' is not assigned and could be declared final","EnhancedCommandFactory","createCommandWithLogging","commandClass"
"streamconverter-core/src/main/java/com/streamConverter/command/EnhancedCommandFactory.java",253,"LongVariable","Code Style",3,"Avoid excessively long variable names like enableDetailedLogging","EnhancedCommandFactory","createCommandWithLogging","enableDetailedLogging"
"streamconverter-core/src/main/java/com/streamConverter/command/EnhancedCommandFactory.java",253,"MethodArgumentCouldBeFinal","Code Style",3,"Parameter 'enableDetailedLogging' is not assigned and could be declared final","EnhancedCommandFactory","createCommandWithLogging","enableDetailedLogging"
"streamconverter-core/src/main/java/com/streamConverter/command/EnhancedCommandFactory.java",253,"MethodArgumentCouldBeFinal","Code Style",3,"Parameter 'args' is not assigned and could be declared final","EnhancedCommandFactory","createCommandWithLogging","args"
"streamconverter-core/src/main/java/com/streamConverter/command/EnhancedCommandFactory.java",256,"LocalVariableCouldBeFinal","Code Style",3,"Local variable 'command' could be declared final","EnhancedCommandFactory","createCommandWithLogging","command"
"streamconverter-core/src/main/java/com/streamConverter/command/EnhancedCommandFactory.java",259,"GuardLogStatement","Best Practices",2,"Logger calls should be surrounded by log level guards.","EnhancedCommandFactory","createCommandWithLogging",""
"streamconverter-core/src/main/java/com/streamConverter/command/EnhancedCommandFactory.java",269,"OnlyOneReturn","Code Style",3,"A method should have only one exit point, and that should be the last statement in the method","EnhancedCommandFactory","createCommandWithLogging",""
"streamconverter-core/src/main/java/com/streamConverter/command/EnhancedCommandFactory.java",272,"OnlyOneReturn","Code Style",3,"A method should have only one exit point, and that should be the last statement in the method","EnhancedCommandFactory","createCommandWithLogging",""
"streamconverter-core/src/main/java/com/streamConverter/command/EnhancedCommandFactory.java",279,"MethodArgumentCouldBeFinal","Code Style",3,"Parameter 'configs' is not assigned and could be declared final","EnhancedCommandFactory","createPipeline","configs"
"streamconverter-core/src/main/java/com/streamConverter/command/EnhancedCommandFactory.java",279,"LongVariable","Code Style",3,"Avoid excessively long variable names like enableDetailedLogging","EnhancedCommandFactory","createPipeline","enableDetailedLogging"
"streamconverter-core/src/main/java/com/streamConverter/command/EnhancedCommandFactory.java",279,"MethodArgumentCouldBeFinal","Code Style",3,"Parameter 'enableDetailedLogging' is not assigned and could be declared final","EnhancedCommandFactory","createPipeline","enableDetailedLogging"
"streamconverter-core/src/main/java/com/streamConverter/command/EnhancedCommandFactory.java",281,"LocalVariableCouldBeFinal","Code Style",3,"Local variable 'commands' could be declared final","EnhancedCommandFactory","createPipeline","commands"
"streamconverter-core/src/main/java/com/streamConverter/command/EnhancedCommandFactory.java",289,"LocalVariableCouldBeFinal","Code Style",3,"Local variable 'config' could be declared final","EnhancedCommandFactory","createPipeline","config"
"streamconverter-core/src/main/java/com/streamConverter/command/EnhancedCommandFactory.java",291,"LocalVariableCouldBeFinal","Code Style",3,"Local variable 'command' could be declared final","EnhancedCommandFactory","createPipeline","command"
"streamconverter-core/src/main/java/com/streamConverter/command/EnhancedCommandFactory.java",299,"AvoidCatchingGenericException","Design",3,"Avoid catching generic exceptions such as NullPointerException, RuntimeException, Exception in try-catch block","EnhancedCommandFactory","createPipeline",""
"streamconverter-core/src/main/java/com/streamConverter/command/EnhancedCommandFactory.java",300,"LocalVariableCouldBeFinal","Code Style",3,"Local variable 'message' could be declared final","EnhancedCommandFactory","createPipeline","message"
"streamconverter-core/src/main/java/com/streamConverter/command/EnhancedCommandFactory.java",313,"GuardLogStatement","Best Practices",2,"Logger calls should be surrounded by log level guards.","EnhancedCommandFactory","createPipeline",""
"streamconverter-core/src/main/java/com/streamConverter/command/IStreamCommand.java",1,"PackageCase","Code Style",3,"Package name contains upper case characters","IStreamCommand","",""
"streamconverter-core/src/main/java/com/streamConverter/command/IStreamCommand.java",22,"ImplicitFunctionalInterface","Best Practices",2,"Annotate this interface with @FunctionalInterface or with @SuppressWarnings(""PMD.ImplicitFunctionalInterface"") to clarify your intent.","IStreamCommand","",""
"streamconverter-core/src/main/java/com/streamConverter/command/IStreamCommand.java",35,"MethodArgumentCouldBeFinal","Code Style",3,"Parameter 'inputStream' is not assigned and could be declared final","IStreamCommand","execute","inputStream"
"streamconverter-core/src/main/java/com/streamConverter/command/IStreamCommand.java",35,"MethodArgumentCouldBeFinal","Code Style",3,"Parameter 'outputStream' is not assigned and could be declared final","IStreamCommand","execute","outputStream"
"streamconverter-core/src/main/java/com/streamConverter/command/LoggingDecorator.java",1,"PackageCase","Code Style",3,"Package name contains upper case characters","LoggingDecorator","",""
"streamconverter-core/src/main/java/com/streamConverter/command/LoggingDecorator.java",33,"MethodArgumentCouldBeFinal","Code Style",3,"Parameter 'delegate' is not assigned and could be declared final","LoggingDecorator","LoggingDecorator","delegate"
"streamconverter-core/src/main/java/com/streamConverter/command/LoggingDecorator.java",45,"MethodArgumentCouldBeFinal","Code Style",3,"Parameter 'delegate' is not assigned and could be declared final","LoggingDecorator","LoggingDecorator","delegate"
"streamconverter-core/src/main/java/com/streamConverter/command/LoggingDecorator.java",45,"MethodArgumentCouldBeFinal","Code Style",3,"Parameter 'loggerName' is not assigned and could be declared final","LoggingDecorator","LoggingDecorator","loggerName"
"streamconverter-core/src/main/java/com/streamConverter/command/LoggingDecorator.java",52,"MethodArgumentCouldBeFinal","Code Style",3,"Parameter 'inputStream' is not assigned and could be declared final","LoggingDecorator","execute","inputStream"
"streamconverter-core/src/main/java/com/streamConverter/command/LoggingDecorator.java",52,"MethodArgumentCouldBeFinal","Code Style",3,"Parameter 'outputStream' is not assigned and could be declared final","LoggingDecorator","execute","outputStream"
"streamconverter-core/src/main/java/com/streamConverter/command/LoggingDecorator.java",53,"LocalVariableCouldBeFinal","Code Style",3,"Local variable 'startTime' could be declared final","LoggingDecorator","execute","startTime"
"streamconverter-core/src/main/java/com/streamConverter/command/LoggingDecorator.java",56,"LocalVariableCouldBeFinal","Code Style",3,"Local variable 'isAbstractCommand' could be declared final","LoggingDecorator","execute","isAbstractCommand"
"streamconverter-core/src/main/java/com/streamConverter/command/LoggingDecorator.java",66,"GuardLogStatement","Best Practices",2,"Logger calls should be surrounded by log level guards.","LoggingDecorator","execute",""
"streamconverter-core/src/main/java/com/streamConverter/command/LoggingDecorator.java",67,"GuardLogStatement","Best Practices",2,"Logger calls should be surrounded by log level guards.","LoggingDecorator","execute",""
"streamconverter-core/src/main/java/com/streamConverter/command/LoggingDecorator.java",68,"GuardLogStatement","Best Practices",2,"Logger calls should be surrounded by log level guards.","LoggingDecorator","execute",""
"streamconverter-core/src/main/java/com/streamConverter/command/LoggingDecorator.java",71,"LocalVariableCouldBeFinal","Code Style",3,"Local variable 'currentThread' could be declared final","LoggingDecorator","execute","currentThread"
"streamconverter-core/src/main/java/com/streamConverter/command/LoggingDecorator.java",72,"GuardLogStatement","Best Practices",2,"Logger calls should be surrounded by log level guards.","LoggingDecorator","execute",""
"streamconverter-core/src/main/java/com/streamConverter/command/LoggingDecorator.java",75,"LocalVariableCouldBeFinal","Code Style",3,"Local variable 'runtime' could be declared final","LoggingDecorator","execute","runtime"
"streamconverter-core/src/main/java/com/streamConverter/command/LoggingDecorator.java",76,"LocalVariableCouldBeFinal","Code Style",3,"Local variable 'totalMemory' could be declared final","LoggingDecorator","execute","totalMemory"
"streamconverter-core/src/main/java/com/streamConverter/command/LoggingDecorator.java",77,"LocalVariableCouldBeFinal","Code Style",3,"Local variable 'freeMemory' could be declared final","LoggingDecorator","execute","freeMemory"
"streamconverter-core/src/main/java/com/streamConverter/command/LoggingDecorator.java",78,"LocalVariableCouldBeFinal","Code Style",3,"Local variable 'usedMemory' could be declared final","LoggingDecorator","execute","usedMemory"
"streamconverter-core/src/main/java/com/streamConverter/command/LoggingDecorator.java",80,"GuardLogStatement","Best Practices",2,"Logger calls should be surrounded by log level guards.","LoggingDecorator","execute",""
"streamconverter-core/src/main/java/com/streamConverter/command/LoggingDecorator.java",91,"LocalVariableCouldBeFinal","Code Style",3,"Local variable 'duration' could be declared final","LoggingDecorator","execute","duration"
"streamconverter-core/src/main/java/com/streamConverter/command/LoggingDecorator.java",102,"LocalVariableCouldBeFinal","Code Style",3,"Local variable 'usedMemoryAfter' could be declared final","LoggingDecorator","execute","usedMemoryAfter"
"streamconverter-core/src/main/java/com/streamConverter/command/LoggingDecorator.java",102,"UselessParentheses","Code Style",4,"Useless parentheses.","LoggingDecorator","execute","usedMemoryAfter"
"streamconverter-core/src/main/java/com/streamConverter/command/LoggingDecorator.java",103,"LocalVariableCouldBeFinal","Code Style",3,"Local variable 'memoryDiff' could be declared final","LoggingDecorator","execute","memoryDiff"
"streamconverter-core/src/main/java/com/streamConverter/command/LoggingDecorator.java",105,"GuardLogStatement","Best Practices",2,"Logger calls should be surrounded by log level guards.","LoggingDecorator","execute",""
"streamconverter-core/src/main/java/com/streamConverter/command/LoggingDecorator.java",113,"AvoidCatchingGenericException","Design",3,"Avoid catching generic exceptions such as NullPointerException, RuntimeException, Exception in try-catch block","LoggingDecorator","execute",""
"streamconverter-core/src/main/java/com/streamConverter/command/LoggingDecorator.java",115,"LocalVariableCouldBeFinal","Code Style",3,"Local variable 'duration' could be declared final","LoggingDecorator","execute","duration"
"streamconverter-core/src/main/java/com/streamConverter/command/LoggingDecorator.java",125,"GuardLogStatement","Best Practices",2,"Logger calls should be surrounded by log level guards.","LoggingDecorator","execute",""
"streamconverter-core/src/main/java/com/streamConverter/command/LoggingDecorator.java",126,"GuardLogStatement","Best Practices",2,"Logger calls should be surrounded by log level guards.","LoggingDecorator","execute",""
"streamconverter-core/src/main/java/com/streamConverter/command/LoggingDecorator.java",130,"LocalVariableCouldBeFinal","Code Style",3,"Local variable 'stackTrace' could be declared final","LoggingDecorator","execute","stackTrace"
"streamconverter-core/src/main/java/com/streamConverter/command/LoggingDecorator.java",147,"MethodArgumentCouldBeFinal","Code Style",3,"Parameter 'duration' is not assigned and could be declared final","LoggingDecorator","analyzePerformance","duration"
"streamconverter-core/src/main/java/com/streamConverter/command/LoggingDecorator.java",147,"MethodArgumentCouldBeFinal","Code Style",3,"Parameter 'memoryDiff' is not assigned and could be declared final","LoggingDecorator","analyzePerformance","memoryDiff"
"streamconverter-core/src/main/java/com/streamConverter/command/LoggingDecorator.java",149,"AvoidLiteralsInIfCondition","Error Prone",3,"Avoid using literals in if statements","LoggingDecorator","analyzePerformance",""
"streamconverter-core/src/main/java/com/streamConverter/command/LoggingDecorator.java",149,"UseUnderscoresInNumericLiterals","Code Style",3,"Number 10000 should separate every third digit with an underscore","LoggingDecorator","analyzePerformance",""
"streamconverter-core/src/main/java/com/streamConverter/command/LoggingDecorator.java",151,"AvoidLiteralsInIfCondition","Error Prone",3,"Avoid using literals in if statements","LoggingDecorator","analyzePerformance",""
"streamconverter-core/src/main/java/com/streamConverter/command/LoggingDecorator.java",156,"LocalVariableCouldBeFinal","Code Style",3,"Local variable 'memoryDiffMB' could be declared final","LoggingDecorator","analyzePerformance","memoryDiffMB"
"streamconverter-core/src/main/java/com/streamConverter/command/LoggingDecorator.java",157,"AvoidLiteralsInIfCondition","Error Prone",3,"Avoid using literals in if statements","LoggingDecorator","analyzePerformance",""
"streamconverter-core/src/main/java/com/streamConverter/command/LoggingDecorator.java",159,"AvoidLiteralsInIfCondition","Error Prone",3,"Avoid using literals in if statements","LoggingDecorator","analyzePerformance",""
"streamconverter-core/src/main/java/com/streamConverter/command/LoggingDecorator.java",179,"MethodArgumentCouldBeFinal","Code Style",3,"Parameter 'inputStream' is not assigned and could be declared final","LoggingDecorator","safeAvailable","inputStream"
"streamconverter-core/src/main/java/com/streamConverter/command/LoggingDecorator.java",181,"OnlyOneReturn","Code Style",3,"A method should have only one exit point, and that should be the last statement in the method","LoggingDecorator","safeAvailable",""
"streamconverter-core/src/main/java/com/streamConverter/command/LoggingDecorator.java",183,"GuardLogStatement","Best Practices",2,"Logger calls should be surrounded by log level guards.","LoggingDecorator","safeAvailable",""
"streamconverter-core/src/main/java/com/streamConverter/command/impl/CsvFilterCommand.java",1,"PackageCase","Code Style",3,"Package name contains upper case characters","CsvFilterCommand","",""
"streamconverter-core/src/main/java/com/streamConverter/command/impl/CsvFilterCommand.java",39,"CallSuperInConstructor","Code Style",3,"It is a good practice to call super() in a constructor","CsvFilterCommand","CsvFilterCommand",""
"streamconverter-core/src/main/java/com/streamConverter/command/impl/CsvFilterCommand.java",39,"MethodArgumentCouldBeFinal","Code Style",3,"Parameter 'columnSelector' is not assigned and could be declared final","CsvFilterCommand","CsvFilterCommand","columnSelector"
"streamconverter-core/src/main/java/com/streamConverter/command/impl/CsvFilterCommand.java",39,"MethodArgumentCouldBeFinal","Code Style",3,"Parameter 'hasHeader' is not assigned and could be declared final","CsvFilterCommand","CsvFilterCommand","hasHeader"
"streamconverter-core/src/main/java/com/streamConverter/command/impl/CsvFilterCommand.java",40,"InefficientEmptyStringCheck","Performance",3,"String.trim().length() == 0 / String.trim().isEmpty() is an inefficient way to validate a blank String.","CsvFilterCommand","CsvFilterCommand",""
"streamconverter-core/src/main/java/com/streamConverter/command/impl/CsvFilterCommand.java",54,"CallSuperInConstructor","Code Style",3,"It is a good practice to call super() in a constructor","CsvFilterCommand","CsvFilterCommand",""
"streamconverter-core/src/main/java/com/streamConverter/command/impl/CsvFilterCommand.java",54,"MethodArgumentCouldBeFinal","Code Style",3,"Parameter 'columnSelectors' is not assigned and could be declared final","CsvFilterCommand","CsvFilterCommand","columnSelectors"
"streamconverter-core/src/main/java/com/streamConverter/command/impl/CsvFilterCommand.java",54,"MethodArgumentCouldBeFinal","Code Style",3,"Parameter 'hasHeader' is not assigned and could be declared final","CsvFilterCommand","CsvFilterCommand","hasHeader"
"streamconverter-core/src/main/java/com/streamConverter/command/impl/CsvFilterCommand.java",67,"MethodArgumentCouldBeFinal","Code Style",3,"Parameter 'columnSelector' is not assigned and could be declared final","CsvFilterCommand","CsvFilterCommand","columnSelector"
"streamconverter-core/src/main/java/com/streamConverter/command/impl/CsvFilterCommand.java",76,"MethodArgumentCouldBeFinal","Code Style",3,"Parameter 'columnSelectors' is not assigned and could be declared final","CsvFilterCommand","CsvFilterCommand","columnSelectors"
"streamconverter-core/src/main/java/com/streamConverter/command/impl/CsvFilterCommand.java",86,"MethodArgumentCouldBeFinal","Code Style",3,"Parameter 'inputStream' is not assigned and could be declared final","CsvFilterCommand","executeInternal","inputStream"
"streamconverter-core/src/main/java/com/streamConverter/command/impl/CsvFilterCommand.java",86,"MethodArgumentCouldBeFinal","Code Style",3,"Parameter 'outputStream' is not assigned and could be declared final","CsvFilterCommand","executeInternal","outputStream"
"streamconverter-core/src/main/java/com/streamConverter/command/impl/CsvFilterCommand.java",92,"UnusedAssignment","Best Practices",3,"The initializer for variable 'columnIndices' is never used (overwritten on lines 108 and 115)","CsvFilterCommand","executeInternal","columnIndices"
"streamconverter-core/src/main/java/com/streamConverter/command/impl/CsvFilterCommand.java",93,"PrematureDeclaration","Code Style",3,"Declaration of 'headers' can be moved closer to its usages","CsvFilterCommand","executeInternal","headers"
"streamconverter-core/src/main/java/com/streamConverter/command/impl/CsvFilterCommand.java",93,"UnusedAssignment","Best Practices",3,"The initializer for variable 'headers' is never used (overwritten on line 106)","CsvFilterCommand","executeInternal","headers"
"streamconverter-core/src/main/java/com/streamConverter/command/impl/CsvFilterCommand.java",96,"LocalVariableCouldBeFinal","Code Style",3,"Local variable 'firstLine' could be declared final","CsvFilterCommand","executeInternal","firstLine"
"streamconverter-core/src/main/java/com/streamConverter/command/impl/CsvFilterCommand.java",103,"LocalVariableCouldBeFinal","Code Style",3,"Local variable 'firstRowFields' could be declared final","CsvFilterCommand","executeInternal","firstRowFields"
"streamconverter-core/src/main/java/com/streamConverter/command/impl/CsvFilterCommand.java",124,"AssignmentInOperand","Error Prone",3,"Avoid assignments in operands","CsvFilterCommand","executeInternal",""
"streamconverter-core/src/main/java/com/streamConverter/command/impl/CsvFilterCommand.java",125,"LocalVariableCouldBeFinal","Code Style",3,"Local variable 'fields' could be declared final","CsvFilterCommand","executeInternal","fields"
"streamconverter-core/src/main/java/com/streamConverter/command/impl/CsvFilterCommand.java",142,"CognitiveComplexity","Design",3,"The method 'mapColumnSelectorsToIndices(List<String>, String[])' has a cognitive complexity of 17, current threshold is 15","CsvFilterCommand","mapColumnSelectorsToIndices",""
"streamconverter-core/src/main/java/com/streamConverter/command/impl/CsvFilterCommand.java",142,"CyclomaticComplexity","Design",3,"The method 'mapColumnSelectorsToIndices(List<String>, String[])' has a cyclomatic complexity of 10.","CsvFilterCommand","mapColumnSelectorsToIndices",""
"streamconverter-core/src/main/java/com/streamConverter/command/impl/CsvFilterCommand.java",142,"MethodArgumentCouldBeFinal","Code Style",3,"Parameter 'selectors' is not assigned and could be declared final","CsvFilterCommand","mapColumnSelectorsToIndices","selectors"
"streamconverter-core/src/main/java/com/streamConverter/command/impl/CsvFilterCommand.java",142,"UseVarargs","Best Practices",4,"Consider using varargs for methods or constructors which take an array the last parameter.","CsvFilterCommand","mapColumnSelectorsToIndices","headers"
"streamconverter-core/src/main/java/com/streamConverter/command/impl/CsvFilterCommand.java",142,"MethodArgumentCouldBeFinal","Code Style",3,"Parameter 'headers' is not assigned and could be declared final","CsvFilterCommand","mapColumnSelectorsToIndices","headers"
"streamconverter-core/src/main/java/com/streamConverter/command/impl/CsvFilterCommand.java",143,"LocalVariableCouldBeFinal","Code Style",3,"Local variable 'indices' could be declared final","CsvFilterCommand","mapColumnSelectorsToIndices","indices"
"streamconverter-core/src/main/java/com/streamConverter/command/impl/CsvFilterCommand.java",145,"LocalVariableCouldBeFinal","Code Style",3,"Local variable 'selector' could be declared final","CsvFilterCommand","mapColumnSelectorsToIndices","selector"
"streamconverter-core/src/main/java/com/streamConverter/command/impl/CsvFilterCommand.java",159,"LocalVariableCouldBeFinal","Code Style",3,"Local variable 'index' could be declared final","CsvFilterCommand","mapColumnSelectorsToIndices","index"
"streamconverter-core/src/main/java/com/streamConverter/command/impl/CsvFilterCommand.java",164,"EmptyCatchBlock","Error Prone",3,"Avoid empty catch blocks","CsvFilterCommand","mapColumnSelectorsToIndices",""
"streamconverter-core/src/main/java/com/streamConverter/command/impl/CsvFilterCommand.java",185,"MethodArgumentCouldBeFinal","Code Style",3,"Parameter 'selectors' is not assigned and could be declared final","CsvFilterCommand","parseNumericColumnSelectors","selectors"
"streamconverter-core/src/main/java/com/streamConverter/command/impl/CsvFilterCommand.java",185,"MethodArgumentCouldBeFinal","Code Style",3,"Parameter 'totalColumns' is not assigned and could be declared final","CsvFilterCommand","parseNumericColumnSelectors","totalColumns"
"streamconverter-core/src/main/java/com/streamConverter/command/impl/CsvFilterCommand.java",186,"LocalVariableCouldBeFinal","Code Style",3,"Local variable 'indices' could be declared final","CsvFilterCommand","parseNumericColumnSelectors","indices"
"streamconverter-core/src/main/java/com/streamConverter/command/impl/CsvFilterCommand.java",188,"LocalVariableCouldBeFinal","Code Style",3,"Local variable 'selector' could be declared final","CsvFilterCommand","parseNumericColumnSelectors","selector"
"streamconverter-core/src/main/java/com/streamConverter/command/impl/CsvFilterCommand.java",190,"LocalVariableCouldBeFinal","Code Style",3,"Local variable 'index' could be declared final","CsvFilterCommand","parseNumericColumnSelectors","index"
"streamconverter-core/src/main/java/com/streamConverter/command/impl/CsvFilterCommand.java",196,"PreserveStackTrace","Best Practices",3,"Thrown exception does not preserve the stack trace of exception 'e' on all code paths","CsvFilterCommand","parseNumericColumnSelectors",""
"streamconverter-core/src/main/java/com/streamConverter/command/impl/CsvFilterCommand.java",210,"MethodArgumentCouldBeFinal","Code Style",3,"Parameter 'line' is not assigned and could be declared final","CsvFilterCommand","parseCsvLine","line"
"streamconverter-core/src/main/java/com/streamConverter/command/impl/CsvFilterCommand.java",214,"OnlyOneReturn","Code Style",3,"A method should have only one exit point, and that should be the last statement in the method","CsvFilterCommand","parseCsvLine",""
"streamconverter-core/src/main/java/com/streamConverter/command/impl/CsvFilterCommand.java",217,"LocalVariableCouldBeFinal","Code Style",3,"Local variable 'fields' could be declared final","CsvFilterCommand","parseCsvLine","fields"
"streamconverter-core/src/main/java/com/streamConverter/command/impl/CsvFilterCommand.java",218,"LocalVariableCouldBeFinal","Code Style",3,"Local variable 'current' could be declared final","CsvFilterCommand","parseCsvLine","current"
"streamconverter-core/src/main/java/com/streamConverter/command/impl/CsvFilterCommand.java",222,"ShortVariable","Code Style",3,"Avoid variables with short names like c","CsvFilterCommand","parseCsvLine","c"
"streamconverter-core/src/main/java/com/streamConverter/command/impl/CsvFilterCommand.java",222,"LocalVariableCouldBeFinal","Code Style",3,"Local variable 'c' could be declared final","CsvFilterCommand","parseCsvLine","c"
"streamconverter-core/src/main/java/com/streamConverter/command/impl/CsvFilterCommand.java",224,"AvoidLiteralsInIfCondition","Error Prone",3,"Avoid using literals in if statements","CsvFilterCommand","parseCsvLine",""
"streamconverter-core/src/main/java/com/streamConverter/command/impl/CsvFilterCommand.java",246,"MethodArgumentCouldBeFinal","Code Style",3,"Parameter 'writer' is not assigned and could be declared final","CsvFilterCommand","writeFilteredRow","writer"
"streamconverter-core/src/main/java/com/streamConverter/command/impl/CsvFilterCommand.java",246,"MethodArgumentCouldBeFinal","Code Style",3,"Parameter 'fields' is not assigned and could be declared final","CsvFilterCommand","writeFilteredRow","fields"
"streamconverter-core/src/main/java/com/streamConverter/command/impl/CsvFilterCommand.java",246,"MethodArgumentCouldBeFinal","Code Style",3,"Parameter 'columnIndices' is not assigned and could be declared final","CsvFilterCommand","writeFilteredRow","columnIndices"
"streamconverter-core/src/main/java/com/streamConverter/command/impl/CsvFilterCommand.java",253,"LocalVariableCouldBeFinal","Code Style",3,"Local variable 'columnIndex' could be declared final","CsvFilterCommand","writeFilteredRow","columnIndex"
"streamconverter-core/src/main/java/com/streamConverter/command/impl/CsvFilterCommand.java",255,"LocalVariableCouldBeFinal","Code Style",3,"Local variable 'field' could be declared final","CsvFilterCommand","writeFilteredRow","field"
"streamconverter-core/src/main/java/com/streamConverter/command/impl/CsvNavigateCommand.java",1,"PackageCase","Code Style",3,"Package name contains upper case characters","CsvNavigateCommand","",""
"streamconverter-core/src/main/java/com/streamConverter/command/impl/CsvNavigateCommand.java",26,"SingularField","Design",3,"Perhaps 'columnIndex' could be replaced by a local variable.","CsvNavigateCommand","","columnIndex"
"streamconverter-core/src/main/java/com/streamConverter/command/impl/CsvNavigateCommand.java",35,"CallSuperInConstructor","Code Style",3,"It is a good practice to call super() in a constructor","CsvNavigateCommand","CsvNavigateCommand",""
"streamconverter-core/src/main/java/com/streamConverter/command/impl/CsvNavigateCommand.java",35,"MethodArgumentCouldBeFinal","Code Style",3,"Parameter 'columnSelector' is not assigned and could be declared final","CsvNavigateCommand","CsvNavigateCommand","columnSelector"
"streamconverter-core/src/main/java/com/streamConverter/command/impl/CsvNavigateCommand.java",35,"MethodArgumentCouldBeFinal","Code Style",3,"Parameter 'rule' is not assigned and could be declared final","CsvNavigateCommand","CsvNavigateCommand","rule"
"streamconverter-core/src/main/java/com/streamConverter/command/impl/CsvNavigateCommand.java",53,"MethodArgumentCouldBeFinal","Code Style",3,"Parameter 'columnSelector' is not assigned and could be declared final","CsvNavigateCommand","CsvNavigateCommand","columnSelector"
"streamconverter-core/src/main/java/com/streamConverter/command/impl/CsvNavigateCommand.java",77,"MethodArgumentCouldBeFinal","Code Style",3,"Parameter 'columnSelector' is not assigned and could be declared final","CsvNavigateCommand","extractOnly","columnSelector"
"streamconverter-core/src/main/java/com/streamConverter/command/impl/CsvNavigateCommand.java",93,"LocalVariableCouldBeFinal","Code Style",3,"Local variable 'selectorInfo' could be declared final","CsvNavigateCommand","getCommandDetails","selectorInfo"
"streamconverter-core/src/main/java/com/streamConverter/command/impl/CsvNavigateCommand.java",102,"MethodArgumentCouldBeFinal","Code Style",3,"Parameter 'inputStream' is not assigned and could be declared final","CsvNavigateCommand","executeInternal","inputStream"
"streamconverter-core/src/main/java/com/streamConverter/command/impl/CsvNavigateCommand.java",102,"MethodArgumentCouldBeFinal","Code Style",3,"Parameter 'outputStream' is not assigned and could be declared final","CsvNavigateCommand","executeInternal","outputStream"
"streamconverter-core/src/main/java/com/streamConverter/command/impl/CsvNavigateCommand.java",119,"MethodArgumentCouldBeFinal","Code Style",3,"Parameter 'reader' is not assigned and could be declared final","CsvNavigateCommand","applyRuleToEntireCsv","reader"
"streamconverter-core/src/main/java/com/streamConverter/command/impl/CsvNavigateCommand.java",119,"MethodArgumentCouldBeFinal","Code Style",3,"Parameter 'writer' is not assigned and could be declared final","CsvNavigateCommand","applyRuleToEntireCsv","writer"
"streamconverter-core/src/main/java/com/streamConverter/command/impl/CsvNavigateCommand.java",124,"AssignmentInOperand","Error Prone",3,"Avoid assignments in operands","CsvNavigateCommand","applyRuleToEntireCsv",""
"streamconverter-core/src/main/java/com/streamConverter/command/impl/CsvNavigateCommand.java",130,"LocalVariableCouldBeFinal","Code Style",3,"Local variable 'transformedLine' could be declared final","CsvNavigateCommand","applyRuleToEntireCsv","transformedLine"
"streamconverter-core/src/main/java/com/streamConverter/command/impl/CsvNavigateCommand.java",140,"MethodArgumentCouldBeFinal","Code Style",3,"Parameter 'reader' is not assigned and could be declared final","CsvNavigateCommand","applyRuleToColumn","reader"
"streamconverter-core/src/main/java/com/streamConverter/command/impl/CsvNavigateCommand.java",140,"MethodArgumentCouldBeFinal","Code Style",3,"Parameter 'writer' is not assigned and could be declared final","CsvNavigateCommand","applyRuleToColumn","writer"
"streamconverter-core/src/main/java/com/streamConverter/command/impl/CsvNavigateCommand.java",141,"LocalVariableCouldBeFinal","Code Style",3,"Local variable 'headerLine' could be declared final","CsvNavigateCommand","applyRuleToColumn","headerLine"
"streamconverter-core/src/main/java/com/streamConverter/command/impl/CsvNavigateCommand.java",146,"LocalVariableCouldBeFinal","Code Style",3,"Local variable 'headers' could be declared final","CsvNavigateCommand","applyRuleToColumn","headers"
"streamconverter-core/src/main/java/com/streamConverter/command/impl/CsvNavigateCommand.java",160,"AssignmentInOperand","Error Prone",3,"Avoid assignments in operands","CsvNavigateCommand","applyRuleToColumn",""
"streamconverter-core/src/main/java/com/streamConverter/command/impl/CsvNavigateCommand.java",161,"LocalVariableCouldBeFinal","Code Style",3,"Local variable 'values' could be declared final","CsvNavigateCommand","applyRuleToColumn","values"
"streamconverter-core/src/main/java/com/streamConverter/command/impl/CsvNavigateCommand.java",175,"MethodArgumentCouldBeFinal","Code Style",3,"Parameter 'line' is not assigned and could be declared final","CsvNavigateCommand","parseCSVLine","line"
"streamconverter-core/src/main/java/com/streamConverter/command/impl/CsvNavigateCommand.java",180,"UseVarargs","Best Practices",4,"Consider using varargs for methods or constructors which take an array the last parameter.","CsvNavigateCommand","formatCsvRow","values"
"streamconverter-core/src/main/java/com/streamConverter/command/impl/CsvNavigateCommand.java",180,"MethodArgumentCouldBeFinal","Code Style",3,"Parameter 'values' is not assigned and could be declared final","CsvNavigateCommand","formatCsvRow","values"
"streamconverter-core/src/main/java/com/streamConverter/command/impl/CsvNavigateCommand.java",181,"LocalVariableCouldBeFinal","Code Style",3,"Local variable 'row' could be declared final","CsvNavigateCommand","formatCsvRow","row"
"streamconverter-core/src/main/java/com/streamConverter/command/impl/CsvNavigateCommand.java",184,"AppendCharacterWithChar","Performance",3,"Avoid appending characters as strings in StringBuffer.append.","CsvNavigateCommand","formatCsvRow",""
"streamconverter-core/src/main/java/com/streamConverter/command/impl/CsvNavigateCommand.java",192,"MethodArgumentCouldBeFinal","Code Style",3,"Parameter 'value' is not assigned and could be declared final","CsvNavigateCommand","escapeCsvValue","value"
"streamconverter-core/src/main/java/com/streamConverter/command/impl/CsvNavigateCommand.java",194,"OnlyOneReturn","Code Style",3,"A method should have only one exit point, and that should be the last statement in the method","CsvNavigateCommand","escapeCsvValue",""
"streamconverter-core/src/main/java/com/streamConverter/command/impl/CsvNavigateCommand.java",203,"OnlyOneReturn","Code Style",3,"A method should have only one exit point, and that should be the last statement in the method","CsvNavigateCommand","escapeCsvValue",""
"streamconverter-core/src/main/java/com/streamConverter/command/impl/CsvNavigateCommand.java",209,"MethodArgumentCouldBeFinal","Code Style",3,"Parameter 'headers' is not assigned and could be declared final","CsvNavigateCommand","findColumnIndex","headers"
"streamconverter-core/src/main/java/com/streamConverter/command/impl/CsvNavigateCommand.java",209,"MethodArgumentCouldBeFinal","Code Style",3,"Parameter 'selector' is not assigned and could be declared final","CsvNavigateCommand","findColumnIndex","selector"
"streamconverter-core/src/main/java/com/streamConverter/command/impl/CsvNavigateCommand.java",213,"OnlyOneReturn","Code Style",3,"A method should have only one exit point, and that should be the last statement in the method","CsvNavigateCommand","findColumnIndex",""
"streamconverter-core/src/main/java/com/streamConverter/command/impl/CsvNavigateCommand.java",219,"LocalVariableCouldBeFinal","Code Style",3,"Local variable 'index' could be declared final","CsvNavigateCommand","findColumnIndex","index"
"streamconverter-core/src/main/java/com/streamConverter/command/impl/CsvNavigateCommand.java",221,"OnlyOneReturn","Code Style",3,"A method should have only one exit point, and that should be the last statement in the method","CsvNavigateCommand","findColumnIndex",""
"streamconverter-core/src/main/java/com/streamConverter/command/impl/CsvNavigateCommand.java",223,"EmptyCatchBlock","Error Prone",3,"Avoid empty catch blocks","CsvNavigateCommand","findColumnIndex",""
"streamconverter-core/src/main/java/com/streamConverter/command/impl/JsonFilterCommand.java",1,"PackageCase","Code Style",3,"Package name contains upper case characters","JsonFilterCommand","",""
"streamconverter-core/src/main/java/com/streamConverter/command/impl/JsonFilterCommand.java",37,"CallSuperInConstructor","Code Style",3,"It is a good practice to call super() in a constructor","JsonFilterCommand","JsonFilterCommand",""
"streamconverter-core/src/main/java/com/streamConverter/command/impl/JsonFilterCommand.java",37,"MethodArgumentCouldBeFinal","Code Style",3,"Parameter 'jsonPath' is not assigned and could be declared final","JsonFilterCommand","JsonFilterCommand","jsonPath"
"streamconverter-core/src/main/java/com/streamConverter/command/impl/JsonFilterCommand.java",38,"InefficientEmptyStringCheck","Performance",3,"String.trim().length() == 0 / String.trim().isEmpty() is an inefficient way to validate a blank String.","JsonFilterCommand","JsonFilterCommand",""
"streamconverter-core/src/main/java/com/streamConverter/command/impl/JsonFilterCommand.java",50,"MethodArgumentCouldBeFinal","Code Style",3,"Parameter 'inputStream' is not assigned and could be declared final","JsonFilterCommand","executeInternal","inputStream"
"streamconverter-core/src/main/java/com/streamConverter/command/impl/JsonFilterCommand.java",50,"MethodArgumentCouldBeFinal","Code Style",3,"Parameter 'outputStream' is not assigned and could be declared final","JsonFilterCommand","executeInternal","outputStream"
"streamconverter-core/src/main/java/com/streamConverter/command/impl/JsonFilterCommand.java",57,"LocalVariableCouldBeFinal","Code Style",3,"Local variable 'jsonContent' could be declared final","JsonFilterCommand","executeInternal","jsonContent"
"streamconverter-core/src/main/java/com/streamConverter/command/impl/JsonFilterCommand.java",59,"InefficientEmptyStringCheck","Performance",3,"String.trim().length() == 0 / String.trim().isEmpty() is an inefficient way to validate a blank String.","JsonFilterCommand","executeInternal",""
"streamconverter-core/src/main/java/com/streamConverter/command/impl/JsonFilterCommand.java",60,"AvoidDuplicateLiterals","Error Prone",3,"The String literal ""null"" appears 4 times in this file; the first occurrence is on line 60","JsonFilterCommand","executeInternal",""
"streamconverter-core/src/main/java/com/streamConverter/command/impl/JsonFilterCommand.java",67,"LocalVariableCouldBeFinal","Code Style",3,"Local variable 'result' could be declared final","JsonFilterCommand","executeInternal","result"
"streamconverter-core/src/main/java/com/streamConverter/command/impl/JsonFilterCommand.java",71,"AvoidCatchingGenericException","Design",3,"Avoid catching generic exceptions such as NullPointerException, RuntimeException, Exception in try-catch block","JsonFilterCommand","executeInternal",""
"streamconverter-core/src/main/java/com/streamConverter/command/impl/JsonFilterCommand.java",86,"MethodArgumentCouldBeFinal","Code Style",3,"Parameter 'reader' is not assigned and could be declared final","JsonFilterCommand","readJsonContent","reader"
"streamconverter-core/src/main/java/com/streamConverter/command/impl/JsonFilterCommand.java",87,"LocalVariableCouldBeFinal","Code Style",3,"Local variable 'jsonBuilder' could be declared final","JsonFilterCommand","readJsonContent","jsonBuilder"
"streamconverter-core/src/main/java/com/streamConverter/command/impl/JsonFilterCommand.java",88,"LocalVariableCouldBeFinal","Code Style",3,"Local variable 'buffer' could be declared final","JsonFilterCommand","readJsonContent","buffer"
"streamconverter-core/src/main/java/com/streamConverter/command/impl/JsonFilterCommand.java",92,"AssignmentInOperand","Error Prone",3,"Avoid assignments in operands","JsonFilterCommand","readJsonContent",""
"streamconverter-core/src/main/java/com/streamConverter/command/impl/JsonFilterCommand.java",114,"MethodArgumentCouldBeFinal","Code Style",3,"Parameter 'jsonContent' is not assigned and could be declared final","JsonFilterCommand","extractJsonValue","jsonContent"
"streamconverter-core/src/main/java/com/streamConverter/command/impl/JsonFilterCommand.java",114,"MethodArgumentCouldBeFinal","Code Style",3,"Parameter 'path' is not assigned and could be declared final","JsonFilterCommand","extractJsonValue","path"
"streamconverter-core/src/main/java/com/streamConverter/command/impl/JsonFilterCommand.java",116,"AvoidLiteralsInIfCondition","Error Prone",3,"Avoid using literals in if statements","JsonFilterCommand","extractJsonValue",""
"streamconverter-core/src/main/java/com/streamConverter/command/impl/JsonFilterCommand.java",117,"OnlyOneReturn","Code Style",3,"A method should have only one exit point, and that should be the last statement in the method","JsonFilterCommand","extractJsonValue",""
"streamconverter-core/src/main/java/com/streamConverter/command/impl/JsonFilterCommand.java",121,"UseIndexOfChar","Performance",3,"String.indexOf(char) is faster than String.indexOf(String).","JsonFilterCommand","extractJsonValue",""
"streamconverter-core/src/main/java/com/streamConverter/command/impl/JsonFilterCommand.java",122,"LocalVariableCouldBeFinal","Code Style",3,"Local variable 'property' could be declared final","JsonFilterCommand","extractJsonValue","property"
"streamconverter-core/src/main/java/com/streamConverter/command/impl/JsonFilterCommand.java",123,"OnlyOneReturn","Code Style",3,"A method should have only one exit point, and that should be the last statement in the method","JsonFilterCommand","extractJsonValue",""
"streamconverter-core/src/main/java/com/streamConverter/command/impl/JsonFilterCommand.java",138,"MethodArgumentCouldBeFinal","Code Style",3,"Parameter 'jsonContent' is not assigned and could be declared final","JsonFilterCommand","extractSimpleProperty","jsonContent"
"streamconverter-core/src/main/java/com/streamConverter/command/impl/JsonFilterCommand.java",138,"MethodArgumentCouldBeFinal","Code Style",3,"Parameter 'property' is not assigned and could be declared final","JsonFilterCommand","extractSimpleProperty","property"
"streamconverter-core/src/main/java/com/streamConverter/command/impl/JsonFilterCommand.java",139,"LocalVariableCouldBeFinal","Code Style",3,"Local variable 'searchPattern' could be declared final","JsonFilterCommand","extractSimpleProperty","searchPattern"
"streamconverter-core/src/main/java/com/streamConverter/command/impl/JsonFilterCommand.java",140,"LocalVariableCouldBeFinal","Code Style",3,"Local variable 'propertyStart' could be declared final","JsonFilterCommand","extractSimpleProperty","propertyStart"
"streamconverter-core/src/main/java/com/streamConverter/command/impl/JsonFilterCommand.java",143,"OnlyOneReturn","Code Style",3,"A method should have only one exit point, and that should be the last statement in the method","JsonFilterCommand","extractSimpleProperty",""
"streamconverter-core/src/main/java/com/streamConverter/command/impl/JsonFilterCommand.java",147,"LocalVariableCouldBeFinal","Code Style",3,"Local variable 'colonIndex' could be declared final","JsonFilterCommand","extractSimpleProperty","colonIndex"
"streamconverter-core/src/main/java/com/streamConverter/command/impl/JsonFilterCommand.java",155,"OnlyOneReturn","Code Style",3,"A method should have only one exit point, and that should be the last statement in the method","JsonFilterCommand","extractSimpleProperty",""
"streamconverter-core/src/main/java/com/streamConverter/command/impl/JsonFilterCommand.java",159,"LocalVariableCouldBeFinal","Code Style",3,"Local variable 'firstChar' could be declared final","JsonFilterCommand","extractSimpleProperty","firstChar"
"streamconverter-core/src/main/java/com/streamConverter/command/impl/JsonFilterCommand.java",161,"AvoidLiteralsInIfCondition","Error Prone",3,"Avoid using literals in if statements","JsonFilterCommand","extractSimpleProperty",""
"streamconverter-core/src/main/java/com/streamConverter/command/impl/JsonFilterCommand.java",163,"OnlyOneReturn","Code Style",3,"A method should have only one exit point, and that should be the last statement in the method","JsonFilterCommand","extractSimpleProperty",""
"streamconverter-core/src/main/java/com/streamConverter/command/impl/JsonFilterCommand.java",164,"AvoidLiteralsInIfCondition","Error Prone",3,"Avoid using literals in if statements","JsonFilterCommand","extractSimpleProperty",""
"streamconverter-core/src/main/java/com/streamConverter/command/impl/JsonFilterCommand.java",166,"OnlyOneReturn","Code Style",3,"A method should have only one exit point, and that should be the last statement in the method","JsonFilterCommand","extractSimpleProperty",""
"streamconverter-core/src/main/java/com/streamConverter/command/impl/JsonFilterCommand.java",167,"AvoidLiteralsInIfCondition","Error Prone",3,"Avoid using literals in if statements","JsonFilterCommand","extractSimpleProperty",""
"streamconverter-core/src/main/java/com/streamConverter/command/impl/JsonFilterCommand.java",169,"OnlyOneReturn","Code Style",3,"A method should have only one exit point, and that should be the last statement in the method","JsonFilterCommand","extractSimpleProperty",""
"streamconverter-core/src/main/java/com/streamConverter/command/impl/JsonFilterCommand.java",176,"MethodArgumentCouldBeFinal","Code Style",3,"Parameter 'json' is not assigned and could be declared final","JsonFilterCommand","extractQuotedString","json"
"streamconverter-core/src/main/java/com/streamConverter/command/impl/JsonFilterCommand.java",176,"MethodArgumentCouldBeFinal","Code Style",3,"Parameter 'start' is not assigned and could be declared final","JsonFilterCommand","extractQuotedString","start"
"streamconverter-core/src/main/java/com/streamConverter/command/impl/JsonFilterCommand.java",177,"LocalVariableCouldBeFinal","Code Style",3,"Local variable 'result' could be declared final","JsonFilterCommand","extractQuotedString","result"
"streamconverter-core/src/main/java/com/streamConverter/command/impl/JsonFilterCommand.java",179,"ShortVariable","Code Style",3,"Avoid variables with short names like i","JsonFilterCommand","extractQuotedString","i"
"streamconverter-core/src/main/java/com/streamConverter/command/impl/JsonFilterCommand.java",182,"ShortVariable","Code Style",3,"Avoid variables with short names like c","JsonFilterCommand","extractQuotedString","c"
"streamconverter-core/src/main/java/com/streamConverter/command/impl/JsonFilterCommand.java",182,"LocalVariableCouldBeFinal","Code Style",3,"Local variable 'c' could be declared final","JsonFilterCommand","extractQuotedString","c"
"streamconverter-core/src/main/java/com/streamConverter/command/impl/JsonFilterCommand.java",194,"MethodArgumentCouldBeFinal","Code Style",3,"Parameter 'json' is not assigned and could be declared final","JsonFilterCommand","extractJsonObject","json"
"streamconverter-core/src/main/java/com/streamConverter/command/impl/JsonFilterCommand.java",194,"MethodArgumentCouldBeFinal","Code Style",3,"Parameter 'start' is not assigned and could be declared final","JsonFilterCommand","extractJsonObject","start"
"streamconverter-core/src/main/java/com/streamConverter/command/impl/JsonFilterCommand.java",195,"LocalVariableCouldBeFinal","Code Style",3,"Local variable 'result' could be declared final","JsonFilterCommand","extractJsonObject","result"
"streamconverter-core/src/main/java/com/streamConverter/command/impl/JsonFilterCommand.java",199,"ShortVariable","Code Style",3,"Avoid variables with short names like c","JsonFilterCommand","extractJsonObject","c"
"streamconverter-core/src/main/java/com/streamConverter/command/impl/JsonFilterCommand.java",199,"LocalVariableCouldBeFinal","Code Style",3,"Local variable 'c' could be declared final","JsonFilterCommand","extractJsonObject","c"
"streamconverter-core/src/main/java/com/streamConverter/command/impl/JsonFilterCommand.java",202,"AvoidLiteralsInIfCondition","Error Prone",3,"Avoid using literals in if statements","JsonFilterCommand","extractJsonObject",""
"streamconverter-core/src/main/java/com/streamConverter/command/impl/JsonFilterCommand.java",202,"ControlStatementBraces","Code Style",3,"This statement should have braces","JsonFilterCommand","extractJsonObject",""
"streamconverter-core/src/main/java/com/streamConverter/command/impl/JsonFilterCommand.java",203,"AvoidLiteralsInIfCondition","Error Prone",3,"Avoid using literals in if statements","JsonFilterCommand","extractJsonObject",""
"streamconverter-core/src/main/java/com/streamConverter/command/impl/JsonFilterCommand.java",203,"ControlStatementBraces","Code Style",3,"This statement should have braces","JsonFilterCommand","extractJsonObject",""
"streamconverter-core/src/main/java/com/streamConverter/command/impl/JsonFilterCommand.java",205,"ControlStatementBraces","Code Style",3,"This statement should have braces","JsonFilterCommand","extractJsonObject",""
"streamconverter-core/src/main/java/com/streamConverter/command/impl/JsonFilterCommand.java",211,"MethodArgumentCouldBeFinal","Code Style",3,"Parameter 'json' is not assigned and could be declared final","JsonFilterCommand","extractJsonArray","json"
"streamconverter-core/src/main/java/com/streamConverter/command/impl/JsonFilterCommand.java",211,"MethodArgumentCouldBeFinal","Code Style",3,"Parameter 'start' is not assigned and could be declared final","JsonFilterCommand","extractJsonArray","start"
"streamconverter-core/src/main/java/com/streamConverter/command/impl/JsonFilterCommand.java",212,"LocalVariableCouldBeFinal","Code Style",3,"Local variable 'result' could be declared final","JsonFilterCommand","extractJsonArray","result"
"streamconverter-core/src/main/java/com/streamConverter/command/impl/JsonFilterCommand.java",216,"ShortVariable","Code Style",3,"Avoid variables with short names like c","JsonFilterCommand","extractJsonArray","c"
"streamconverter-core/src/main/java/com/streamConverter/command/impl/JsonFilterCommand.java",216,"LocalVariableCouldBeFinal","Code Style",3,"Local variable 'c' could be declared final","JsonFilterCommand","extractJsonArray","c"
"streamconverter-core/src/main/java/com/streamConverter/command/impl/JsonFilterCommand.java",219,"AvoidLiteralsInIfCondition","Error Prone",3,"Avoid using literals in if statements","JsonFilterCommand","extractJsonArray",""
"streamconverter-core/src/main/java/com/streamConverter/command/impl/JsonFilterCommand.java",219,"ControlStatementBraces","Code Style",3,"This statement should have braces","JsonFilterCommand","extractJsonArray",""
"streamconverter-core/src/main/java/com/streamConverter/command/impl/JsonFilterCommand.java",220,"AvoidLiteralsInIfCondition","Error Prone",3,"Avoid using literals in if statements","JsonFilterCommand","extractJsonArray",""
"streamconverter-core/src/main/java/com/streamConverter/command/impl/JsonFilterCommand.java",220,"ControlStatementBraces","Code Style",3,"This statement should have braces","JsonFilterCommand","extractJsonArray",""
"streamconverter-core/src/main/java/com/streamConverter/command/impl/JsonFilterCommand.java",222,"ControlStatementBraces","Code Style",3,"This statement should have braces","JsonFilterCommand","extractJsonArray",""
"streamconverter-core/src/main/java/com/streamConverter/command/impl/JsonFilterCommand.java",228,"MethodArgumentCouldBeFinal","Code Style",3,"Parameter 'json' is not assigned and could be declared final","JsonFilterCommand","extractSimpleValue","json"
"streamconverter-core/src/main/java/com/streamConverter/command/impl/JsonFilterCommand.java",228,"MethodArgumentCouldBeFinal","Code Style",3,"Parameter 'start' is not assigned and could be declared final","JsonFilterCommand","extractSimpleValue","start"
"streamconverter-core/src/main/java/com/streamConverter/command/impl/JsonFilterCommand.java",229,"LocalVariableCouldBeFinal","Code Style",3,"Local variable 'result' could be declared final","JsonFilterCommand","extractSimpleValue","result"
"streamconverter-core/src/main/java/com/streamConverter/command/impl/JsonFilterCommand.java",232,"ShortVariable","Code Style",3,"Avoid variables with short names like c","JsonFilterCommand","extractSimpleValue","c"
"streamconverter-core/src/main/java/com/streamConverter/command/impl/JsonFilterCommand.java",232,"LocalVariableCouldBeFinal","Code Style",3,"Local variable 'c' could be declared final","JsonFilterCommand","extractSimpleValue","c"
"streamconverter-core/src/main/java/com/streamConverter/command/impl/JsonNavigateCommand.java",1,"PackageCase","Code Style",3,"Package name contains upper case characters","JsonNavigateCommand","",""
"streamconverter-core/src/main/java/com/streamConverter/command/impl/JsonNavigateCommand.java",29,"GodClass","Design",3,"Possible God Class (WMC=67, ATFD=15, TCC=19.118%)","JsonNavigateCommand","",""
"streamconverter-core/src/main/java/com/streamConverter/command/impl/JsonNavigateCommand.java",29,"TooManyMethods","Design",3,"This class has too many methods, consider refactoring it.","JsonNavigateCommand","",""
"streamconverter-core/src/main/java/com/streamConverter/command/impl/JsonNavigateCommand.java",31,"UnusedPrivateField","Best Practices",3,"Avoid unused private fields such as 'BUFFER_SIZE'.","JsonNavigateCommand","","BUFFER_SIZE"
"streamconverter-core/src/main/java/com/streamConverter/command/impl/JsonNavigateCommand.java",32,"UnusedPrivateField","Best Practices",3,"Avoid unused private fields such as 'MAX_CHUNK_SIZE'.","JsonNavigateCommand","","MAX_CHUNK_SIZE"
"streamconverter-core/src/main/java/com/streamConverter/command/impl/JsonNavigateCommand.java",33,"UnusedPrivateField","Best Practices",3,"Avoid unused private fields such as 'MEMORY_THRESHOLD'.","JsonNavigateCommand","","MEMORY_THRESHOLD"
"streamconverter-core/src/main/java/com/streamConverter/command/impl/JsonNavigateCommand.java",46,"CallSuperInConstructor","Code Style",3,"It is a good practice to call super() in a constructor","JsonNavigateCommand","JsonNavigateCommand",""
"streamconverter-core/src/main/java/com/streamConverter/command/impl/JsonNavigateCommand.java",46,"MethodArgumentCouldBeFinal","Code Style",3,"Parameter 'jsonPath' is not assigned and could be declared final","JsonNavigateCommand","JsonNavigateCommand","jsonPath"
"streamconverter-core/src/main/java/com/streamConverter/command/impl/JsonNavigateCommand.java",46,"MethodArgumentCouldBeFinal","Code Style",3,"Parameter 'rule' is not assigned and could be declared final","JsonNavigateCommand","JsonNavigateCommand","rule"
"streamconverter-core/src/main/java/com/streamConverter/command/impl/JsonNavigateCommand.java",65,"MethodArgumentCouldBeFinal","Code Style",3,"Parameter 'jsonPath' is not assigned and could be declared final","JsonNavigateCommand","JsonNavigateCommand","jsonPath"
"streamconverter-core/src/main/java/com/streamConverter/command/impl/JsonNavigateCommand.java",89,"MethodArgumentCouldBeFinal","Code Style",3,"Parameter 'jsonPath' is not assigned and could be declared final","JsonNavigateCommand","extractOnly","jsonPath"
"streamconverter-core/src/main/java/com/streamConverter/command/impl/JsonNavigateCommand.java",105,"LocalVariableCouldBeFinal","Code Style",3,"Local variable 'pathInfo' could be declared final","JsonNavigateCommand","getCommandDetails","pathInfo"
"streamconverter-core/src/main/java/com/streamConverter/command/impl/JsonNavigateCommand.java",111,"MethodArgumentCouldBeFinal","Code Style",3,"Parameter 'inputStream' is not assigned and could be declared final","JsonNavigateCommand","executeInternal","inputStream"
"streamconverter-core/src/main/java/com/streamConverter/command/impl/JsonNavigateCommand.java",111,"MethodArgumentCouldBeFinal","Code Style",3,"Parameter 'outputStream' is not assigned and could be declared final","JsonNavigateCommand","executeInternal","outputStream"
"streamconverter-core/src/main/java/com/streamConverter/command/impl/JsonNavigateCommand.java",133,"MethodArgumentCouldBeFinal","Code Style",3,"Parameter 'inputStream' is not assigned and could be declared final","JsonNavigateCommand","processJsonWithJacksonStreaming","inputStream"
"streamconverter-core/src/main/java/com/streamConverter/command/impl/JsonNavigateCommand.java",133,"MethodArgumentCouldBeFinal","Code Style",3,"Parameter 'outputStream' is not assigned and could be declared final","JsonNavigateCommand","processJsonWithJacksonStreaming","outputStream"
"streamconverter-core/src/main/java/com/streamConverter/command/impl/JsonNavigateCommand.java",135,"LocalVariableCouldBeFinal","Code Style",3,"Local variable 'jsonFactory' could be declared final","JsonNavigateCommand","processJsonWithJacksonStreaming","jsonFactory"
"streamconverter-core/src/main/java/com/streamConverter/command/impl/JsonNavigateCommand.java",159,"EmptyCatchBlock","Error Prone",3,"Avoid empty catch blocks","JsonNavigateCommand","processJsonWithJacksonStreaming",""
"streamconverter-core/src/main/java/com/streamConverter/command/impl/JsonNavigateCommand.java",168,"MethodArgumentCouldBeFinal","Code Style",3,"Parameter 'inputStream' is not assigned and could be declared final","JsonNavigateCommand","processJsonWithJacksonTree","inputStream"
"streamconverter-core/src/main/java/com/streamConverter/command/impl/JsonNavigateCommand.java",168,"MethodArgumentCouldBeFinal","Code Style",3,"Parameter 'outputStream' is not assigned and could be declared final","JsonNavigateCommand","processJsonWithJacksonTree","outputStream"
"streamconverter-core/src/main/java/com/streamConverter/command/impl/JsonNavigateCommand.java",171,"LocalVariableCouldBeFinal","Code Style",3,"Local variable 'rootNode' could be declared final","JsonNavigateCommand","processJsonWithJacksonTree","rootNode"
"streamconverter-core/src/main/java/com/streamConverter/command/impl/JsonNavigateCommand.java",175,"LocalVariableCouldBeFinal","Code Style",3,"Local variable 'transformedResult' could be declared final","JsonNavigateCommand","processJsonWithJacksonTree","transformedResult"
"streamconverter-core/src/main/java/com/streamConverter/command/impl/JsonNavigateCommand.java",183,"LocalVariableCouldBeFinal","Code Style",3,"Local variable 'modifiedRoot' could be declared final","JsonNavigateCommand","processJsonWithJacksonTree","modifiedRoot"
"streamconverter-core/src/main/java/com/streamConverter/command/impl/JsonNavigateCommand.java",208,"EmptyCatchBlock","Error Prone",3,"Avoid empty catch blocks","JsonNavigateCommand","processJsonWithJacksonTree",""
"streamconverter-core/src/main/java/com/streamConverter/command/impl/JsonNavigateCommand.java",211,"AvoidCatchingGenericException","Design",3,"Avoid catching generic exceptions such as NullPointerException, RuntimeException, Exception in try-catch block","JsonNavigateCommand","processJsonWithJacksonTree",""
"streamconverter-core/src/main/java/com/streamConverter/command/impl/JsonNavigateCommand.java",217,"MethodArgumentCouldBeFinal","Code Style",3,"Parameter 'parser' is not assigned and could be declared final","JsonNavigateCommand","processEntireJsonStream","parser"
"streamconverter-core/src/main/java/com/streamConverter/command/impl/JsonNavigateCommand.java",217,"MethodArgumentCouldBeFinal","Code Style",3,"Parameter 'generator' is not assigned and could be declared final","JsonNavigateCommand","processEntireJsonStream","generator"
"streamconverter-core/src/main/java/com/streamConverter/command/impl/JsonNavigateCommand.java",220,"AssignmentInOperand","Error Prone",3,"Avoid assignments in operands","JsonNavigateCommand","processEntireJsonStream",""
"streamconverter-core/src/main/java/com/streamConverter/command/impl/JsonNavigateCommand.java",226,"MethodArgumentCouldBeFinal","Code Style",3,"Parameter 'parser' is not assigned and could be declared final","JsonNavigateCommand","processJsonStreamWithPath","parser"
"streamconverter-core/src/main/java/com/streamConverter/command/impl/JsonNavigateCommand.java",226,"MethodArgumentCouldBeFinal","Code Style",3,"Parameter 'generator' is not assigned and could be declared final","JsonNavigateCommand","processJsonStreamWithPath","generator"
"streamconverter-core/src/main/java/com/streamConverter/command/impl/JsonNavigateCommand.java",230,"LocalVariableCouldBeFinal","Code Style",3,"Local variable 'propertyName' could be declared final","JsonNavigateCommand","processJsonStreamWithPath","propertyName"
"streamconverter-core/src/main/java/com/streamConverter/command/impl/JsonNavigateCommand.java",234,"AssignmentInOperand","Error Prone",3,"Avoid assignments in operands","JsonNavigateCommand","processJsonStreamWithPath",""
"streamconverter-core/src/main/java/com/streamConverter/command/impl/JsonNavigateCommand.java",240,"LocalVariableCouldBeFinal","Code Style",3,"Local variable 'transformedValue' could be declared final","JsonNavigateCommand","processJsonStreamWithPath","transformedValue"
"streamconverter-core/src/main/java/com/streamConverter/command/impl/JsonNavigateCommand.java",255,"MethodArgumentCouldBeFinal","Code Style",3,"Parameter 'rootNode' is not assigned and could be declared final","JsonNavigateCommand","navigateJsonPath","rootNode"
"streamconverter-core/src/main/java/com/streamConverter/command/impl/JsonNavigateCommand.java",255,"MethodArgumentCouldBeFinal","Code Style",3,"Parameter 'path' is not assigned and could be declared final","JsonNavigateCommand","navigateJsonPath","path"
"streamconverter-core/src/main/java/com/streamConverter/command/impl/JsonNavigateCommand.java",257,"LocalVariableCouldBeFinal","Code Style",3,"Local variable 'propertyPath' could be declared final","JsonNavigateCommand","navigateJsonPath","propertyPath"
"streamconverter-core/src/main/java/com/streamConverter/command/impl/JsonNavigateCommand.java",259,"ConfusingTernary","Code Style",3,"Avoid if (x != y) ..; else ..;","JsonNavigateCommand","navigateJsonPath",""
"streamconverter-core/src/main/java/com/streamConverter/command/impl/JsonNavigateCommand.java",260,"OnlyOneReturn","Code Style",3,"A method should have only one exit point, and that should be the last statement in the method","JsonNavigateCommand","navigateJsonPath",""
"streamconverter-core/src/main/java/com/streamConverter/command/impl/JsonNavigateCommand.java",263,"OnlyOneReturn","Code Style",3,"A method should have only one exit point, and that should be the last statement in the method","JsonNavigateCommand","navigateJsonPath",""
"streamconverter-core/src/main/java/com/streamConverter/command/impl/JsonNavigateCommand.java",270,"MethodArgumentCouldBeFinal","Code Style",3,"Parameter 'path' is not assigned and could be declared final","JsonNavigateCommand","extractPropertyFromPath","path"
"streamconverter-core/src/main/java/com/streamConverter/command/impl/JsonNavigateCommand.java",272,"OnlyOneReturn","Code Style",3,"A method should have only one exit point, and that should be the last statement in the method","JsonNavigateCommand","extractPropertyFromPath",""
"streamconverter-core/src/main/java/com/streamConverter/command/impl/JsonNavigateCommand.java",278,"MethodArgumentCouldBeFinal","Code Style",3,"Parameter 'parser' is not assigned and could be declared final","JsonNavigateCommand","copyTokenWithRule","parser"
"streamconverter-core/src/main/java/com/streamConverter/command/impl/JsonNavigateCommand.java",278,"MethodArgumentCouldBeFinal","Code Style",3,"Parameter 'generator' is not assigned and could be declared final","JsonNavigateCommand","copyTokenWithRule","generator"
"streamconverter-core/src/main/java/com/streamConverter/command/impl/JsonNavigateCommand.java",278,"MethodArgumentCouldBeFinal","Code Style",3,"Parameter 'token' is not assigned and could be declared final","JsonNavigateCommand","copyTokenWithRule","token"
"streamconverter-core/src/main/java/com/streamConverter/command/impl/JsonNavigateCommand.java",281,"LocalVariableCouldBeFinal","Code Style",3,"Local variable 'transformedValue' could be declared final","JsonNavigateCommand","copyTokenWithRule","transformedValue"
"streamconverter-core/src/main/java/com/streamConverter/command/impl/JsonNavigateCommand.java",289,"CyclomaticComplexity","Design",3,"The method 'copyToken(JsonParser, JsonGenerator, JsonToken)' has a cyclomatic complexity of 12.","JsonNavigateCommand","copyToken",""
"streamconverter-core/src/main/java/com/streamConverter/command/impl/JsonNavigateCommand.java",289,"MethodArgumentCouldBeFinal","Code Style",3,"Parameter 'parser' is not assigned and could be declared final","JsonNavigateCommand","copyToken","parser"
"streamconverter-core/src/main/java/com/streamConverter/command/impl/JsonNavigateCommand.java",289,"MethodArgumentCouldBeFinal","Code Style",3,"Parameter 'generator' is not assigned and could be declared final","JsonNavigateCommand","copyToken","generator"
"streamconverter-core/src/main/java/com/streamConverter/command/impl/JsonNavigateCommand.java",289,"MethodArgumentCouldBeFinal","Code Style",3,"Parameter 'token' is not assigned and could be declared final","JsonNavigateCommand","copyToken","token"
"streamconverter-core/src/main/java/com/streamConverter/command/impl/JsonNavigateCommand.java",332,"MethodArgumentCouldBeFinal","Code Style",3,"Parameter 'rootNode' is not assigned and could be declared final","JsonNavigateCommand","replacePropertyValue","rootNode"
"streamconverter-core/src/main/java/com/streamConverter/command/impl/JsonNavigateCommand.java",332,"MethodArgumentCouldBeFinal","Code Style",3,"Parameter 'path' is not assigned and could be declared final","JsonNavigateCommand","replacePropertyValue","path"
"streamconverter-core/src/main/java/com/streamConverter/command/impl/JsonNavigateCommand.java",332,"MethodArgumentCouldBeFinal","Code Style",3,"Parameter 'newValue' is not assigned and could be declared final","JsonNavigateCommand","replacePropertyValue","newValue"
"streamconverter-core/src/main/java/com/streamConverter/command/impl/JsonNavigateCommand.java",334,"LocalVariableCouldBeFinal","Code Style",3,"Local variable 'propertyPath' could be declared final","JsonNavigateCommand","replacePropertyValue","propertyPath"
"streamconverter-core/src/main/java/com/streamConverter/command/impl/JsonNavigateCommand.java",337,"OnlyOneReturn","Code Style",3,"A method should have only one exit point, and that should be the last statement in the method","JsonNavigateCommand","replacePropertyValue",""
"streamconverter-core/src/main/java/com/streamConverter/command/impl/JsonNavigateCommand.java",344,"MethodArgumentCouldBeFinal","Code Style",3,"Parameter 'rootNode' is not assigned and could be declared final","JsonNavigateCommand","replaceSimpleProperty","rootNode"
"streamconverter-core/src/main/java/com/streamConverter/command/impl/JsonNavigateCommand.java",344,"MethodArgumentCouldBeFinal","Code Style",3,"Parameter 'propertyName' is not assigned and could be declared final","JsonNavigateCommand","replaceSimpleProperty","propertyName"
"streamconverter-core/src/main/java/com/streamConverter/command/impl/JsonNavigateCommand.java",344,"MethodArgumentCouldBeFinal","Code Style",3,"Parameter 'newValue' is not assigned and could be declared final","JsonNavigateCommand","replaceSimpleProperty","newValue"
"streamconverter-core/src/main/java/com/streamConverter/command/impl/JsonNavigateCommand.java",347,"LocalVariableCouldBeFinal","Code Style",3,"Local variable 'objectNode' could be declared final","JsonNavigateCommand","replaceSimpleProperty","objectNode"
"streamconverter-core/src/main/java/com/streamConverter/command/impl/JsonNavigateCommand.java",350,"OnlyOneReturn","Code Style",3,"A method should have only one exit point, and that should be the last statement in the method","JsonNavigateCommand","replaceSimpleProperty",""
"streamconverter-core/src/main/java/com/streamConverter/command/impl/JsonNavigateCommand.java",356,"MethodArgumentCouldBeFinal","Code Style",3,"Parameter 'arrayNode' is not assigned and could be declared final","JsonNavigateCommand","processJsonArray","arrayNode"
"streamconverter-core/src/main/java/com/streamConverter/command/impl/JsonNavigateCommand.java",356,"MethodArgumentCouldBeFinal","Code Style",3,"Parameter 'jsonPath' is not assigned and could be declared final","JsonNavigateCommand","processJsonArray","jsonPath"
"streamconverter-core/src/main/java/com/streamConverter/command/impl/JsonNavigateCommand.java",357,"LocalVariableCouldBeFinal","Code Style",3,"Local variable 'resultArray' could be declared final","JsonNavigateCommand","processJsonArray","resultArray"
"streamconverter-core/src/main/java/com/streamConverter/command/impl/JsonNavigateCommand.java",359,"LocalVariableCouldBeFinal","Code Style",3,"Local variable 'element' could be declared final","JsonNavigateCommand","processJsonArray","element"
"streamconverter-core/src/main/java/com/streamConverter/command/impl/JsonNavigateCommand.java",360,"LocalVariableCouldBeFinal","Code Style",3,"Local variable 'modifiedElement' could be declared final","JsonNavigateCommand","processJsonArray","modifiedElement"
"streamconverter-core/src/main/java/com/streamConverter/command/impl/JsonNavigateCommand.java",368,"MethodArgumentCouldBeFinal","Code Style",3,"Parameter 'objectNode' is not assigned and could be declared final","JsonNavigateCommand","processSingleJsonObject","objectNode"
"streamconverter-core/src/main/java/com/streamConverter/command/impl/JsonNavigateCommand.java",368,"MethodArgumentCouldBeFinal","Code Style",3,"Parameter 'jsonPath' is not assigned and could be declared final","JsonNavigateCommand","processSingleJsonObject","jsonPath"
"streamconverter-core/src/main/java/com/streamConverter/command/impl/JsonNavigateCommand.java",370,"LocalVariableCouldBeFinal","Code Style",3,"Local variable 'targetNode' could be declared final","JsonNavigateCommand","processSingleJsonObject","targetNode"
"streamconverter-core/src/main/java/com/streamConverter/command/impl/JsonNavigateCommand.java",373,"LocalVariableCouldBeFinal","Code Style",3,"Local variable 'propertyValue' could be declared final","JsonNavigateCommand","processSingleJsonObject","propertyValue"
"streamconverter-core/src/main/java/com/streamConverter/command/impl/JsonNavigateCommand.java",374,"LocalVariableCouldBeFinal","Code Style",3,"Local variable 'transformedValue' could be declared final","JsonNavigateCommand","processSingleJsonObject","transformedValue"
"streamconverter-core/src/main/java/com/streamConverter/command/impl/JsonNavigateCommand.java",378,"OnlyOneReturn","Code Style",3,"A method should have only one exit point, and that should be the last statement in the method","JsonNavigateCommand","processSingleJsonObject",""
"streamconverter-core/src/main/java/com/streamConverter/command/impl/LineEndingNormalizeCommand.java",1,"PackageCase","Code Style",3,"Package name contains upper case characters","LineEndingNormalizeCommand","",""
"streamconverter-core/src/main/java/com/streamConverter/command/impl/LineEndingNormalizeCommand.java",48,"MethodArgumentCouldBeFinal","Code Style",3,"Parameter 'separator' is not assigned and could be declared final","LineEndingType","LineEndingType","separator"
"streamconverter-core/src/main/java/com/streamConverter/command/impl/LineEndingNormalizeCommand.java",70,"CallSuperInConstructor","Code Style",3,"It is a good practice to call super() in a constructor","LineEndingNormalizeCommand","LineEndingNormalizeCommand",""
"streamconverter-core/src/main/java/com/streamConverter/command/impl/LineEndingNormalizeCommand.java",70,"MethodArgumentCouldBeFinal","Code Style",3,"Parameter 'targetType' is not assigned and could be declared final","LineEndingNormalizeCommand","LineEndingNormalizeCommand","targetType"
"streamconverter-core/src/main/java/com/streamConverter/command/impl/LineEndingNormalizeCommand.java",75,"CognitiveComplexity","Design",3,"The method 'executeInternal(InputStream, OutputStream)' has a cognitive complexity of 21, current threshold is 15","LineEndingNormalizeCommand","executeInternal",""
"streamconverter-core/src/main/java/com/streamConverter/command/impl/LineEndingNormalizeCommand.java",75,"MethodArgumentCouldBeFinal","Code Style",3,"Parameter 'inputStream' is not assigned and could be declared final","LineEndingNormalizeCommand","executeInternal","inputStream"
"streamconverter-core/src/main/java/com/streamConverter/command/impl/LineEndingNormalizeCommand.java",75,"MethodArgumentCouldBeFinal","Code Style",3,"Parameter 'outputStream' is not assigned and could be declared final","LineEndingNormalizeCommand","executeInternal","outputStream"
"streamconverter-core/src/main/java/com/streamConverter/command/impl/LineEndingNormalizeCommand.java",85,"LocalVariableCouldBeFinal","Code Style",3,"Local variable 'buffer' could be declared final","LineEndingNormalizeCommand","executeInternal","buffer"
"streamconverter-core/src/main/java/com/streamConverter/command/impl/LineEndingNormalizeCommand.java",87,"AssignmentInOperand","Error Prone",3,"Avoid assignments in operands","LineEndingNormalizeCommand","executeInternal",""
"streamconverter-core/src/main/java/com/streamConverter/command/impl/LineEndingNormalizeCommand.java",92,"LocalVariableCouldBeFinal","Code Style",3,"Local variable 'targetSeparator' could be declared final","LineEndingNormalizeCommand","executeInternal","targetSeparator"
"streamconverter-core/src/main/java/com/streamConverter/command/impl/LineEndingNormalizeCommand.java",95,"AssignmentInOperand","Error Prone",3,"Avoid assignments in operands","LineEndingNormalizeCommand","executeInternal",""
"streamconverter-core/src/main/java/com/streamConverter/command/impl/LineEndingNormalizeCommand.java",96,"AvoidLiteralsInIfCondition","Error Prone",3,"Avoid using literals in if statements","LineEndingNormalizeCommand","executeInternal",""
"streamconverter-core/src/main/java/com/streamConverter/command/impl/LineEndingNormalizeCommand.java",98,"LocalVariableCouldBeFinal","Code Style",3,"Local variable 'next' could be declared final","LineEndingNormalizeCommand","executeInternal","next"
"streamconverter-core/src/main/java/com/streamConverter/command/impl/LineEndingNormalizeCommand.java",99,"AvoidLiteralsInIfCondition","Error Prone",3,"Avoid using literals in if statements","LineEndingNormalizeCommand","executeInternal",""
"streamconverter-core/src/main/java/com/streamConverter/command/impl/LineEndingNormalizeCommand.java",110,"AvoidLiteralsInIfCondition","Error Prone",3,"Avoid using literals in if statements","LineEndingNormalizeCommand","executeInternal",""
"streamconverter-core/src/main/java/com/streamConverter/command/impl/LineEndingNormalizeCommand.java",142,"MethodArgumentCouldBeFinal","Code Style",3,"Parameter 'separator' is not assigned and could be declared final","LineEndingNormalizeCommand","escapeLineSeparator","separator"
"streamconverter-core/src/main/java/com/streamConverter/command/impl/LineEndingNormalizeCommand.java",143,"OnlyOneReturn","Code Style",3,"A method should have only one exit point, and that should be the last statement in the method","LineEndingNormalizeCommand","escapeLineSeparator",""
"streamconverter-core/src/main/java/com/streamConverter/command/impl/LineEndingNormalizeCommand.java",143,"ControlStatementBraces","Code Style",3,"This statement should have braces","LineEndingNormalizeCommand","escapeLineSeparator",""
"streamconverter-core/src/main/java/com/streamConverter/command/impl/SampleStreamCommand.java",1,"PackageCase","Code Style",3,"Package name contains upper case characters","SampleStreamCommand","",""
"streamconverter-core/src/main/java/com/streamConverter/command/impl/SampleStreamCommand.java",16,"ShortVariable","Code Style",3,"Avoid variables with short names like id","SampleStreamCommand","","id"
"streamconverter-core/src/main/java/com/streamConverter/command/impl/SampleStreamCommand.java",16,"ImmutableField","Design",3,"Field 'id' may be declared final","SampleStreamCommand","","id"
"streamconverter-core/src/main/java/com/streamConverter/command/impl/SampleStreamCommand.java",19,"CallSuperInConstructor","Code Style",3,"It is a good practice to call super() in a constructor","SampleStreamCommand","SampleStreamCommand",""
"streamconverter-core/src/main/java/com/streamConverter/command/impl/SampleStreamCommand.java",29,"CallSuperInConstructor","Code Style",3,"It is a good practice to call super() in a constructor","SampleStreamCommand","SampleStreamCommand",""
"streamconverter-core/src/main/java/com/streamConverter/command/impl/SampleStreamCommand.java",29,"MethodArgumentCouldBeFinal","Code Style",3,"Parameter 'arg' is not assigned and could be declared final","SampleStreamCommand","SampleStreamCommand","arg"
"streamconverter-core/src/main/java/com/streamConverter/command/impl/SampleStreamCommand.java",41,"MethodArgumentCouldBeFinal","Code Style",3,"Parameter 'inputStream' is not assigned and could be declared final","SampleStreamCommand","executeInternal","inputStream"
"streamconverter-core/src/main/java/com/streamConverter/command/impl/SampleStreamCommand.java",41,"MethodArgumentCouldBeFinal","Code Style",3,"Parameter 'outputStream' is not assigned and could be declared final","SampleStreamCommand","executeInternal","outputStream"
"streamconverter-core/src/main/java/com/streamConverter/command/impl/SendHttpCommand.java",13,"PackageCase","Code Style",3,"Package name contains upper case characters","SendHttpCommand","",""
"streamconverter-core/src/main/java/com/streamConverter/command/impl/SendHttpCommand.java",39,"ImmutableField","Design",3,"Field 'url' may be declared final","SendHttpCommand","","url"
"streamconverter-core/src/main/java/com/streamConverter/command/impl/SendHttpCommand.java",48,"MethodArgumentCouldBeFinal","Code Style",3,"Parameter 'url' is not assigned and could be declared final","SendHttpCommand","SendHttpCommand","url"
"streamconverter-core/src/main/java/com/streamConverter/command/impl/SendHttpCommand.java",53,"LocalVariableCouldBeFinal","Code Style",3,"Local variable 'httpClient' could be declared final","SendHttpCommand","SendHttpCommand","httpClient"
"streamconverter-core/src/main/java/com/streamConverter/command/impl/SendHttpCommand.java",56,"UseUnderscoresInNumericLiterals","Code Style",3,"Number 10000 should separate every third digit with an underscore","SendHttpCommand","SendHttpCommand",""
"streamconverter-core/src/main/java/com/streamConverter/command/impl/SendHttpCommand.java",75,"CyclomaticComplexity","Design",3,"The method 'validateAndSanitizeUrl(String)' has a cyclomatic complexity of 16.","SendHttpCommand","validateAndSanitizeUrl",""
"streamconverter-core/src/main/java/com/streamConverter/command/impl/SendHttpCommand.java",75,"MethodArgumentCouldBeFinal","Code Style",3,"Parameter 'url' is not assigned and could be declared final","SendHttpCommand","validateAndSanitizeUrl","url"
"streamconverter-core/src/main/java/com/streamConverter/command/impl/SendHttpCommand.java",78,"LocalVariableCouldBeFinal","Code Style",3,"Local variable 'trimmedUrl' could be declared final","SendHttpCommand","validateAndSanitizeUrl","trimmedUrl"
"streamconverter-core/src/main/java/com/streamConverter/command/impl/SendHttpCommand.java",84,"LocalVariableCouldBeFinal","Code Style",3,"Local variable 'uri' could be declared final","SendHttpCommand","validateAndSanitizeUrl","uri"
"streamconverter-core/src/main/java/com/streamConverter/command/impl/SendHttpCommand.java",85,"LocalVariableCouldBeFinal","Code Style",3,"Local variable 'scheme' could be declared final","SendHttpCommand","validateAndSanitizeUrl","scheme"
"streamconverter-core/src/main/java/com/streamConverter/command/impl/SendHttpCommand.java",95,"LocalVariableCouldBeFinal","Code Style",3,"Local variable 'host' could be declared final","SendHttpCommand","validateAndSanitizeUrl","host"
"streamconverter-core/src/main/java/com/streamConverter/command/impl/SendHttpCommand.java",96,"InefficientEmptyStringCheck","Performance",3,"String.trim().length() == 0 / String.trim().isEmpty() is an inefficient way to validate a blank String.","SendHttpCommand","validateAndSanitizeUrl",""
"streamconverter-core/src/main/java/com/streamConverter/command/impl/SendHttpCommand.java",113,"MethodArgumentCouldBeFinal","Code Style",3,"Parameter 'host' is not assigned and could be declared final","SendHttpCommand","isLocalhost","host"
"streamconverter-core/src/main/java/com/streamConverter/command/impl/SendHttpCommand.java",115,"OnlyOneReturn","Code Style",3,"A method should have only one exit point, and that should be the last statement in the method","SendHttpCommand","isLocalhost",""
"streamconverter-core/src/main/java/com/streamConverter/command/impl/SendHttpCommand.java",119,"LocalVariableCouldBeFinal","Code Style",3,"Local variable 'cleanHost' could be declared final","SendHttpCommand","isLocalhost","cleanHost"
"streamconverter-core/src/main/java/com/streamConverter/command/impl/SendHttpCommand.java",123,"AvoidUsingHardCodedIP","Best Practices",3,"Do not hard code the IP address ${variableName}","SendHttpCommand","isLocalhost",""
"streamconverter-core/src/main/java/com/streamConverter/command/impl/SendHttpCommand.java",124,"AvoidUsingHardCodedIP","Best Practices",3,"Do not hard code the IP address ${variableName}","SendHttpCommand","isLocalhost",""
"streamconverter-core/src/main/java/com/streamConverter/command/impl/SendHttpCommand.java",128,"MethodArgumentCouldBeFinal","Code Style",3,"Parameter 'host' is not assigned and could be declared final","SendHttpCommand","isPrivateIpAddress","host"
"streamconverter-core/src/main/java/com/streamConverter/command/impl/SendHttpCommand.java",131,"LocalVariableCouldBeFinal","Code Style",3,"Local variable 'address' could be declared final","SendHttpCommand","isPrivateIpAddress","address"
"streamconverter-core/src/main/java/com/streamConverter/command/impl/SendHttpCommand.java",133,"OnlyOneReturn","Code Style",3,"A method should have only one exit point, and that should be the last statement in the method","SendHttpCommand","isPrivateIpAddress",""
"streamconverter-core/src/main/java/com/streamConverter/command/impl/SendHttpCommand.java",148,"MethodArgumentCouldBeFinal","Code Style",3,"Parameter 'inputStream' is not assigned and could be declared final","SendHttpCommand","executeInternal","inputStream"
"streamconverter-core/src/main/java/com/streamConverter/command/impl/SendHttpCommand.java",148,"MethodArgumentCouldBeFinal","Code Style",3,"Parameter 'outputStream' is not assigned and could be declared final","SendHttpCommand","executeInternal","outputStream"
"streamconverter-core/src/main/java/com/streamConverter/command/impl/SendHttpCommand.java",192,"LocalVariableCouldBeFinal","Code Style",3,"Local variable 'bytes' could be declared final","SendHttpCommand","executeInternal","bytes"
"streamconverter-core/src/main/java/com/streamConverter/command/impl/SendHttpCommand.java",197,"AvoidThrowingRawExceptionTypes","Design",1,"Avoid throwing raw exception types.","SendHttpCommand","executeInternal",""
"streamconverter-core/src/main/java/com/streamConverter/command/impl/SendHttpCommand.java",212,"AvoidThrowingRawExceptionTypes","Design",1,"Avoid throwing raw exception types.","SendHttpCommand","executeInternal",""
"streamconverter-core/src/main/java/com/streamConverter/command/impl/SendHttpCommand.java",220,"ExceptionAsFlowControl","Design",3,"Exception thrown at line 197 is caught in this block.","SendHttpCommand","executeInternal",""
"streamconverter-core/src/main/java/com/streamConverter/command/impl/SendHttpCommand.java",220,"ExceptionAsFlowControl","Design",3,"Exception thrown at line 212 is caught in this block.","SendHttpCommand","executeInternal",""
"streamconverter-core/src/main/java/com/streamConverter/command/impl/SendHttpCommand.java",220,"AvoidCatchingGenericException","Design",3,"Avoid catching generic exceptions such as NullPointerException, RuntimeException, Exception in try-catch block","SendHttpCommand","executeInternal",""
"streamconverter-core/src/main/java/com/streamConverter/command/impl/SendHttpCommand.java",222,"LocalVariableCouldBeFinal","Code Style",3,"Local variable 'errorMessage' could be declared final","SendHttpCommand","executeInternal","errorMessage"
"streamconverter-core/src/main/java/com/streamConverter/command/impl/SendHttpCommand.java",225,"AvoidCatchingGenericException","Design",3,"Avoid catching generic exceptions such as NullPointerException, RuntimeException, Exception in try-catch block","SendHttpCommand","executeInternal",""
"streamconverter-core/src/main/java/com/streamConverter/command/impl/SendHttpCommand.java",226,"LocalVariableCouldBeFinal","Code Style",3,"Local variable 'errorMessage' could be declared final","SendHttpCommand","executeInternal","errorMessage"
"streamconverter-core/src/main/java/com/streamConverter/command/impl/XmlFilterCommand.java",1,"PackageCase","Code Style",3,"Package name contains upper case characters","XmlFilterCommand","",""
"streamconverter-core/src/main/java/com/streamConverter/command/impl/XmlFilterCommand.java",45,"CallSuperInConstructor","Code Style",3,"It is a good practice to call super() in a constructor","XmlFilterCommand","XmlFilterCommand",""
"streamconverter-core/src/main/java/com/streamConverter/command/impl/XmlFilterCommand.java",45,"MethodArgumentCouldBeFinal","Code Style",3,"Parameter 'xpath' is not assigned and could be declared final","XmlFilterCommand","XmlFilterCommand","xpath"
"streamconverter-core/src/main/java/com/streamConverter/command/impl/XmlFilterCommand.java",46,"InefficientEmptyStringCheck","Performance",3,"String.trim().length() == 0 / String.trim().isEmpty() is an inefficient way to validate a blank String.","XmlFilterCommand","XmlFilterCommand",""
"streamconverter-core/src/main/java/com/streamConverter/command/impl/XmlFilterCommand.java",59,"NcssCount","Design",3,"The method 'executeInternal(InputStream, OutputStream)' has a NCSS line count of 62.","XmlFilterCommand","executeInternal",""
"streamconverter-core/src/main/java/com/streamConverter/command/impl/XmlFilterCommand.java",59,"CognitiveComplexity","Design",3,"The method 'executeInternal(InputStream, OutputStream)' has a cognitive complexity of 35, current threshold is 15","XmlFilterCommand","executeInternal",""
"streamconverter-core/src/main/java/com/streamConverter/command/impl/XmlFilterCommand.java",59,"CyclomaticComplexity","Design",3,"The method 'executeInternal(InputStream, OutputStream)' has a cyclomatic complexity of 17.","XmlFilterCommand","executeInternal",""
"streamconverter-core/src/main/java/com/streamConverter/command/impl/XmlFilterCommand.java",59,"MethodArgumentCouldBeFinal","Code Style",3,"Parameter 'inputStream' is not assigned and could be declared final","XmlFilterCommand","executeInternal","inputStream"
"streamconverter-core/src/main/java/com/streamConverter/command/impl/XmlFilterCommand.java",59,"MethodArgumentCouldBeFinal","Code Style",3,"Parameter 'outputStream' is not assigned and could be declared final","XmlFilterCommand","executeInternal","outputStream"
"streamconverter-core/src/main/java/com/streamConverter/command/impl/XmlFilterCommand.java",63,"LocalVariableCouldBeFinal","Code Style",3,"Local variable 'inputFactory' could be declared final","XmlFilterCommand","executeInternal","inputFactory"
"streamconverter-core/src/main/java/com/streamConverter/command/impl/XmlFilterCommand.java",67,"LocalVariableCouldBeFinal","Code Style",3,"Local variable 'extractedElements' could be declared final","XmlFilterCommand","executeInternal","extractedElements"
"streamconverter-core/src/main/java/com/streamConverter/command/impl/XmlFilterCommand.java",69,"LocalVariableCouldBeFinal","Code Style",3,"Local variable 'reader' could be declared final","XmlFilterCommand","executeInternal","reader"
"streamconverter-core/src/main/java/com/streamConverter/command/impl/XmlFilterCommand.java",70,"LocalVariableCouldBeFinal","Code Style",3,"Local variable 'currentPath' could be declared final","XmlFilterCommand","executeInternal","currentPath"
"streamconverter-core/src/main/java/com/streamConverter/command/impl/XmlFilterCommand.java",71,"LocalVariableCouldBeFinal","Code Style",3,"Local variable 'currentElement' could be declared final","XmlFilterCommand","executeInternal","currentElement"
"streamconverter-core/src/main/java/com/streamConverter/command/impl/XmlFilterCommand.java",76,"LocalVariableCouldBeFinal","Code Style",3,"Local variable 'outputFactory' could be declared final","XmlFilterCommand","executeInternal","outputFactory"
"streamconverter-core/src/main/java/com/streamConverter/command/impl/XmlFilterCommand.java",80,"LocalVariableCouldBeFinal","Code Style",3,"Local variable 'event' could be declared final","XmlFilterCommand","executeInternal","event"
"streamconverter-core/src/main/java/com/streamConverter/command/impl/XmlFilterCommand.java",84,"LocalVariableCouldBeFinal","Code Style",3,"Local variable 'elementName' could be declared final","XmlFilterCommand","executeInternal","elementName"
"streamconverter-core/src/main/java/com/streamConverter/command/impl/XmlFilterCommand.java",84,"LawOfDemeter","Design",3,"Call to `getName` on foreign value `event.asStartElement()` (degree 1)","XmlFilterCommand","executeInternal","elementName"
"streamconverter-core/src/main/java/com/streamConverter/command/impl/XmlFilterCommand.java",92,"AvoidInstantiatingObjectsInLoops","Performance",3,"Avoid instantiating new objects inside loops","XmlFilterCommand","executeInternal",""
"streamconverter-core/src/main/java/com/streamConverter/command/impl/XmlFilterCommand.java",95,"LocalVariableCouldBeFinal","Code Style",3,"Local variable 'eventWriter' could be declared final","XmlFilterCommand","executeInternal","eventWriter"
"streamconverter-core/src/main/java/com/streamConverter/command/impl/XmlFilterCommand.java",99,"GuardLogStatement","Best Practices",2,"Logger calls should be surrounded by log level guards.","XmlFilterCommand","executeInternal",""
"streamconverter-core/src/main/java/com/streamConverter/command/impl/XmlFilterCommand.java",104,"LocalVariableCouldBeFinal","Code Style",3,"Local variable 'eventWriter' could be declared final","XmlFilterCommand","executeInternal","eventWriter"
"streamconverter-core/src/main/java/com/streamConverter/command/impl/XmlFilterCommand.java",108,"GuardLogStatement","Best Practices",2,"Logger calls should be surrounded by log level guards.","XmlFilterCommand","executeInternal",""
"streamconverter-core/src/main/java/com/streamConverter/command/impl/XmlFilterCommand.java",115,"LocalVariableCouldBeFinal","Code Style",3,"Local variable 'eventWriter' could be declared final","XmlFilterCommand","executeInternal","eventWriter"
"streamconverter-core/src/main/java/com/streamConverter/command/impl/XmlFilterCommand.java",119,"GuardLogStatement","Best Practices",2,"Logger calls should be surrounded by log level guards.","XmlFilterCommand","executeInternal",""
"streamconverter-core/src/main/java/com/streamConverter/command/impl/XmlFilterCommand.java",136,"LocalVariableCouldBeFinal","Code Style",3,"Local variable 'eventWriter' could be declared final","XmlFilterCommand","executeInternal","eventWriter"
"streamconverter-core/src/main/java/com/streamConverter/command/impl/XmlFilterCommand.java",140,"GuardLogStatement","Best Practices",2,"Logger calls should be surrounded by log level guards.","XmlFilterCommand","executeInternal",""
"streamconverter-core/src/main/java/com/streamConverter/command/impl/XmlFilterCommand.java",161,"MethodArgumentCouldBeFinal","Code Style",3,"Parameter 'writer' is not assigned and could be declared final","XmlFilterCommand","writeExtractedElements","writer"
"streamconverter-core/src/main/java/com/streamConverter/command/impl/XmlFilterCommand.java",161,"MethodArgumentCouldBeFinal","Code Style",3,"Parameter 'elements' is not assigned and could be declared final","XmlFilterCommand","writeExtractedElements","elements"
"streamconverter-core/src/main/java/com/streamConverter/command/impl/XmlFilterCommand.java",169,"AvoidLiteralsInIfCondition","Error Prone",3,"Avoid using literals in if statements","XmlFilterCommand","writeExtractedElements",""
"streamconverter-core/src/main/java/com/streamConverter/command/impl/XmlFilterCommand.java",176,"LocalVariableCouldBeFinal","Code Style",3,"Local variable 'element' could be declared final","XmlFilterCommand","writeExtractedElements","element"
"streamconverter-core/src/main/java/com/streamConverter/command/impl/XmlNavigateCommand.java",1,"PackageCase","Code Style",3,"Package name contains upper case characters","XmlNavigateCommand","",""
"streamconverter-core/src/main/java/com/streamConverter/command/impl/XmlNavigateCommand.java",31,"GodClass","Design",3,"Possible God Class (WMC=48, ATFD=12, TCC=4.545%)","XmlNavigateCommand","",""
"streamconverter-core/src/main/java/com/streamConverter/command/impl/XmlNavigateCommand.java",31,"TooManyMethods","Design",3,"This class has too many methods, consider refactoring it.","XmlNavigateCommand","",""
"streamconverter-core/src/main/java/com/streamConverter/command/impl/XmlNavigateCommand.java",46,"CallSuperInConstructor","Code Style",3,"It is a good practice to call super() in a constructor","XmlNavigateCommand","XmlNavigateCommand",""
"streamconverter-core/src/main/java/com/streamConverter/command/impl/XmlNavigateCommand.java",46,"MethodArgumentCouldBeFinal","Code Style",3,"Parameter 'xpath' is not assigned and could be declared final","XmlNavigateCommand","XmlNavigateCommand","xpath"
"streamconverter-core/src/main/java/com/streamConverter/command/impl/XmlNavigateCommand.java",46,"MethodArgumentCouldBeFinal","Code Style",3,"Parameter 'rule' is not assigned and could be declared final","XmlNavigateCommand","XmlNavigateCommand","rule"
"streamconverter-core/src/main/java/com/streamConverter/command/impl/XmlNavigateCommand.java",67,"MethodArgumentCouldBeFinal","Code Style",3,"Parameter 'xpath' is not assigned and could be declared final","XmlNavigateCommand","XmlNavigateCommand","xpath"
"streamconverter-core/src/main/java/com/streamConverter/command/impl/XmlNavigateCommand.java",91,"MethodArgumentCouldBeFinal","Code Style",3,"Parameter 'xpath' is not assigned and could be declared final","XmlNavigateCommand","extractOnly","xpath"
"streamconverter-core/src/main/java/com/streamConverter/command/impl/XmlNavigateCommand.java",108,"OnlyOneReturn","Code Style",3,"A method should have only one exit point, and that should be the last statement in the method","XmlNavigateCommand","getCommandDetails",""
"streamconverter-core/src/main/java/com/streamConverter/command/impl/XmlNavigateCommand.java",115,"MethodArgumentCouldBeFinal","Code Style",3,"Parameter 'inputStream' is not assigned and could be declared final","XmlNavigateCommand","executeInternal","inputStream"
"streamconverter-core/src/main/java/com/streamConverter/command/impl/XmlNavigateCommand.java",115,"MethodArgumentCouldBeFinal","Code Style",3,"Parameter 'outputStream' is not assigned and could be declared final","XmlNavigateCommand","executeInternal","outputStream"
"streamconverter-core/src/main/java/com/streamConverter/command/impl/XmlNavigateCommand.java",131,"MethodArgumentCouldBeFinal","Code Style",3,"Parameter 'inputStream' is not assigned and could be declared final","XmlNavigateCommand","applyRuleToEntireXml","inputStream"
"streamconverter-core/src/main/java/com/streamConverter/command/impl/XmlNavigateCommand.java",131,"MethodArgumentCouldBeFinal","Code Style",3,"Parameter 'writer' is not assigned and could be declared final","XmlNavigateCommand","applyRuleToEntireXml","writer"
"streamconverter-core/src/main/java/com/streamConverter/command/impl/XmlNavigateCommand.java",151,"MethodArgumentCouldBeFinal","Code Style",3,"Parameter 'inputStream' is not assigned and could be declared final","XmlNavigateCommand","applyRuleToXmlPath","inputStream"
"streamconverter-core/src/main/java/com/streamConverter/command/impl/XmlNavigateCommand.java",151,"MethodArgumentCouldBeFinal","Code Style",3,"Parameter 'writer' is not assigned and could be declared final","XmlNavigateCommand","applyRuleToXmlPath","writer"
"streamconverter-core/src/main/java/com/streamConverter/command/impl/XmlNavigateCommand.java",167,"CognitiveComplexity","Design",3,"The method 'navigateXmlWithRule(XMLEventReader, XMLEventWriter, FixedStaXPathHandler, IRule)' has a cognitive complexity of 22, current threshold is 15","XmlNavigateCommand","navigateXmlWithRule",""
"streamconverter-core/src/main/java/com/streamConverter/command/impl/XmlNavigateCommand.java",167,"CyclomaticComplexity","Design",3,"The method 'navigateXmlWithRule(XMLEventReader, XMLEventWriter, FixedStaXPathHandler, IRule)' has a cyclomatic complexity of 11.","XmlNavigateCommand","navigateXmlWithRule",""
"streamconverter-core/src/main/java/com/streamConverter/command/impl/XmlNavigateCommand.java",168,"MethodArgumentCouldBeFinal","Code Style",3,"Parameter 'eventReader' is not assigned and could be declared final","XmlNavigateCommand","navigateXmlWithRule","eventReader"
"streamconverter-core/src/main/java/com/streamConverter/command/impl/XmlNavigateCommand.java",169,"MethodArgumentCouldBeFinal","Code Style",3,"Parameter 'eventWriter' is not assigned and could be declared final","XmlNavigateCommand","navigateXmlWithRule","eventWriter"
"streamconverter-core/src/main/java/com/streamConverter/command/impl/XmlNavigateCommand.java",170,"MethodArgumentCouldBeFinal","Code Style",3,"Parameter 'pathHandler' is not assigned and could be declared final","XmlNavigateCommand","navigateXmlWithRule","pathHandler"
"streamconverter-core/src/main/java/com/streamConverter/command/impl/XmlNavigateCommand.java",171,"MethodArgumentCouldBeFinal","Code Style",3,"Parameter 'rule' is not assigned and could be declared final","XmlNavigateCommand","navigateXmlWithRule","rule"
"streamconverter-core/src/main/java/com/streamConverter/command/impl/XmlNavigateCommand.java",173,"LocalVariableCouldBeFinal","Code Style",3,"Local variable 'currentPath' could be declared final","XmlNavigateCommand","navigateXmlWithRule","currentPath"
"streamconverter-core/src/main/java/com/streamConverter/command/impl/XmlNavigateCommand.java",178,"LocalVariableCouldBeFinal","Code Style",3,"Local variable 'event' could be declared final","XmlNavigateCommand","navigateXmlWithRule","event"
"streamconverter-core/src/main/java/com/streamConverter/command/impl/XmlNavigateCommand.java",181,"LocalVariableCouldBeFinal","Code Style",3,"Local variable 'elementName' could be declared final","XmlNavigateCommand","navigateXmlWithRule","elementName"
"streamconverter-core/src/main/java/com/streamConverter/command/impl/XmlNavigateCommand.java",181,"LawOfDemeter","Design",3,"Call to `getName` on foreign value `event.asStartElement()` (degree 1)","XmlNavigateCommand","navigateXmlWithRule","elementName"
"streamconverter-core/src/main/java/com/streamConverter/command/impl/XmlNavigateCommand.java",203,"LocalVariableCouldBeFinal","Code Style",3,"Local variable 'originalData' could be declared final","XmlNavigateCommand","navigateXmlWithRule","originalData"
"streamconverter-core/src/main/java/com/streamConverter/command/impl/XmlNavigateCommand.java",204,"LocalVariableCouldBeFinal","Code Style",3,"Local variable 'transformedData' could be declared final","XmlNavigateCommand","navigateXmlWithRule","transformedData"
"streamconverter-core/src/main/java/com/streamConverter/command/impl/XmlNavigateCommand.java",205,"ConfusingTernary","Code Style",3,"Avoid if (x != y) ..; else ..;","XmlNavigateCommand","navigateXmlWithRule",""
"streamconverter-core/src/main/java/com/streamConverter/command/impl/XmlNavigateCommand.java",207,"LocalVariableCouldBeFinal","Code Style",3,"Local variable 'transformedEvent' could be declared final","XmlNavigateCommand","navigateXmlWithRule","transformedEvent"
"streamconverter-core/src/main/java/com/streamConverter/command/impl/XmlNavigateCommand.java",217,"MethodArgumentCouldBeFinal","Code Style",3,"Parameter 'inputStream' is not assigned and could be declared final","XmlNavigateCommand","createXMLEventReader","inputStream"
"streamconverter-core/src/main/java/com/streamConverter/command/impl/XmlNavigateCommand.java",218,"LocalVariableCouldBeFinal","Code Style",3,"Local variable 'inputFactory' could be declared final","XmlNavigateCommand","createXMLEventReader","inputFactory"
"streamconverter-core/src/main/java/com/streamConverter/command/impl/XmlNavigateCommand.java",219,"LocalVariableCouldBeFinal","Code Style",3,"Local variable 'reader' could be declared final","XmlNavigateCommand","createXMLEventReader","reader"
"streamconverter-core/src/main/java/com/streamConverter/command/impl/XmlNavigateCommand.java",226,"MethodArgumentCouldBeFinal","Code Style",3,"Parameter 'writer' is not assigned and could be declared final","XmlNavigateCommand","createXMLEventWriter","writer"
"streamconverter-core/src/main/java/com/streamConverter/command/impl/XmlNavigateCommand.java",227,"LocalVariableCouldBeFinal","Code Style",3,"Local variable 'outputFactory' could be declared final","XmlNavigateCommand","createXMLEventWriter","outputFactory"
"streamconverter-core/src/main/java/com/streamConverter/command/impl/XmlNavigateCommand.java",231,"ShortVariable","Code Style",3,"Avoid variables with short names like e","XmlNavigateCommand","handleXmlException","e"
"streamconverter-core/src/main/java/com/streamConverter/command/impl/XmlNavigateCommand.java",231,"MethodArgumentCouldBeFinal","Code Style",3,"Parameter 'e' is not assigned and could be declared final","XmlNavigateCommand","handleXmlException","e"
"streamconverter-core/src/main/java/com/streamConverter/command/impl/XmlNavigateCommand.java",232,"LocalVariableCouldBeFinal","Code Style",3,"Local variable 'message' could be declared final","XmlNavigateCommand","handleXmlException","message"
"streamconverter-core/src/main/java/com/streamConverter/command/impl/XmlNavigateCommand.java",245,"MethodArgumentCouldBeFinal","Code Style",3,"Parameter 'eventReader' is not assigned and could be declared final","XmlNavigateCommand","processXmlEvents","eventReader"
"streamconverter-core/src/main/java/com/streamConverter/command/impl/XmlNavigateCommand.java",245,"MethodArgumentCouldBeFinal","Code Style",3,"Parameter 'eventWriter' is not assigned and could be declared final","XmlNavigateCommand","processXmlEvents","eventWriter"
"streamconverter-core/src/main/java/com/streamConverter/command/impl/XmlNavigateCommand.java",245,"MethodArgumentCouldBeFinal","Code Style",3,"Parameter 'processor' is not assigned and could be declared final","XmlNavigateCommand","processXmlEvents","processor"
"streamconverter-core/src/main/java/com/streamConverter/command/impl/XmlNavigateCommand.java",248,"LocalVariableCouldBeFinal","Code Style",3,"Local variable 'event' could be declared final","XmlNavigateCommand","processXmlEvents","event"
"streamconverter-core/src/main/java/com/streamConverter/command/impl/XmlNavigateCommand.java",251,"LocalVariableCouldBeFinal","Code Style",3,"Local variable 'originalData' could be declared final","XmlNavigateCommand","processXmlEvents","originalData"
"streamconverter-core/src/main/java/com/streamConverter/command/impl/XmlNavigateCommand.java",252,"LocalVariableCouldBeFinal","Code Style",3,"Local variable 'transformedData' could be declared final","XmlNavigateCommand","processXmlEvents","transformedData"
"streamconverter-core/src/main/java/com/streamConverter/command/impl/XmlNavigateCommand.java",254,"ConfusingTernary","Code Style",3,"Avoid if (x != y) ..; else ..;","XmlNavigateCommand","processXmlEvents",""
"streamconverter-core/src/main/java/com/streamConverter/command/impl/XmlNavigateCommand.java",255,"LocalVariableCouldBeFinal","Code Style",3,"Local variable 'transformedEvent' could be declared final","XmlNavigateCommand","processXmlEvents","transformedEvent"
"streamconverter-core/src/main/java/com/streamConverter/command/impl/XmlNavigateCommand.java",267,"MethodArgumentCouldBeFinal","Code Style",3,"Parameter 'eventReader' is not assigned and could be declared final","XmlNavigateCommand","closeResources","eventReader"
"streamconverter-core/src/main/java/com/streamConverter/command/impl/XmlNavigateCommand.java",267,"MethodArgumentCouldBeFinal","Code Style",3,"Parameter 'eventWriter' is not assigned and could be declared final","XmlNavigateCommand","closeResources","eventWriter"
"streamconverter-core/src/main/java/com/streamConverter/command/impl/XmlNavigateCommand.java",272,"GuardLogStatement","Best Practices",2,"Logger calls should be surrounded by log level guards.","XmlNavigateCommand","closeResources",""
"streamconverter-core/src/main/java/com/streamConverter/command/impl/XmlNavigateCommand.java",279,"GuardLogStatement","Best Practices",2,"Logger calls should be surrounded by log level guards.","XmlNavigateCommand","closeResources",""
"streamconverter-core/src/main/java/com/streamConverter/command/impl/analysis/PmdXmlToCsvCommand.java",1,"PackageCase","Code Style",3,"Package name contains upper case characters","PmdXmlToCsvCommand","",""
"streamconverter-core/src/main/java/com/streamConverter/command/impl/analysis/PmdXmlToCsvCommand.java",52,"CallSuperInConstructor","Code Style",3,"It is a good practice to call super() in a constructor","PmdXmlToCsvCommand","PmdXmlToCsvCommand",""
"streamconverter-core/src/main/java/com/streamConverter/command/impl/analysis/PmdXmlToCsvCommand.java",64,"MethodArgumentCouldBeFinal","Code Style",3,"Parameter 'input' is not assigned and could be declared final","PmdXmlToCsvCommand","executeInternal","input"
"streamconverter-core/src/main/java/com/streamConverter/command/impl/analysis/PmdXmlToCsvCommand.java",64,"MethodArgumentCouldBeFinal","Code Style",3,"Parameter 'output' is not assigned and could be declared final","PmdXmlToCsvCommand","executeInternal","output"
"streamconverter-core/src/main/java/com/streamConverter/command/impl/analysis/PmdXmlToCsvCommand.java",67,"LocalVariableCouldBeFinal","Code Style",3,"Local variable 'violations' could be declared final","PmdXmlToCsvCommand","executeInternal","violations"
"streamconverter-core/src/main/java/com/streamConverter/command/impl/analysis/PmdXmlToCsvCommand.java",70,"AvoidCatchingGenericException","Design",3,"Avoid catching generic exceptions such as NullPointerException, RuntimeException, Exception in try-catch block","PmdXmlToCsvCommand","executeInternal",""
"streamconverter-core/src/main/java/com/streamConverter/command/impl/analysis/PmdXmlToCsvCommand.java",87,"MethodArgumentCouldBeFinal","Code Style",3,"Parameter 'input' is not assigned and could be declared final","PmdXmlToCsvCommand","parseXmlStream","input"
"streamconverter-core/src/main/java/com/streamConverter/command/impl/analysis/PmdXmlToCsvCommand.java",87,"SignatureDeclareThrowsException","Design",3,"A method/constructor should not explicitly throw java.lang.Exception","PmdXmlToCsvCommand","parseXmlStream",""
"streamconverter-core/src/main/java/com/streamConverter/command/impl/analysis/PmdXmlToCsvCommand.java",88,"LocalVariableCouldBeFinal","Code Style",3,"Local variable 'builder' could be declared final","PmdXmlToCsvCommand","parseXmlStream","builder"
"streamconverter-core/src/main/java/com/streamConverter/command/impl/analysis/PmdXmlToCsvCommand.java",89,"LocalVariableCouldBeFinal","Code Style",3,"Local variable 'doc' could be declared final","PmdXmlToCsvCommand","parseXmlStream","doc"
"streamconverter-core/src/main/java/com/streamConverter/command/impl/analysis/PmdXmlToCsvCommand.java",91,"LocalVariableCouldBeFinal","Code Style",3,"Local variable 'fileNodes' could be declared final","PmdXmlToCsvCommand","parseXmlStream","fileNodes"
"streamconverter-core/src/main/java/com/streamConverter/command/impl/analysis/PmdXmlToCsvCommand.java",92,"LocalVariableCouldBeFinal","Code Style",3,"Local variable 'violations' could be declared final","PmdXmlToCsvCommand","parseXmlStream","violations"
"streamconverter-core/src/main/java/com/streamConverter/command/impl/analysis/PmdXmlToCsvCommand.java",95,"LocalVariableCouldBeFinal","Code Style",3,"Local variable 'fileElement' could be declared final","PmdXmlToCsvCommand","parseXmlStream","fileElement"
"streamconverter-core/src/main/java/com/streamConverter/command/impl/analysis/PmdXmlToCsvCommand.java",96,"LocalVariableCouldBeFinal","Code Style",3,"Local variable 'fileName' could be declared final","PmdXmlToCsvCommand","parseXmlStream","fileName"
"streamconverter-core/src/main/java/com/streamConverter/command/impl/analysis/PmdXmlToCsvCommand.java",98,"LocalVariableCouldBeFinal","Code Style",3,"Local variable 'violationNodes' could be declared final","PmdXmlToCsvCommand","parseXmlStream","violationNodes"
"streamconverter-core/src/main/java/com/streamConverter/command/impl/analysis/PmdXmlToCsvCommand.java",100,"LocalVariableCouldBeFinal","Code Style",3,"Local variable 'violationElement' could be declared final","PmdXmlToCsvCommand","parseXmlStream","violationElement"
"streamconverter-core/src/main/java/com/streamConverter/command/impl/analysis/PmdXmlToCsvCommand.java",102,"LocalVariableCouldBeFinal","Code Style",3,"Local variable 'violation' could be declared final","PmdXmlToCsvCommand","parseXmlStream","violation"
"streamconverter-core/src/main/java/com/streamConverter/command/impl/analysis/PmdXmlToCsvCommand.java",103,"AvoidInstantiatingObjectsInLoops","Performance",3,"Avoid instantiating new objects inside loops","PmdXmlToCsvCommand","parseXmlStream","violation"
"streamconverter-core/src/main/java/com/streamConverter/command/impl/analysis/PmdXmlToCsvCommand.java",121,"MethodArgumentCouldBeFinal","Code Style",3,"Parameter 'fullPath' is not assigned and could be declared final","PmdXmlToCsvCommand","extractRelativePath","fullPath"
"streamconverter-core/src/main/java/com/streamConverter/command/impl/analysis/PmdXmlToCsvCommand.java",122,"LocalVariableCouldBeFinal","Code Style",3,"Local variable 'index' could be declared final","PmdXmlToCsvCommand","extractRelativePath","index"
"streamconverter-core/src/main/java/com/streamConverter/command/impl/analysis/PmdXmlToCsvCommand.java",123,"ConfusingTernary","Code Style",3,"Avoid if (x != y) ..; else ..;","PmdXmlToCsvCommand","extractRelativePath",""
"streamconverter-core/src/main/java/com/streamConverter/command/impl/analysis/PmdXmlToCsvCommand.java",133,"MethodArgumentCouldBeFinal","Code Style",3,"Parameter 'violations' is not assigned and could be declared final","PmdXmlToCsvCommand","generateCsvOutput","violations"
"streamconverter-core/src/main/java/com/streamConverter/command/impl/analysis/PmdXmlToCsvCommand.java",133,"MethodArgumentCouldBeFinal","Code Style",3,"Parameter 'output' is not assigned and could be declared final","PmdXmlToCsvCommand","generateCsvOutput","output"
"streamconverter-core/src/main/java/com/streamConverter/command/impl/analysis/PmdXmlToCsvCommand.java",136,"LocalVariableCouldBeFinal","Code Style",3,"Local variable 'schema' could be declared final","PmdXmlToCsvCommand","generateCsvOutput","schema"
"streamconverter-core/src/main/java/com/streamConverter/command/impl/analysis/PmdXmlToJsonCommand.java",1,"PackageCase","Code Style",3,"Package name contains upper case characters","PmdXmlToJsonCommand","",""
"streamconverter-core/src/main/java/com/streamConverter/command/impl/analysis/PmdXmlToJsonCommand.java",71,"CallSuperInConstructor","Code Style",3,"It is a good practice to call super() in a constructor","PmdXmlToJsonCommand","PmdXmlToJsonCommand",""
"streamconverter-core/src/main/java/com/streamConverter/command/impl/analysis/PmdXmlToJsonCommand.java",86,"MethodArgumentCouldBeFinal","Code Style",3,"Parameter 'input' is not assigned and could be declared final","PmdXmlToJsonCommand","executeInternal","input"
"streamconverter-core/src/main/java/com/streamConverter/command/impl/analysis/PmdXmlToJsonCommand.java",86,"MethodArgumentCouldBeFinal","Code Style",3,"Parameter 'output' is not assigned and could be declared final","PmdXmlToJsonCommand","executeInternal","output"
"streamconverter-core/src/main/java/com/streamConverter/command/impl/analysis/PmdXmlToJsonCommand.java",89,"LocalVariableCouldBeFinal","Code Style",3,"Local variable 'violations' could be declared final","PmdXmlToJsonCommand","executeInternal","violations"
"streamconverter-core/src/main/java/com/streamConverter/command/impl/analysis/PmdXmlToJsonCommand.java",90,"LocalVariableCouldBeFinal","Code Style",3,"Local variable 'report' could be declared final","PmdXmlToJsonCommand","executeInternal","report"
"streamconverter-core/src/main/java/com/streamConverter/command/impl/analysis/PmdXmlToJsonCommand.java",95,"AvoidCatchingGenericException","Design",3,"Avoid catching generic exceptions such as NullPointerException, RuntimeException, Exception in try-catch block","PmdXmlToJsonCommand","executeInternal",""
"streamconverter-core/src/main/java/com/streamConverter/command/impl/analysis/PmdXmlToJsonCommand.java",106,"MethodArgumentCouldBeFinal","Code Style",3,"Parameter 'input' is not assigned and could be declared final","PmdXmlToJsonCommand","parseXmlStream","input"
"streamconverter-core/src/main/java/com/streamConverter/command/impl/analysis/PmdXmlToJsonCommand.java",106,"SignatureDeclareThrowsException","Design",3,"A method/constructor should not explicitly throw java.lang.Exception","PmdXmlToJsonCommand","parseXmlStream",""
"streamconverter-core/src/main/java/com/streamConverter/command/impl/analysis/PmdXmlToJsonCommand.java",107,"LocalVariableCouldBeFinal","Code Style",3,"Local variable 'builder' could be declared final","PmdXmlToJsonCommand","parseXmlStream","builder"
"streamconverter-core/src/main/java/com/streamConverter/command/impl/analysis/PmdXmlToJsonCommand.java",108,"LocalVariableCouldBeFinal","Code Style",3,"Local variable 'doc' could be declared final","PmdXmlToJsonCommand","parseXmlStream","doc"
"streamconverter-core/src/main/java/com/streamConverter/command/impl/analysis/PmdXmlToJsonCommand.java",110,"LocalVariableCouldBeFinal","Code Style",3,"Local variable 'fileNodes' could be declared final","PmdXmlToJsonCommand","parseXmlStream","fileNodes"
"streamconverter-core/src/main/java/com/streamConverter/command/impl/analysis/PmdXmlToJsonCommand.java",111,"LocalVariableCouldBeFinal","Code Style",3,"Local variable 'violations' could be declared final","PmdXmlToJsonCommand","parseXmlStream","violations"
"streamconverter-core/src/main/java/com/streamConverter/command/impl/analysis/PmdXmlToJsonCommand.java",114,"LocalVariableCouldBeFinal","Code Style",3,"Local variable 'fileElement' could be declared final","PmdXmlToJsonCommand","parseXmlStream","fileElement"
"streamconverter-core/src/main/java/com/streamConverter/command/impl/analysis/PmdXmlToJsonCommand.java",115,"LocalVariableCouldBeFinal","Code Style",3,"Local variable 'fileName' could be declared final","PmdXmlToJsonCommand","parseXmlStream","fileName"
"streamconverter-core/src/main/java/com/streamConverter/command/impl/analysis/PmdXmlToJsonCommand.java",117,"LocalVariableCouldBeFinal","Code Style",3,"Local variable 'violationNodes' could be declared final","PmdXmlToJsonCommand","parseXmlStream","violationNodes"
"streamconverter-core/src/main/java/com/streamConverter/command/impl/analysis/PmdXmlToJsonCommand.java",119,"LocalVariableCouldBeFinal","Code Style",3,"Local variable 'violationElement' could be declared final","PmdXmlToJsonCommand","parseXmlStream","violationElement"
"streamconverter-core/src/main/java/com/streamConverter/command/impl/analysis/PmdXmlToJsonCommand.java",121,"LocalVariableCouldBeFinal","Code Style",3,"Local variable 'violation' could be declared final","PmdXmlToJsonCommand","parseXmlStream","violation"
"streamconverter-core/src/main/java/com/streamConverter/command/impl/analysis/PmdXmlToJsonCommand.java",122,"AvoidInstantiatingObjectsInLoops","Performance",3,"Avoid instantiating new objects inside loops","PmdXmlToJsonCommand","parseXmlStream","violation"
"streamconverter-core/src/main/java/com/streamConverter/command/impl/analysis/PmdXmlToJsonCommand.java",140,"MethodArgumentCouldBeFinal","Code Style",3,"Parameter 'fullPath' is not assigned and could be declared final","PmdXmlToJsonCommand","extractRelativePath","fullPath"
"streamconverter-core/src/main/java/com/streamConverter/command/impl/analysis/PmdXmlToJsonCommand.java",141,"LocalVariableCouldBeFinal","Code Style",3,"Local variable 'index' could be declared final","PmdXmlToJsonCommand","extractRelativePath","index"
"streamconverter-core/src/main/java/com/streamConverter/command/impl/analysis/PmdXmlToJsonCommand.java",142,"ConfusingTernary","Code Style",3,"Avoid if (x != y) ..; else ..;","PmdXmlToJsonCommand","extractRelativePath",""
"streamconverter-core/src/main/java/com/streamConverter/command/impl/analysis/PmdXmlToJsonCommand.java",146,"MethodArgumentCouldBeFinal","Code Style",3,"Parameter 'violations' is not assigned and could be declared final","PmdXmlToJsonCommand","createJsonReport","violations"
"streamconverter-core/src/main/java/com/streamConverter/command/impl/analysis/PmdXmlToJsonCommand.java",147,"LocalVariableCouldBeFinal","Code Style",3,"Local variable 'summary' could be declared final","PmdXmlToJsonCommand","createJsonReport","summary"
"streamconverter-core/src/main/java/com/streamConverter/command/impl/analysis/PmdXmlToJsonCommand.java",156,"UnnecessaryModifier","Code Style",3,"Unnecessary modifier 'static' on record 'PmdJsonReport': records are implicitly static","PmdJsonReport","",""
"streamconverter-core/src/main/java/com/streamConverter/command/impl/analysis/PmdXmlToJsonCommand.java",159,"UnnecessaryModifier","Code Style",3,"Unnecessary modifier 'static' on record 'PmdJsonSummary': records are implicitly static","PmdJsonSummary","",""
"streamconverter-core/src/main/java/com/streamConverter/command/impl/analysis/PmdXmlToMarkdownCommand.java",1,"PackageCase","Code Style",3,"Package name contains upper case characters","PmdXmlToMarkdownCommand","",""
"streamconverter-core/src/main/java/com/streamConverter/command/impl/analysis/PmdXmlToMarkdownCommand.java",41,"AtLeastOneConstructor","Code Style",3,"Each class should declare at least one constructor","PmdXmlToMarkdownCommand","",""
"streamconverter-core/src/main/java/com/streamConverter/command/impl/analysis/PmdXmlToMarkdownCommand.java",51,"MethodArgumentCouldBeFinal","Code Style",3,"Parameter 'input' is not assigned and could be declared final","PmdXmlToMarkdownCommand","executeInternal","input"
"streamconverter-core/src/main/java/com/streamConverter/command/impl/analysis/PmdXmlToMarkdownCommand.java",51,"MethodArgumentCouldBeFinal","Code Style",3,"Parameter 'output' is not assigned and could be declared final","PmdXmlToMarkdownCommand","executeInternal","output"
"streamconverter-core/src/main/java/com/streamConverter/command/impl/analysis/PmdXmlToMarkdownCommand.java",54,"LocalVariableCouldBeFinal","Code Style",3,"Local variable 'violations' could be declared final","PmdXmlToMarkdownCommand","executeInternal","violations"
"streamconverter-core/src/main/java/com/streamConverter/command/impl/analysis/PmdXmlToMarkdownCommand.java",55,"LocalVariableCouldBeFinal","Code Style",3,"Local variable 'markdownReport' could be declared final","PmdXmlToMarkdownCommand","executeInternal","markdownReport"
"streamconverter-core/src/main/java/com/streamConverter/command/impl/analysis/PmdXmlToMarkdownCommand.java",58,"AvoidCatchingGenericException","Design",3,"Avoid catching generic exceptions such as NullPointerException, RuntimeException, Exception in try-catch block","PmdXmlToMarkdownCommand","executeInternal",""
"streamconverter-core/src/main/java/com/streamConverter/command/impl/analysis/PmdXmlToMarkdownCommand.java",75,"MethodArgumentCouldBeFinal","Code Style",3,"Parameter 'input' is not assigned and could be declared final","PmdXmlToMarkdownCommand","parseXmlStream","input"
"streamconverter-core/src/main/java/com/streamConverter/command/impl/analysis/PmdXmlToMarkdownCommand.java",75,"SignatureDeclareThrowsException","Design",3,"A method/constructor should not explicitly throw java.lang.Exception","PmdXmlToMarkdownCommand","parseXmlStream",""
"streamconverter-core/src/main/java/com/streamConverter/command/impl/analysis/PmdXmlToMarkdownCommand.java",76,"LocalVariableCouldBeFinal","Code Style",3,"Local variable 'builder' could be declared final","PmdXmlToMarkdownCommand","parseXmlStream","builder"
"streamconverter-core/src/main/java/com/streamConverter/command/impl/analysis/PmdXmlToMarkdownCommand.java",77,"LocalVariableCouldBeFinal","Code Style",3,"Local variable 'doc' could be declared final","PmdXmlToMarkdownCommand","parseXmlStream","doc"
"streamconverter-core/src/main/java/com/streamConverter/command/impl/analysis/PmdXmlToMarkdownCommand.java",79,"LocalVariableCouldBeFinal","Code Style",3,"Local variable 'fileNodes' could be declared final","PmdXmlToMarkdownCommand","parseXmlStream","fileNodes"
"streamconverter-core/src/main/java/com/streamConverter/command/impl/analysis/PmdXmlToMarkdownCommand.java",80,"LocalVariableCouldBeFinal","Code Style",3,"Local variable 'violations' could be declared final","PmdXmlToMarkdownCommand","parseXmlStream","violations"
"streamconverter-core/src/main/java/com/streamConverter/command/impl/analysis/PmdXmlToMarkdownCommand.java",83,"LocalVariableCouldBeFinal","Code Style",3,"Local variable 'fileElement' could be declared final","PmdXmlToMarkdownCommand","parseXmlStream","fileElement"
"streamconverter-core/src/main/java/com/streamConverter/command/impl/analysis/PmdXmlToMarkdownCommand.java",84,"LocalVariableCouldBeFinal","Code Style",3,"Local variable 'fileName' could be declared final","PmdXmlToMarkdownCommand","parseXmlStream","fileName"
"streamconverter-core/src/main/java/com/streamConverter/command/impl/analysis/PmdXmlToMarkdownCommand.java",86,"LocalVariableCouldBeFinal","Code Style",3,"Local variable 'violationNodes' could be declared final","PmdXmlToMarkdownCommand","parseXmlStream","violationNodes"
"streamconverter-core/src/main/java/com/streamConverter/command/impl/analysis/PmdXmlToMarkdownCommand.java",88,"LocalVariableCouldBeFinal","Code Style",3,"Local variable 'violationElement' could be declared final","PmdXmlToMarkdownCommand","parseXmlStream","violationElement"
"streamconverter-core/src/main/java/com/streamConverter/command/impl/analysis/PmdXmlToMarkdownCommand.java",90,"LocalVariableCouldBeFinal","Code Style",3,"Local variable 'violation' could be declared final","PmdXmlToMarkdownCommand","parseXmlStream","violation"
"streamconverter-core/src/main/java/com/streamConverter/command/impl/analysis/PmdXmlToMarkdownCommand.java",91,"AvoidInstantiatingObjectsInLoops","Performance",3,"Avoid instantiating new objects inside loops","PmdXmlToMarkdownCommand","parseXmlStream","violation"
"streamconverter-core/src/main/java/com/streamConverter/command/impl/analysis/PmdXmlToMarkdownCommand.java",109,"MethodArgumentCouldBeFinal","Code Style",3,"Parameter 'fullPath' is not assigned and could be declared final","PmdXmlToMarkdownCommand","extractRelativePath","fullPath"
"streamconverter-core/src/main/java/com/streamConverter/command/impl/analysis/PmdXmlToMarkdownCommand.java",110,"LocalVariableCouldBeFinal","Code Style",3,"Local variable 'index' could be declared final","PmdXmlToMarkdownCommand","extractRelativePath","index"
"streamconverter-core/src/main/java/com/streamConverter/command/impl/analysis/PmdXmlToMarkdownCommand.java",111,"ConfusingTernary","Code Style",3,"Avoid if (x != y) ..; else ..;","PmdXmlToMarkdownCommand","extractRelativePath",""
"streamconverter-core/src/main/java/com/streamConverter/command/impl/analysis/PmdXmlToMarkdownCommand.java",120,"MethodArgumentCouldBeFinal","Code Style",3,"Parameter 'violations' is not assigned and could be declared final","PmdXmlToMarkdownCommand","generateMarkdownReport","violations"
"streamconverter-core/src/main/java/com/streamConverter/command/impl/analysis/PmdXmlToMarkdownCommand.java",121,"ShortVariable","Code Style",3,"Avoid variables with short names like md","PmdXmlToMarkdownCommand","generateMarkdownReport","md"
"streamconverter-core/src/main/java/com/streamConverter/command/impl/analysis/PmdXmlToMarkdownCommand.java",121,"LocalVariableCouldBeFinal","Code Style",3,"Local variable 'md' could be declared final","PmdXmlToMarkdownCommand","generateMarkdownReport","md"
"streamconverter-core/src/main/java/com/streamConverter/command/impl/analysis/PmdXmlToMarkdownCommand.java",121,"InsufficientStringBufferDeclaration","Performance",3,"StringBuilder has been initialized with size 16, but has at least 76 characters appended.","PmdXmlToMarkdownCommand","generateMarkdownReport","md"
"streamconverter-core/src/main/java/com/streamConverter/command/impl/analysis/PmdXmlToMarkdownCommand.java",124,"ConsecutiveAppendsShouldReuse","Performance",3,"StringBuffer (or StringBuilder).append is called consecutively without reusing the target variable.","PmdXmlToMarkdownCommand","generateMarkdownReport",""
"streamconverter-core/src/main/java/com/streamConverter/command/impl/analysis/PmdXmlToMarkdownCommand.java",124,"ConsecutiveLiteralAppends","Performance",3,"StringBuffer (or StringBuilder).append is called 2 consecutive times with literals. Use a single append with a single combined String.","PmdXmlToMarkdownCommand","generateMarkdownReport",""
"streamconverter-core/src/main/java/com/streamConverter/command/impl/analysis/PmdXmlToMarkdownCommand.java",125,"ConsecutiveAppendsShouldReuse","Performance",3,"StringBuffer (or StringBuilder).append is called consecutively without reusing the target variable.","PmdXmlToMarkdownCommand","generateMarkdownReport",""
"streamconverter-core/src/main/java/com/streamConverter/command/impl/analysis/PmdXmlToMarkdownCommand.java",125,"AppendCharacterWithChar","Performance",3,"Avoid appending characters as strings in StringBuffer.append.","PmdXmlToMarkdownCommand","generateMarkdownReport",""
"streamconverter-core/src/main/java/com/streamConverter/command/impl/analysis/PmdXmlToMarkdownCommand.java",125,"ConsecutiveLiteralAppends","Performance",3,"StringBuffer (or StringBuilder).append is called 2 consecutive times with literals. Use a single append with a single combined String.","PmdXmlToMarkdownCommand","generateMarkdownReport",""
"streamconverter-core/src/main/java/com/streamConverter/command/impl/analysis/PmdXmlToMarkdownCommand.java",141,"ShortVariable","Code Style",3,"Avoid variables with short names like md","PmdXmlToMarkdownCommand","generateTopRulesSection","md"
"streamconverter-core/src/main/java/com/streamConverter/command/impl/analysis/PmdXmlToMarkdownCommand.java",141,"MethodArgumentCouldBeFinal","Code Style",3,"Parameter 'md' is not assigned and could be declared final","PmdXmlToMarkdownCommand","generateTopRulesSection","md"
"streamconverter-core/src/main/java/com/streamConverter/command/impl/analysis/PmdXmlToMarkdownCommand.java",141,"MethodArgumentCouldBeFinal","Code Style",3,"Parameter 'violations' is not assigned and could be declared final","PmdXmlToMarkdownCommand","generateTopRulesSection","violations"
"streamconverter-core/src/main/java/com/streamConverter/command/impl/analysis/PmdXmlToMarkdownCommand.java",142,"LocalVariableCouldBeFinal","Code Style",3,"Local variable 'ruleStats' could be declared final","PmdXmlToMarkdownCommand","generateTopRulesSection","ruleStats"
"streamconverter-core/src/main/java/com/streamConverter/command/impl/analysis/PmdXmlToMarkdownCommand.java",146,"ConsecutiveAppendsShouldReuse","Performance",3,"StringBuffer (or StringBuilder).append is called consecutively without reusing the target variable.","PmdXmlToMarkdownCommand","generateTopRulesSection",""
"streamconverter-core/src/main/java/com/streamConverter/command/impl/analysis/PmdXmlToMarkdownCommand.java",146,"ConsecutiveLiteralAppends","Performance",3,"StringBuffer (or StringBuilder).append is called 3 consecutive times with literals. Use a single append with a single combined String.","PmdXmlToMarkdownCommand","generateTopRulesSection",""
"streamconverter-core/src/main/java/com/streamConverter/command/impl/analysis/PmdXmlToMarkdownCommand.java",147,"ConsecutiveAppendsShouldReuse","Performance",3,"StringBuffer (or StringBuilder).append is called consecutively without reusing the target variable.","PmdXmlToMarkdownCommand","generateTopRulesSection",""
"streamconverter-core/src/main/java/com/streamConverter/command/impl/analysis/PmdXmlToMarkdownCommand.java",150,"LocalVariableCouldBeFinal","Code Style",3,"Local variable 'rank' could be declared final","PmdXmlToMarkdownCommand","generateTopRulesSection","rank"
"streamconverter-core/src/main/java/com/streamConverter/command/impl/analysis/PmdXmlToMarkdownCommand.java",156,"LocalVariableCouldBeFinal","Code Style",3,"Local variable 'category' could be declared final","PmdXmlToMarkdownCommand","generateTopRulesSection","category"
"streamconverter-core/src/main/java/com/streamConverter/command/impl/analysis/PmdXmlToMarkdownCommand.java",169,"ShortVariable","Code Style",3,"Avoid variables with short names like md","PmdXmlToMarkdownCommand","generateFileStatisticsSection","md"
"streamconverter-core/src/main/java/com/streamConverter/command/impl/analysis/PmdXmlToMarkdownCommand.java",169,"MethodArgumentCouldBeFinal","Code Style",3,"Parameter 'md' is not assigned and could be declared final","PmdXmlToMarkdownCommand","generateFileStatisticsSection","md"
"streamconverter-core/src/main/java/com/streamConverter/command/impl/analysis/PmdXmlToMarkdownCommand.java",169,"MethodArgumentCouldBeFinal","Code Style",3,"Parameter 'violations' is not assigned and could be declared final","PmdXmlToMarkdownCommand","generateFileStatisticsSection","violations"
"streamconverter-core/src/main/java/com/streamConverter/command/impl/analysis/PmdXmlToMarkdownCommand.java",170,"LocalVariableCouldBeFinal","Code Style",3,"Local variable 'fileStats' could be declared final","PmdXmlToMarkdownCommand","generateFileStatisticsSection","fileStats"
"streamconverter-core/src/main/java/com/streamConverter/command/impl/analysis/PmdXmlToMarkdownCommand.java",174,"ConsecutiveAppendsShouldReuse","Performance",3,"StringBuffer (or StringBuilder).append is called consecutively without reusing the target variable.","PmdXmlToMarkdownCommand","generateFileStatisticsSection",""
"streamconverter-core/src/main/java/com/streamConverter/command/impl/analysis/PmdXmlToMarkdownCommand.java",174,"ConsecutiveLiteralAppends","Performance",3,"StringBuffer (or StringBuilder).append is called 3 consecutive times with literals. Use a single append with a single combined String.","PmdXmlToMarkdownCommand","generateFileStatisticsSection",""
"streamconverter-core/src/main/java/com/streamConverter/command/impl/analysis/PmdXmlToMarkdownCommand.java",175,"ConsecutiveAppendsShouldReuse","Performance",3,"StringBuffer (or StringBuilder).append is called consecutively without reusing the target variable.","PmdXmlToMarkdownCommand","generateFileStatisticsSection",""
"streamconverter-core/src/main/java/com/streamConverter/command/impl/analysis/PmdXmlToMarkdownCommand.java",192,"ShortVariable","Code Style",3,"Avoid variables with short names like md","PmdXmlToMarkdownCommand","generatePriorityDistributionSection","md"
"streamconverter-core/src/main/java/com/streamConverter/command/impl/analysis/PmdXmlToMarkdownCommand.java",192,"MethodArgumentCouldBeFinal","Code Style",3,"Parameter 'md' is not assigned and could be declared final","PmdXmlToMarkdownCommand","generatePriorityDistributionSection","md"
"streamconverter-core/src/main/java/com/streamConverter/command/impl/analysis/PmdXmlToMarkdownCommand.java",192,"MethodArgumentCouldBeFinal","Code Style",3,"Parameter 'violations' is not assigned and could be declared final","PmdXmlToMarkdownCommand","generatePriorityDistributionSection","violations"
"streamconverter-core/src/main/java/com/streamConverter/command/impl/analysis/PmdXmlToMarkdownCommand.java",193,"LocalVariableCouldBeFinal","Code Style",3,"Local variable 'priorityStats' could be declared final","PmdXmlToMarkdownCommand","generatePriorityDistributionSection","priorityStats"
"streamconverter-core/src/main/java/com/streamConverter/command/impl/analysis/PmdXmlToMarkdownCommand.java",197,"ConsecutiveAppendsShouldReuse","Performance",3,"StringBuffer (or StringBuilder).append is called consecutively without reusing the target variable.","PmdXmlToMarkdownCommand","generatePriorityDistributionSection",""
"streamconverter-core/src/main/java/com/streamConverter/command/impl/analysis/PmdXmlToMarkdownCommand.java",197,"ConsecutiveLiteralAppends","Performance",3,"StringBuffer (or StringBuilder).append is called 3 consecutive times with literals. Use a single append with a single combined String.","PmdXmlToMarkdownCommand","generatePriorityDistributionSection",""
"streamconverter-core/src/main/java/com/streamConverter/command/impl/analysis/PmdXmlToMarkdownCommand.java",198,"ConsecutiveAppendsShouldReuse","Performance",3,"StringBuffer (or StringBuilder).append is called consecutively without reusing the target variable.","PmdXmlToMarkdownCommand","generatePriorityDistributionSection",""
"streamconverter-core/src/main/java/com/streamConverter/command/impl/analysis/PmdXmlToMarkdownCommand.java",205,"LocalVariableCouldBeFinal","Code Style",3,"Local variable 'desc' could be declared final","PmdXmlToMarkdownCommand","generatePriorityDistributionSection","desc"
"streamconverter-core/src/main/java/com/streamConverter/command/impl/charaCode/CharacterConvertCommand.java",1,"PackageCase","Code Style",3,"Package name contains upper case characters","CharacterConvertCommand","",""
"streamconverter-core/src/main/java/com/streamConverter/command/impl/charaCode/CharacterConvertCommand.java",20,"ImmutableField","Design",3,"Field 'from' may be declared final","CharacterConvertCommand","","from"
"streamconverter-core/src/main/java/com/streamConverter/command/impl/charaCode/CharacterConvertCommand.java",21,"ShortVariable","Code Style",3,"Avoid variables with short names like to","CharacterConvertCommand","","to"
"streamconverter-core/src/main/java/com/streamConverter/command/impl/charaCode/CharacterConvertCommand.java",21,"ImmutableField","Design",3,"Field 'to' may be declared final","CharacterConvertCommand","","to"
"streamconverter-core/src/main/java/com/streamConverter/command/impl/charaCode/CharacterConvertCommand.java",30,"CallSuperInConstructor","Code Style",3,"It is a good practice to call super() in a constructor","CharacterConvertCommand","CharacterConvertCommand",""
"streamconverter-core/src/main/java/com/streamConverter/command/impl/charaCode/CharacterConvertCommand.java",30,"MethodArgumentCouldBeFinal","Code Style",3,"Parameter 'from' is not assigned and could be declared final","CharacterConvertCommand","CharacterConvertCommand","from"
"streamconverter-core/src/main/java/com/streamConverter/command/impl/charaCode/CharacterConvertCommand.java",30,"ShortVariable","Code Style",3,"Avoid variables with short names like to","CharacterConvertCommand","CharacterConvertCommand","to"
"streamconverter-core/src/main/java/com/streamConverter/command/impl/charaCode/CharacterConvertCommand.java",30,"MethodArgumentCouldBeFinal","Code Style",3,"Parameter 'to' is not assigned and could be declared final","CharacterConvertCommand","CharacterConvertCommand","to"
"streamconverter-core/src/main/java/com/streamConverter/command/impl/charaCode/CharacterConvertCommand.java",33,"SimplifyBooleanExpressions","Design",3,"Avoid unnecessary comparisons in boolean expressions","CharacterConvertCommand","CharacterConvertCommand",""
"streamconverter-core/src/main/java/com/streamConverter/command/impl/charaCode/CharacterConvertCommand.java",36,"SimplifyBooleanExpressions","Design",3,"Avoid unnecessary comparisons in boolean expressions","CharacterConvertCommand","CharacterConvertCommand",""
"streamconverter-core/src/main/java/com/streamConverter/command/impl/charaCode/CharacterConvertCommand.java",52,"MethodArgumentCouldBeFinal","Code Style",3,"Parameter 'inputStream' is not assigned and could be declared final","CharacterConvertCommand","executeInternal","inputStream"
"streamconverter-core/src/main/java/com/streamConverter/command/impl/charaCode/CharacterConvertCommand.java",52,"MethodArgumentCouldBeFinal","Code Style",3,"Parameter 'outputStream' is not assigned and could be declared final","CharacterConvertCommand","executeInternal","outputStream"
"streamconverter-core/src/main/java/com/streamConverter/command/impl/charaCode/CharacterConvertCommand.java",63,"LocalVariableCouldBeFinal","Code Style",3,"Local variable 'buffer' could be declared final","CharacterConvertCommand","executeInternal","buffer"
"streamconverter-core/src/main/java/com/streamConverter/command/impl/charaCode/CharacterConvertCommand.java",66,"AssignmentInOperand","Error Prone",3,"Avoid assignments in operands","CharacterConvertCommand","executeInternal",""
"streamconverter-core/src/main/java/com/streamConverter/command/impl/csv/CsvValidateCommand.java",1,"PackageCase","Code Style",3,"Package name contains upper case characters","CsvValidateCommand","",""
"streamconverter-core/src/main/java/com/streamConverter/command/impl/csv/CsvValidateCommand.java",43,"AvoidFieldNameMatchingMethodName","Error Prone",3,"Field hasHeader has the same name as a method","CsvValidateCommand","","hasHeader"
"streamconverter-core/src/main/java/com/streamConverter/command/impl/csv/CsvValidateCommand.java",52,"UseVarargs","Best Practices",4,"Consider using varargs for methods or constructors which take an array the last parameter.","CsvValidateCommand","CsvValidateCommand","requiredColumns"
"streamconverter-core/src/main/java/com/streamConverter/command/impl/csv/CsvValidateCommand.java",52,"MethodArgumentCouldBeFinal","Code Style",3,"Parameter 'requiredColumns' is not assigned and could be declared final","CsvValidateCommand","CsvValidateCommand","requiredColumns"
"streamconverter-core/src/main/java/com/streamConverter/command/impl/csv/CsvValidateCommand.java",64,"CallSuperInConstructor","Code Style",3,"It is a good practice to call super() in a constructor","CsvValidateCommand","CsvValidateCommand",""
"streamconverter-core/src/main/java/com/streamConverter/command/impl/csv/CsvValidateCommand.java",64,"MethodArgumentCouldBeFinal","Code Style",3,"Parameter 'requiredColumns' is not assigned and could be declared final","CsvValidateCommand","CsvValidateCommand","requiredColumns"
"streamconverter-core/src/main/java/com/streamConverter/command/impl/csv/CsvValidateCommand.java",64,"MethodArgumentCouldBeFinal","Code Style",3,"Parameter 'hasHeader' is not assigned and could be declared final","CsvValidateCommand","CsvValidateCommand","hasHeader"
"streamconverter-core/src/main/java/com/streamConverter/command/impl/csv/CsvValidateCommand.java",64,"MethodArgumentCouldBeFinal","Code Style",3,"Parameter 'maxErrorsToReport' is not assigned and could be declared final","CsvValidateCommand","CsvValidateCommand","maxErrorsToReport"
"streamconverter-core/src/main/java/com/streamConverter/command/impl/csv/CsvValidateCommand.java",73,"LocalVariableCouldBeFinal","Code Style",3,"Local variable 'column' could be declared final","CsvValidateCommand","CsvValidateCommand","column"
"streamconverter-core/src/main/java/com/streamConverter/command/impl/csv/CsvValidateCommand.java",74,"InefficientEmptyStringCheck","Performance",3,"String.trim().length() == 0 / String.trim().isEmpty() is an inefficient way to validate a blank String.","CsvValidateCommand","CsvValidateCommand",""
"streamconverter-core/src/main/java/com/streamConverter/command/impl/csv/CsvValidateCommand.java",94,"CyclomaticComplexity","Design",3,"The method 'consume(InputStream)' has a cyclomatic complexity of 13.","CsvValidateCommand","consume",""
"streamconverter-core/src/main/java/com/streamConverter/command/impl/csv/CsvValidateCommand.java",94,"MethodArgumentCouldBeFinal","Code Style",3,"Parameter 'inputStream' is not assigned and could be declared final","CsvValidateCommand","consume","inputStream"
"streamconverter-core/src/main/java/com/streamConverter/command/impl/csv/CsvValidateCommand.java",97,"GuardLogStatement","Best Practices",2,"Logger calls should be surrounded by log level guards.","CsvValidateCommand","consume",""
"streamconverter-core/src/main/java/com/streamConverter/command/impl/csv/CsvValidateCommand.java",102,"LocalVariableCouldBeFinal","Code Style",3,"Local variable 'validationErrors' could be declared final","CsvValidateCommand","consume","validationErrors"
"streamconverter-core/src/main/java/com/streamConverter/command/impl/csv/CsvValidateCommand.java",107,"LocalVariableCouldBeFinal","Code Style",3,"Local variable 'allRows' could be declared final","CsvValidateCommand","consume","allRows"
"streamconverter-core/src/main/java/com/streamConverter/command/impl/csv/CsvValidateCommand.java",113,"GuardLogStatement","Best Practices",2,"Logger calls should be surrounded by log level guards.","CsvValidateCommand","consume",""
"streamconverter-core/src/main/java/com/streamConverter/command/impl/csv/CsvValidateCommand.java",138,"GuardLogStatement","Best Practices",2,"Logger calls should be surrounded by log level guards.","CsvValidateCommand","consume",""
"streamconverter-core/src/main/java/com/streamConverter/command/impl/csv/CsvValidateCommand.java",140,"AvoidRethrowingException","Design",3,"A catch statement that catches an exception only to rethrow it should be avoided.","CsvValidateCommand","consume",""
"streamconverter-core/src/main/java/com/streamConverter/command/impl/csv/CsvValidateCommand.java",142,"AvoidCatchingGenericException","Design",3,"Avoid catching generic exceptions such as NullPointerException, RuntimeException, Exception in try-catch block","CsvValidateCommand","consume",""
"streamconverter-core/src/main/java/com/streamConverter/command/impl/csv/CsvValidateCommand.java",143,"GuardLogStatement","Best Practices",2,"Logger calls should be surrounded by log level guards.","CsvValidateCommand","consume",""
"streamconverter-core/src/main/java/com/streamConverter/command/impl/csv/CsvValidateCommand.java",149,"CognitiveComplexity","Design",3,"The method 'validateHeaders(String[], List<String>)' has a cognitive complexity of 17, current threshold is 15","CsvValidateCommand","validateHeaders",""
"streamconverter-core/src/main/java/com/streamConverter/command/impl/csv/CsvValidateCommand.java",149,"CyclomaticComplexity","Design",3,"The method 'validateHeaders(String[], List<String>)' has a cyclomatic complexity of 12.","CsvValidateCommand","validateHeaders",""
"streamconverter-core/src/main/java/com/streamConverter/command/impl/csv/CsvValidateCommand.java",149,"MethodArgumentCouldBeFinal","Code Style",3,"Parameter 'headers' is not assigned and could be declared final","CsvValidateCommand","validateHeaders","headers"
"streamconverter-core/src/main/java/com/streamConverter/command/impl/csv/CsvValidateCommand.java",149,"MethodArgumentCouldBeFinal","Code Style",3,"Parameter 'errors' is not assigned and could be declared final","CsvValidateCommand","validateHeaders","errors"
"streamconverter-core/src/main/java/com/streamConverter/command/impl/csv/CsvValidateCommand.java",156,"LocalVariableCouldBeFinal","Code Style",3,"Local variable 'headerSet' could be declared final","CsvValidateCommand","validateHeaders","headerSet"
"streamconverter-core/src/main/java/com/streamConverter/command/impl/csv/CsvValidateCommand.java",157,"LocalVariableCouldBeFinal","Code Style",3,"Local variable 'duplicates' could be declared final","CsvValidateCommand","validateHeaders","duplicates"
"streamconverter-core/src/main/java/com/streamConverter/command/impl/csv/CsvValidateCommand.java",159,"LocalVariableCouldBeFinal","Code Style",3,"Local variable 'header' could be declared final","CsvValidateCommand","validateHeaders","header"
"streamconverter-core/src/main/java/com/streamConverter/command/impl/csv/CsvValidateCommand.java",160,"InefficientEmptyStringCheck","Performance",3,"String.trim().length() == 0 / String.trim().isEmpty() is an inefficient way to validate a blank String.","CsvValidateCommand","validateHeaders",""
"streamconverter-core/src/main/java/com/streamConverter/command/impl/csv/CsvValidateCommand.java",165,"LocalVariableCouldBeFinal","Code Style",3,"Local variable 'trimmedHeader' could be declared final","CsvValidateCommand","validateHeaders","trimmedHeader"
"streamconverter-core/src/main/java/com/streamConverter/command/impl/csv/CsvValidateCommand.java",177,"LocalVariableCouldBeFinal","Code Style",3,"Local variable 'headerNames' could be declared final","CsvValidateCommand","validateHeaders","headerNames"
"streamconverter-core/src/main/java/com/streamConverter/command/impl/csv/CsvValidateCommand.java",178,"LocalVariableCouldBeFinal","Code Style",3,"Local variable 'header' could be declared final","CsvValidateCommand","validateHeaders","header"
"streamconverter-core/src/main/java/com/streamConverter/command/impl/csv/CsvValidateCommand.java",184,"LocalVariableCouldBeFinal","Code Style",3,"Local variable 'missingColumns' could be declared final","CsvValidateCommand","validateHeaders","missingColumns"
"streamconverter-core/src/main/java/com/streamConverter/command/impl/csv/CsvValidateCommand.java",196,"CognitiveComplexity","Design",3,"The method 'validateDataRows(List<String[]>, int, String[], List<String>)' has a cognitive complexity of 17, current threshold is 15","CsvValidateCommand","validateDataRows",""
"streamconverter-core/src/main/java/com/streamConverter/command/impl/csv/CsvValidateCommand.java",196,"CyclomaticComplexity","Design",3,"The method 'validateDataRows(List<String[]>, int, String[], List<String>)' has a cyclomatic complexity of 12.","CsvValidateCommand","validateDataRows",""
"streamconverter-core/src/main/java/com/streamConverter/command/impl/csv/CsvValidateCommand.java",197,"MethodArgumentCouldBeFinal","Code Style",3,"Parameter 'allRows' is not assigned and could be declared final","CsvValidateCommand","validateDataRows","allRows"
"streamconverter-core/src/main/java/com/streamConverter/command/impl/csv/CsvValidateCommand.java",197,"MethodArgumentCouldBeFinal","Code Style",3,"Parameter 'startRow' is not assigned and could be declared final","CsvValidateCommand","validateDataRows","startRow"
"streamconverter-core/src/main/java/com/streamConverter/command/impl/csv/CsvValidateCommand.java",197,"MethodArgumentCouldBeFinal","Code Style",3,"Parameter 'headers' is not assigned and could be declared final","CsvValidateCommand","validateDataRows","headers"
"streamconverter-core/src/main/java/com/streamConverter/command/impl/csv/CsvValidateCommand.java",197,"MethodArgumentCouldBeFinal","Code Style",3,"Parameter 'errors' is not assigned and could be declared final","CsvValidateCommand","validateDataRows","errors"
"streamconverter-core/src/main/java/com/streamConverter/command/impl/csv/CsvValidateCommand.java",198,"LongVariable","Code Style",3,"Avoid excessively long variable names like expectedColumnCount","CsvValidateCommand","validateDataRows","expectedColumnCount"
"streamconverter-core/src/main/java/com/streamConverter/command/impl/csv/CsvValidateCommand.java",198,"LocalVariableCouldBeFinal","Code Style",3,"Local variable 'expectedColumnCount' could be declared final","CsvValidateCommand","validateDataRows","expectedColumnCount"
"streamconverter-core/src/main/java/com/streamConverter/command/impl/csv/CsvValidateCommand.java",203,"LocalVariableCouldBeFinal","Code Style",3,"Local variable 'row' could be declared final","CsvValidateCommand","validateDataRows","row"
"streamconverter-core/src/main/java/com/streamConverter/command/impl/csv/CsvValidateCommand.java",204,"LocalVariableCouldBeFinal","Code Style",3,"Local variable 'rowNumber' could be declared final","CsvValidateCommand","validateDataRows","rowNumber"
"streamconverter-core/src/main/java/com/streamConverter/command/impl/csv/CsvValidateCommand.java",214,"LocalVariableCouldBeFinal","Code Style",3,"Local variable 'dataRowNumber' could be declared final","CsvValidateCommand","validateDataRows","dataRowNumber"
"streamconverter-core/src/main/java/com/streamConverter/command/impl/csv/CsvValidateCommand.java",226,"LocalVariableCouldBeFinal","Code Style",3,"Local variable 'cell' could be declared final","CsvValidateCommand","validateDataRows","cell"
"streamconverter-core/src/main/java/com/streamConverter/command/impl/csv/CsvValidateCommand.java",227,"InefficientEmptyStringCheck","Performance",3,"String.trim().length() == 0 / String.trim().isEmpty() is an inefficient way to validate a blank String.","CsvValidateCommand","validateDataRows",""
"streamconverter-core/src/main/java/com/streamConverter/command/impl/csv/CsvValidateCommand.java",250,"MethodArgumentCouldBeFinal","Code Style",3,"Parameter 'errors' is not assigned and could be declared final","CsvValidateCommand","addError","errors"
"streamconverter-core/src/main/java/com/streamConverter/command/impl/csv/CsvValidateCommand.java",250,"MethodArgumentCouldBeFinal","Code Style",3,"Parameter 'error' is not assigned and could be declared final","CsvValidateCommand","addError","error"
"streamconverter-core/src/main/java/com/streamConverter/command/impl/csv/CsvValidateCommand.java",259,"MethodArgumentCouldBeFinal","Code Style",3,"Parameter 'errors' is not assigned and could be declared final","CsvValidateCommand","handleValidationErrors","errors"
"streamconverter-core/src/main/java/com/streamConverter/command/impl/csv/CsvValidateCommand.java",260,"LocalVariableCouldBeFinal","Code Style",3,"Local variable 'errorBuilder' could be declared final","CsvValidateCommand","handleValidationErrors","errorBuilder"
"streamconverter-core/src/main/java/com/streamConverter/command/impl/csv/CsvValidateCommand.java",260,"InsufficientStringBufferDeclaration","Performance",3,"StringBuilder has been initialized with size 16, but has at least 43 characters appended.","CsvValidateCommand","handleValidationErrors","errorBuilder"
"streamconverter-core/src/main/java/com/streamConverter/command/impl/csv/CsvValidateCommand.java",265,"GuardLogStatement","Best Practices",2,"Logger calls should be surrounded by log level guards.","CsvValidateCommand","handleValidationErrors",""
"streamconverter-core/src/main/java/com/streamConverter/command/impl/csv/CsvValidateCommand.java",268,"LocalVariableCouldBeFinal","Code Style",3,"Local variable 'errorMessage' could be declared final","CsvValidateCommand","handleValidationErrors","errorMessage"
"streamconverter-core/src/main/java/com/streamConverter/command/impl/csv/CsvValidateCommand.java",273,"AvoidLiteralsInIfCondition","Error Prone",3,"Avoid using literals in if statements","CsvValidateCommand","handleValidationErrors",""
"streamconverter-core/src/main/java/com/streamConverter/command/impl/csv/CsvValidateCommand.java",275,"GuardLogStatement","Best Practices",2,"Logger calls should be surrounded by log level guards.","CsvValidateCommand","handleValidationErrors",""
"streamconverter-core/src/main/java/com/streamConverter/command/impl/json/JsonStreamingValidateCommand.java",1,"PackageCase","Code Style",3,"Package name contains upper case characters","JsonStreamingValidateCommand","",""
"streamconverter-core/src/main/java/com/streamConverter/command/impl/json/JsonStreamingValidateCommand.java",74,"CallSuperInConstructor","Code Style",3,"It is a good practice to call super() in a constructor","JsonStreamingValidateCommand","JsonStreamingValidateCommand",""
"streamconverter-core/src/main/java/com/streamConverter/command/impl/json/JsonStreamingValidateCommand.java",74,"MethodArgumentCouldBeFinal","Code Style",3,"Parameter 'schemaPath' is not assigned and could be declared final","JsonStreamingValidateCommand","JsonStreamingValidateCommand","schemaPath"
"streamconverter-core/src/main/java/com/streamConverter/command/impl/json/JsonStreamingValidateCommand.java",85,"MethodArgumentCouldBeFinal","Code Style",3,"Parameter 'path' is not assigned and could be declared final","JsonStreamingValidateCommand","validateSchemaPath","path"
"streamconverter-core/src/main/java/com/streamConverter/command/impl/json/JsonStreamingValidateCommand.java",89,"LocalVariableCouldBeFinal","Code Style",3,"Local variable 'trimmedPath' could be declared final","JsonStreamingValidateCommand","validateSchemaPath","trimmedPath"
"streamconverter-core/src/main/java/com/streamConverter/command/impl/json/JsonStreamingValidateCommand.java",104,"MethodArgumentCouldBeFinal","Code Style",3,"Parameter 'inputStream' is not assigned and could be declared final","JsonStreamingValidateCommand","consume","inputStream"
"streamconverter-core/src/main/java/com/streamConverter/command/impl/json/JsonStreamingValidateCommand.java",111,"LocalVariableCouldBeFinal","Code Style",3,"Local variable 'inputBuffer' could be declared final","JsonStreamingValidateCommand","consume","inputBuffer"
"streamconverter-core/src/main/java/com/streamConverter/command/impl/json/JsonStreamingValidateCommand.java",119,"LongVariable","Code Style",3,"Avoid excessively long variable names like streamingInputStream","JsonStreamingValidateCommand","consume","streamingInputStream"
"streamconverter-core/src/main/java/com/streamConverter/command/impl/json/JsonStreamingValidateCommand.java",121,"LocalVariableCouldBeFinal","Code Style",3,"Local variable 'streamingResult' could be declared final","JsonStreamingValidateCommand","consume","streamingResult"
"streamconverter-core/src/main/java/com/streamConverter/command/impl/json/JsonStreamingValidateCommand.java",130,"GuardLogStatement","Best Practices",2,"Logger calls should be surrounded by log level guards.","JsonStreamingValidateCommand","consume",""
"streamconverter-core/src/main/java/com/streamConverter/command/impl/json/JsonStreamingValidateCommand.java",142,"AvoidRethrowingException","Design",3,"A catch statement that catches an exception only to rethrow it should be avoided.","JsonStreamingValidateCommand","consume",""
"streamconverter-core/src/main/java/com/streamConverter/command/impl/json/JsonStreamingValidateCommand.java",144,"AvoidCatchingGenericException","Design",3,"Avoid catching generic exceptions such as NullPointerException, RuntimeException, Exception in try-catch block","JsonStreamingValidateCommand","consume",""
"streamconverter-core/src/main/java/com/streamConverter/command/impl/json/JsonStreamingValidateCommand.java",145,"GuardLogStatement","Best Practices",2,"Logger calls should be surrounded by log level guards.","JsonStreamingValidateCommand","consume",""
"streamconverter-core/src/main/java/com/streamConverter/command/impl/json/JsonStreamingValidateCommand.java",155,"MethodArgumentCouldBeFinal","Code Style",3,"Parameter 'inputStream' is not assigned and could be declared final","JsonStreamingValidateCommand","performStreamingValidation","inputStream"
"streamconverter-core/src/main/java/com/streamConverter/command/impl/json/JsonStreamingValidateCommand.java",156,"LocalVariableCouldBeFinal","Code Style",3,"Local variable 'isValid' could be declared final","JsonStreamingValidateCommand","performStreamingValidation","isValid"
"streamconverter-core/src/main/java/com/streamConverter/command/impl/json/JsonStreamingValidateCommand.java",157,"LocalVariableCouldBeFinal","Code Style",3,"Local variable 'elementCount' could be declared final","JsonStreamingValidateCommand","performStreamingValidation","elementCount"
"streamconverter-core/src/main/java/com/streamConverter/command/impl/json/JsonStreamingValidateCommand.java",158,"LocalVariableCouldBeFinal","Code Style",3,"Local variable 'errorMessages' could be declared final","JsonStreamingValidateCommand","performStreamingValidation","errorMessages"
"streamconverter-core/src/main/java/com/streamConverter/command/impl/json/JsonStreamingValidateCommand.java",158,"InsufficientStringBufferDeclaration","Performance",3,"StringBuilder has been initialized with size 16, but has at least 113 characters appended.","JsonStreamingValidateCommand","performStreamingValidation","errorMessages"
"streamconverter-core/src/main/java/com/streamConverter/command/impl/json/JsonStreamingValidateCommand.java",162,"LocalVariableCouldBeFinal","Code Style",3,"Local variable 'hasRootStructure' could be declared final","JsonStreamingValidateCommand","performStreamingValidation","hasRootStructure"
"streamconverter-core/src/main/java/com/streamConverter/command/impl/json/JsonStreamingValidateCommand.java",177,"LocalVariableCouldBeFinal","Code Style",3,"Local variable 'count' could be declared final","JsonStreamingValidateCommand","performStreamingValidation","count"
"streamconverter-core/src/main/java/com/streamConverter/command/impl/json/JsonStreamingValidateCommand.java",209,"GuardLogStatement","Best Practices",2,"Logger calls should be surrounded by log level guards.","JsonStreamingValidateCommand","performStreamingValidation",""
"streamconverter-core/src/main/java/com/streamConverter/command/impl/json/JsonStreamingValidateCommand.java",211,"AvoidCatchingGenericException","Design",3,"Avoid catching generic exceptions such as NullPointerException, RuntimeException, Exception in try-catch block","JsonStreamingValidateCommand","performStreamingValidation",""
"streamconverter-core/src/main/java/com/streamConverter/command/impl/json/JsonStreamingValidateCommand.java",222,"CyclomaticComplexity","Design",3,"The method 'loadSchema()' has a cyclomatic complexity of 15.","JsonStreamingValidateCommand","loadSchema",""
"streamconverter-core/src/main/java/com/streamConverter/command/impl/json/JsonStreamingValidateCommand.java",222,"AvoidUncheckedExceptionsInSignatures","Design",3,"A method or constructor should not explicitly declare unchecked exceptions in its 'throws' clause","JsonStreamingValidateCommand","loadSchema",""
"streamconverter-core/src/main/java/com/streamConverter/command/impl/json/JsonStreamingValidateCommand.java",224,"OnlyOneReturn","Code Style",3,"A method should have only one exit point, and that should be the last statement in the method","JsonStreamingValidateCommand","loadSchema",""
"streamconverter-core/src/main/java/com/streamConverter/command/impl/json/JsonStreamingValidateCommand.java",229,"OnlyOneReturn","Code Style",3,"A method should have only one exit point, and that should be the last statement in the method","JsonStreamingValidateCommand","loadSchema",""
"streamconverter-core/src/main/java/com/streamConverter/command/impl/json/JsonStreamingValidateCommand.java",232,"LocalVariableCouldBeFinal","Code Style",3,"Local variable 'schemaFile' could be declared final","JsonStreamingValidateCommand","loadSchema","schemaFile"
"streamconverter-core/src/main/java/com/streamConverter/command/impl/json/JsonStreamingValidateCommand.java",243,"LocalVariableCouldBeFinal","Code Style",3,"Local variable 'schemaNode' could be declared final","JsonStreamingValidateCommand","loadSchema","schemaNode"
"streamconverter-core/src/main/java/com/streamConverter/command/impl/json/JsonStreamingValidateCommand.java",246,"AvoidCatchingGenericException","Design",3,"Avoid catching generic exceptions such as NullPointerException, RuntimeException, Exception in try-catch block","JsonStreamingValidateCommand","loadSchema",""
"streamconverter-core/src/main/java/com/streamConverter/command/impl/json/JsonStreamingValidateCommand.java",259,"AvoidRethrowingException","Design",3,"A catch statement that catches an exception only to rethrow it should be avoided.","JsonStreamingValidateCommand","loadSchema",""
"streamconverter-core/src/main/java/com/streamConverter/command/impl/json/JsonStreamingValidateCommand.java",261,"AvoidCatchingGenericException","Design",3,"Avoid catching generic exceptions such as NullPointerException, RuntimeException, Exception in try-catch block","JsonStreamingValidateCommand","loadSchema",""
"streamconverter-core/src/main/java/com/streamConverter/command/impl/json/JsonStreamingValidateCommand.java",268,"CyclomaticComplexity","Design",3,"The method 'performSchemaValidation(InputStream)' has a cyclomatic complexity of 10.","JsonStreamingValidateCommand","performSchemaValidation",""
"streamconverter-core/src/main/java/com/streamConverter/command/impl/json/JsonStreamingValidateCommand.java",268,"MethodArgumentCouldBeFinal","Code Style",3,"Parameter 'inputStream' is not assigned and could be declared final","JsonStreamingValidateCommand","performSchemaValidation","inputStream"
"streamconverter-core/src/main/java/com/streamConverter/command/impl/json/JsonStreamingValidateCommand.java",268,"AvoidUncheckedExceptionsInSignatures","Design",3,"A method or constructor should not explicitly declare unchecked exceptions in its 'throws' clause","JsonStreamingValidateCommand","performSchemaValidation",""
"streamconverter-core/src/main/java/com/streamConverter/command/impl/json/JsonStreamingValidateCommand.java",270,"LocalVariableCouldBeFinal","Code Style",3,"Local variable 'schema' could be declared final","JsonStreamingValidateCommand","performSchemaValidation","schema"
"streamconverter-core/src/main/java/com/streamConverter/command/impl/json/JsonStreamingValidateCommand.java",271,"LocalVariableCouldBeFinal","Code Style",3,"Local variable 'jsonNode' could be declared final","JsonStreamingValidateCommand","performSchemaValidation","jsonNode"
"streamconverter-core/src/main/java/com/streamConverter/command/impl/json/JsonStreamingValidateCommand.java",277,"LongVariable","Code Style",3,"Avoid excessively long variable names like validationMessages","JsonStreamingValidateCommand","performSchemaValidation","validationMessages"
"streamconverter-core/src/main/java/com/streamConverter/command/impl/json/JsonStreamingValidateCommand.java",277,"LocalVariableCouldBeFinal","Code Style",3,"Local variable 'validationMessages' could be declared final","JsonStreamingValidateCommand","performSchemaValidation","validationMessages"
"streamconverter-core/src/main/java/com/streamConverter/command/impl/json/JsonStreamingValidateCommand.java",280,"LocalVariableCouldBeFinal","Code Style",3,"Local variable 'errorBuilder' could be declared final","JsonStreamingValidateCommand","performSchemaValidation","errorBuilder"
"streamconverter-core/src/main/java/com/streamConverter/command/impl/json/JsonStreamingValidateCommand.java",280,"InsufficientStringBufferDeclaration","Performance",3,"StringBuilder has been initialized with size 16, but has at least 68 characters appended.","JsonStreamingValidateCommand","performSchemaValidation","errorBuilder"
"streamconverter-core/src/main/java/com/streamConverter/command/impl/json/JsonStreamingValidateCommand.java",287,"LocalVariableCouldBeFinal","Code Style",3,"Local variable 'message' could be declared final","JsonStreamingValidateCommand","performSchemaValidation","message"
"streamconverter-core/src/main/java/com/streamConverter/command/impl/json/JsonStreamingValidateCommand.java",288,"ConsecutiveAppendsShouldReuse","Performance",3,"StringBuffer (or StringBuilder).append is called consecutively without reusing the target variable.","JsonStreamingValidateCommand","performSchemaValidation",""
"streamconverter-core/src/main/java/com/streamConverter/command/impl/json/JsonStreamingValidateCommand.java",288,"ConsecutiveLiteralAppends","Performance",3,"StringBuffer (or StringBuilder).append is called 2 consecutive times with literals. Use a single append with a single combined String.","JsonStreamingValidateCommand","performSchemaValidation",""
"streamconverter-core/src/main/java/com/streamConverter/command/impl/json/JsonStreamingValidateCommand.java",289,"ConsecutiveAppendsShouldReuse","Performance",3,"StringBuffer (or StringBuilder).append is called consecutively without reusing the target variable.","JsonStreamingValidateCommand","performSchemaValidation",""
"streamconverter-core/src/main/java/com/streamConverter/command/impl/json/JsonStreamingValidateCommand.java",298,"AvoidRethrowingException","Design",3,"A catch statement that catches an exception only to rethrow it should be avoided.","JsonStreamingValidateCommand","performSchemaValidation",""
"streamconverter-core/src/main/java/com/streamConverter/command/impl/json/JsonStreamingValidateCommand.java",300,"AvoidCatchingGenericException","Design",3,"Avoid catching generic exceptions such as NullPointerException, RuntimeException, Exception in try-catch block","JsonStreamingValidateCommand","performSchemaValidation",""
"streamconverter-core/src/main/java/com/streamConverter/command/impl/json/JsonStreamingValidateCommand.java",320,"MethodArgumentCouldBeFinal","Code Style",3,"Parameter 'valid' is not assigned and could be declared final","StreamingValidationResult","StreamingValidationResult","valid"
"streamconverter-core/src/main/java/com/streamConverter/command/impl/json/JsonStreamingValidateCommand.java",320,"MethodArgumentCouldBeFinal","Code Style",3,"Parameter 'errorMessage' is not assigned and could be declared final","StreamingValidationResult","StreamingValidationResult","errorMessage"
"streamconverter-core/src/main/java/com/streamConverter/command/impl/json/JsonStreamingValidateCommand.java",320,"MethodArgumentCouldBeFinal","Code Style",3,"Parameter 'elementCount' is not assigned and could be declared final","StreamingValidationResult","StreamingValidationResult","elementCount"
"streamconverter-core/src/main/java/com/streamConverter/command/impl/json/JsonValidateCommand.java",1,"PackageCase","Code Style",3,"Package name contains upper case characters","JsonValidateCommand","",""
"streamconverter-core/src/main/java/com/streamConverter/command/impl/json/JsonValidateCommand.java",54,"CallSuperInConstructor","Code Style",3,"It is a good practice to call super() in a constructor","JsonValidateCommand","JsonValidateCommand",""
"streamconverter-core/src/main/java/com/streamConverter/command/impl/json/JsonValidateCommand.java",54,"MethodArgumentCouldBeFinal","Code Style",3,"Parameter 'schemaPath' is not assigned and could be declared final","JsonValidateCommand","JsonValidateCommand","schemaPath"
"streamconverter-core/src/main/java/com/streamConverter/command/impl/json/JsonValidateCommand.java",62,"AvoidRethrowingException","Design",3,"A catch statement that catches an exception only to rethrow it should be avoided.","JsonValidateCommand","JsonValidateCommand",""
"streamconverter-core/src/main/java/com/streamConverter/command/impl/json/JsonValidateCommand.java",68,"MethodArgumentCouldBeFinal","Code Style",3,"Parameter 'path' is not assigned and could be declared final","JsonValidateCommand","validateSchemaPath","path"
"streamconverter-core/src/main/java/com/streamConverter/command/impl/json/JsonValidateCommand.java",72,"LocalVariableCouldBeFinal","Code Style",3,"Local variable 'trimmedPath' could be declared final","JsonValidateCommand","validateSchemaPath","trimmedPath"
"streamconverter-core/src/main/java/com/streamConverter/command/impl/json/JsonValidateCommand.java",87,"CyclomaticComplexity","Design",3,"The method 'consume(InputStream)' has a cyclomatic complexity of 12.","JsonValidateCommand","consume",""
"streamconverter-core/src/main/java/com/streamConverter/command/impl/json/JsonValidateCommand.java",87,"MethodArgumentCouldBeFinal","Code Style",3,"Parameter 'inputStream' is not assigned and could be declared final","JsonValidateCommand","consume","inputStream"
"streamconverter-core/src/main/java/com/streamConverter/command/impl/json/JsonValidateCommand.java",94,"LocalVariableCouldBeFinal","Code Style",3,"Local variable 'schema' could be declared final","JsonValidateCommand","consume","schema"
"streamconverter-core/src/main/java/com/streamConverter/command/impl/json/JsonValidateCommand.java",99,"LocalVariableCouldBeFinal","Code Style",3,"Local variable 'jsonNode' could be declared final","JsonValidateCommand","consume","jsonNode"
"streamconverter-core/src/main/java/com/streamConverter/command/impl/json/JsonValidateCommand.java",111,"AvoidRethrowingException","Design",3,"A catch statement that catches an exception only to rethrow it should be avoided.","JsonValidateCommand","consume",""
"streamconverter-core/src/main/java/com/streamConverter/command/impl/json/JsonValidateCommand.java",113,"AvoidCatchingGenericException","Design",3,"Avoid catching generic exceptions such as NullPointerException, RuntimeException, Exception in try-catch block","JsonValidateCommand","consume",""
"streamconverter-core/src/main/java/com/streamConverter/command/impl/json/JsonValidateCommand.java",118,"LongVariable","Code Style",3,"Avoid excessively long variable names like validationMessages","JsonValidateCommand","consume","validationMessages"
"streamconverter-core/src/main/java/com/streamConverter/command/impl/json/JsonValidateCommand.java",118,"LocalVariableCouldBeFinal","Code Style",3,"Local variable 'validationMessages' could be declared final","JsonValidateCommand","consume","validationMessages"
"streamconverter-core/src/main/java/com/streamConverter/command/impl/json/JsonValidateCommand.java",126,"AvoidRethrowingException","Design",3,"A catch statement that catches an exception only to rethrow it should be avoided.","JsonValidateCommand","consume",""
"streamconverter-core/src/main/java/com/streamConverter/command/impl/json/JsonValidateCommand.java",129,"AvoidCatchingGenericException","Design",3,"Avoid catching generic exceptions such as NullPointerException, RuntimeException, Exception in try-catch block","JsonValidateCommand","consume",""
"streamconverter-core/src/main/java/com/streamConverter/command/impl/json/JsonValidateCommand.java",130,"GuardLogStatement","Best Practices",2,"Logger calls should be surrounded by log level guards.","JsonValidateCommand","consume",""
"streamconverter-core/src/main/java/com/streamConverter/command/impl/json/JsonValidateCommand.java",139,"CyclomaticComplexity","Design",3,"The method 'loadSchema()' has a cyclomatic complexity of 13.","JsonValidateCommand","loadSchema",""
"streamconverter-core/src/main/java/com/streamConverter/command/impl/json/JsonValidateCommand.java",139,"AvoidUncheckedExceptionsInSignatures","Design",3,"A method or constructor should not explicitly declare unchecked exceptions in its 'throws' clause","JsonValidateCommand","loadSchema",""
"streamconverter-core/src/main/java/com/streamConverter/command/impl/json/JsonValidateCommand.java",141,"LocalVariableCouldBeFinal","Code Style",3,"Local variable 'schemaFile' could be declared final","JsonValidateCommand","loadSchema","schemaFile"
"streamconverter-core/src/main/java/com/streamConverter/command/impl/json/JsonValidateCommand.java",152,"LocalVariableCouldBeFinal","Code Style",3,"Local variable 'schemaNode' could be declared final","JsonValidateCommand","loadSchema","schemaNode"
"streamconverter-core/src/main/java/com/streamConverter/command/impl/json/JsonValidateCommand.java",155,"AvoidCatchingGenericException","Design",3,"Avoid catching generic exceptions such as NullPointerException, RuntimeException, Exception in try-catch block","JsonValidateCommand","loadSchema",""
"streamconverter-core/src/main/java/com/streamConverter/command/impl/json/JsonValidateCommand.java",167,"AvoidRethrowingException","Design",3,"A catch statement that catches an exception only to rethrow it should be avoided.","JsonValidateCommand","loadSchema",""
"streamconverter-core/src/main/java/com/streamConverter/command/impl/json/JsonValidateCommand.java",169,"AvoidCatchingGenericException","Design",3,"Avoid catching generic exceptions such as NullPointerException, RuntimeException, Exception in try-catch block","JsonValidateCommand","loadSchema",""
"streamconverter-core/src/main/java/com/streamConverter/command/impl/json/JsonValidateCommand.java",175,"LongVariable","Code Style",3,"Avoid excessively long variable names like validationMessages","JsonValidateCommand","handleValidationErrors","validationMessages"
"streamconverter-core/src/main/java/com/streamConverter/command/impl/json/JsonValidateCommand.java",175,"MethodArgumentCouldBeFinal","Code Style",3,"Parameter 'validationMessages' is not assigned and could be declared final","JsonValidateCommand","handleValidationErrors","validationMessages"
"streamconverter-core/src/main/java/com/streamConverter/command/impl/json/JsonValidateCommand.java",176,"LocalVariableCouldBeFinal","Code Style",3,"Local variable 'errorBuilder' could be declared final","JsonValidateCommand","handleValidationErrors","errorBuilder"
"streamconverter-core/src/main/java/com/streamConverter/command/impl/json/JsonValidateCommand.java",176,"InsufficientStringBufferDeclaration","Performance",3,"StringBuilder has been initialized with size 16, but has at least 61 characters appended.","JsonValidateCommand","handleValidationErrors","errorBuilder"
"streamconverter-core/src/main/java/com/streamConverter/command/impl/json/JsonValidateCommand.java",183,"LocalVariableCouldBeFinal","Code Style",3,"Local variable 'message' could be declared final","JsonValidateCommand","handleValidationErrors","message"
"streamconverter-core/src/main/java/com/streamConverter/command/impl/json/JsonValidateCommand.java",184,"ConsecutiveAppendsShouldReuse","Performance",3,"StringBuffer (or StringBuilder).append is called consecutively without reusing the target variable.","JsonValidateCommand","handleValidationErrors",""
"streamconverter-core/src/main/java/com/streamConverter/command/impl/json/JsonValidateCommand.java",184,"ConsecutiveLiteralAppends","Performance",3,"StringBuffer (or StringBuilder).append is called 2 consecutive times with literals. Use a single append with a single combined String.","JsonValidateCommand","handleValidationErrors",""
"streamconverter-core/src/main/java/com/streamConverter/command/impl/json/JsonValidateCommand.java",185,"ConsecutiveAppendsShouldReuse","Performance",3,"StringBuffer (or StringBuilder).append is called consecutively without reusing the target variable.","JsonValidateCommand","handleValidationErrors",""
"streamconverter-core/src/main/java/com/streamConverter/command/impl/json/JsonValidateCommand.java",189,"GuardLogStatement","Best Practices",2,"Logger calls should be surrounded by log level guards.","JsonValidateCommand","handleValidationErrors",""
"streamconverter-core/src/main/java/com/streamConverter/command/impl/json/JsonValidateCommand.java",195,"LocalVariableCouldBeFinal","Code Style",3,"Local variable 'errorMessage' could be declared final","JsonValidateCommand","handleValidationErrors","errorMessage"
"streamconverter-core/src/main/java/com/streamConverter/command/impl/xml/ConvertCommand.java",1,"PackageCase","Code Style",3,"Package name contains upper case characters","ConvertCommand","",""
"streamconverter-core/src/main/java/com/streamConverter/command/impl/xml/ConvertCommand.java",33,"ImmutableField","Design",3,"Field 'rule' may be declared final","ConvertCommand","","rule"
"streamconverter-core/src/main/java/com/streamConverter/command/impl/xml/ConvertCommand.java",34,"ImmutableField","Design",3,"Field 'pathHandler' may be declared final","ConvertCommand","","pathHandler"
"streamconverter-core/src/main/java/com/streamConverter/command/impl/xml/ConvertCommand.java",42,"MethodArgumentCouldBeFinal","Code Style",3,"Parameter 'rule' is not assigned and could be declared final","ConvertCommand","ConvertCommand","rule"
"streamconverter-core/src/main/java/com/streamConverter/command/impl/xml/ConvertCommand.java",42,"MethodArgumentCouldBeFinal","Code Style",3,"Parameter 'path' is not assigned and could be declared final","ConvertCommand","ConvertCommand","path"
"streamconverter-core/src/main/java/com/streamConverter/command/impl/xml/ConvertCommand.java",60,"CyclomaticComplexity","Design",3,"The method 'executeInternal(InputStream, OutputStream)' has a cyclomatic complexity of 12.","ConvertCommand","executeInternal",""
"streamconverter-core/src/main/java/com/streamConverter/command/impl/xml/ConvertCommand.java",60,"MethodArgumentCouldBeFinal","Code Style",3,"Parameter 'inputStream' is not assigned and could be declared final","ConvertCommand","executeInternal","inputStream"
"streamconverter-core/src/main/java/com/streamConverter/command/impl/xml/ConvertCommand.java",60,"MethodArgumentCouldBeFinal","Code Style",3,"Parameter 'outputStream' is not assigned and could be declared final","ConvertCommand","executeInternal","outputStream"
"streamconverter-core/src/main/java/com/streamConverter/command/impl/xml/ConvertCommand.java",65,"LocalVariableCouldBeFinal","Code Style",3,"Local variable 'xmlInputFactory' could be declared final","ConvertCommand","executeInternal","xmlInputFactory"
"streamconverter-core/src/main/java/com/streamConverter/command/impl/xml/ConvertCommand.java",66,"LocalVariableCouldBeFinal","Code Style",3,"Local variable 'xmlOutputFactory' could be declared final","ConvertCommand","executeInternal","xmlOutputFactory"
"streamconverter-core/src/main/java/com/streamConverter/command/impl/xml/ConvertCommand.java",69,"LocalVariableCouldBeFinal","Code Style",3,"Local variable 'xmlEventReader' could be declared final","ConvertCommand","executeInternal","xmlEventReader"
"streamconverter-core/src/main/java/com/streamConverter/command/impl/xml/ConvertCommand.java",70,"LocalVariableCouldBeFinal","Code Style",3,"Local variable 'xmlEventWriter' could be declared final","ConvertCommand","executeInternal","xmlEventWriter"
"streamconverter-core/src/main/java/com/streamConverter/command/impl/xml/ConvertCommand.java",73,"LocalVariableCouldBeFinal","Code Style",3,"Local variable 'currentDirectory' could be declared final","ConvertCommand","executeInternal","currentDirectory"
"streamconverter-core/src/main/java/com/streamConverter/command/impl/xml/ConvertCommand.java",76,"LocalVariableCouldBeFinal","Code Style",3,"Local variable 'eventType' could be declared final","ConvertCommand","executeInternal","eventType"
"streamconverter-core/src/main/java/com/streamConverter/command/impl/xml/ConvertCommand.java",81,"LawOfDemeter","Design",3,"Call to `getName` on foreign value `event.asStartElement()` (degree 1)","ConvertCommand","executeInternal",""
"streamconverter-core/src/main/java/com/streamConverter/command/impl/xml/ConvertCommand.java",90,"LocalVariableCouldBeFinal","Code Style",3,"Local variable 'transformedData' could be declared final","ConvertCommand","executeInternal","transformedData"
"streamconverter-core/src/main/java/com/streamConverter/command/impl/xml/ConvertCommand.java",108,"GuardLogStatement","Best Practices",2,"Logger calls should be surrounded by log level guards.","ConvertCommand","executeInternal",""
"streamconverter-core/src/main/java/com/streamConverter/command/impl/xml/ConvertCommand.java",115,"GuardLogStatement","Best Practices",2,"Logger calls should be surrounded by log level guards.","ConvertCommand","executeInternal",""
"streamconverter-core/src/main/java/com/streamConverter/command/impl/xml/ConvertCommand.java",119,"GuardLogStatement","Best Practices",2,"Logger calls should be surrounded by log level guards.","ConvertCommand","executeInternal",""
"streamconverter-core/src/main/java/com/streamConverter/command/impl/xml/ValidateCommand.java",1,"PackageCase","Code Style",3,"Package name contains upper case characters","ValidateCommand","",""
"streamconverter-core/src/main/java/com/streamConverter/command/impl/xml/ValidateCommand.java",31,"MoreThanOneLogger","Error Prone",2,"Class contains more than one logger.","ValidateCommand","",""
"streamconverter-core/src/main/java/com/streamConverter/command/impl/xml/ValidateCommand.java",54,"CallSuperInConstructor","Code Style",3,"It is a good practice to call super() in a constructor","ValidateCommand","ValidateCommand",""
"streamconverter-core/src/main/java/com/streamConverter/command/impl/xml/ValidateCommand.java",54,"MethodArgumentCouldBeFinal","Code Style",3,"Parameter 'schemaPath' is not assigned and could be declared final","ValidateCommand","ValidateCommand","schemaPath"
"streamconverter-core/src/main/java/com/streamConverter/command/impl/xml/ValidateCommand.java",56,"InefficientEmptyStringCheck","Performance",3,"String.trim().length() == 0 / String.trim().isEmpty() is an inefficient way to validate a blank String.","ValidateCommand","ValidateCommand",""
"streamconverter-core/src/main/java/com/streamConverter/command/impl/xml/ValidateCommand.java",71,"CyclomaticComplexity","Design",3,"The method 'validateAndNormalizeSchemaPath(String)' has a cyclomatic complexity of 16.","ValidateCommand","validateAndNormalizeSchemaPath",""
"streamconverter-core/src/main/java/com/streamConverter/command/impl/xml/ValidateCommand.java",71,"MethodArgumentCouldBeFinal","Code Style",3,"Parameter 'inputPath' is not assigned and could be declared final","ValidateCommand","validateAndNormalizeSchemaPath","inputPath"
"streamconverter-core/src/main/java/com/streamConverter/command/impl/xml/ValidateCommand.java",72,"LocalVariableCouldBeFinal","Code Style",3,"Local variable 'trimmedPath' could be declared final","ValidateCommand","validateAndNormalizeSchemaPath","trimmedPath"
"streamconverter-core/src/main/java/com/streamConverter/command/impl/xml/ValidateCommand.java",77,"OnlyOneReturn","Code Style",3,"A method should have only one exit point, and that should be the last statement in the method","ValidateCommand","validateAndNormalizeSchemaPath",""
"streamconverter-core/src/main/java/com/streamConverter/command/impl/xml/ValidateCommand.java",83,"LocalVariableCouldBeFinal","Code Style",3,"Local variable 'normalizedPath' could be declared final","ValidateCommand","validateAndNormalizeSchemaPath","normalizedPath"
"streamconverter-core/src/main/java/com/streamConverter/command/impl/xml/ValidateCommand.java",89,"OnlyOneReturn","Code Style",3,"A method should have only one exit point, and that should be the last statement in the method","ValidateCommand","validateAndNormalizeSchemaPath",""
"streamconverter-core/src/main/java/com/streamConverter/command/impl/xml/ValidateCommand.java",98,"CollapsibleIfStatements","Design",3,"This if statement could be combined with its parent","ValidateCommand","validateAndNormalizeSchemaPath",""
"streamconverter-core/src/main/java/com/streamConverter/command/impl/xml/ValidateCommand.java",108,"LocalVariableCouldBeFinal","Code Style",3,"Local variable 'resolvedPath' could be declared final","ValidateCommand","validateAndNormalizeSchemaPath","resolvedPath"
"streamconverter-core/src/main/java/com/streamConverter/command/impl/xml/ValidateCommand.java",117,"OnlyOneReturn","Code Style",3,"A method should have only one exit point, and that should be the last statement in the method","ValidateCommand","validateAndNormalizeSchemaPath",""
"streamconverter-core/src/main/java/com/streamConverter/command/impl/xml/ValidateCommand.java",130,"MethodArgumentCouldBeFinal","Code Style",3,"Parameter 'validatedPath' is not assigned and could be declared final","ValidateCommand","loadSchemaSecurely","validatedPath"
"streamconverter-core/src/main/java/com/streamConverter/command/impl/xml/ValidateCommand.java",133,"LocalVariableCouldBeFinal","Code Style",3,"Local variable 'factory' could be declared final","ValidateCommand","loadSchemaSecurely","factory"
"streamconverter-core/src/main/java/com/streamConverter/command/impl/xml/ValidateCommand.java",136,"LocalVariableCouldBeFinal","Code Style",3,"Local variable 'schemaFile' could be declared final","ValidateCommand","loadSchemaSecurely","schemaFile"
"streamconverter-core/src/main/java/com/streamConverter/command/impl/xml/ValidateCommand.java",137,"LocalVariableCouldBeFinal","Code Style",3,"Local variable 'schemaUrl' could be declared final","ValidateCommand","loadSchemaSecurely","schemaUrl"
"streamconverter-core/src/main/java/com/streamConverter/command/impl/xml/ValidateCommand.java",139,"LocalVariableCouldBeFinal","Code Style",3,"Local variable 'loadedSchema' could be declared final","ValidateCommand","loadSchemaSecurely","loadedSchema"
"streamconverter-core/src/main/java/com/streamConverter/command/impl/xml/ValidateCommand.java",146,"GuardLogStatement","Best Practices",2,"Logger calls should be surrounded by log level guards.","ValidateCommand","loadSchemaSecurely",""
"streamconverter-core/src/main/java/com/streamConverter/command/impl/xml/ValidateCommand.java",166,"MethodArgumentCouldBeFinal","Code Style",3,"Parameter 'inputStream' is not assigned and could be declared final","ValidateCommand","consume","inputStream"
"streamconverter-core/src/main/java/com/streamConverter/command/impl/xml/ValidateCommand.java",171,"LocalVariableCouldBeFinal","Code Style",3,"Local variable 'validator' could be declared final","ValidateCommand","consume","validator"
"streamconverter-core/src/main/java/com/streamConverter/command/impl/xml/ValidateCommand.java",181,"GuardLogStatement","Best Practices",2,"Logger calls should be surrounded by log level guards.","ValidateCommand","consume",""
"streamconverter-core/src/main/java/com/streamConverter/command/impl/xml/ValidateCommand.java",194,"MethodArgumentCouldBeFinal","Code Style",3,"Parameter 'validator' is not assigned and could be declared final","ValidateCommand","configureSecureValidator","validator"
"streamconverter-core/src/main/java/com/streamConverter/command/impl/xml/ValidateCommand.java",205,"AvoidCatchingGenericException","Design",3,"Avoid catching generic exceptions such as NullPointerException, RuntimeException, Exception in try-catch block","ValidateCommand","configureSecureValidator",""
"streamconverter-core/src/main/java/com/streamConverter/command/impl/xml/ValidateCommand.java",206,"GuardLogStatement","Best Practices",2,"Logger calls should be surrounded by log level guards.","ValidateCommand","configureSecureValidator",""
"streamconverter-core/src/main/java/com/streamConverter/command/rule/DatabaseConnectionPool.java",1,"CouplingBetweenObjects","Design",3,"A value of 22 may denote a high amount of coupling within the class (threshold: 20)","DatabaseConnectionPool","",""
"streamconverter-core/src/main/java/com/streamConverter/command/rule/DatabaseConnectionPool.java",1,"PackageCase","Code Style",3,"Package name contains upper case characters","DatabaseConnectionPool","",""
"streamconverter-core/src/main/java/com/streamConverter/command/rule/DatabaseConnectionPool.java",30,"FieldNamingConventions","Code Style",1,"The constant name 'logger' doesn't match '[A-Z][A-Z_0-9]*'","DatabaseConnectionPool","","logger"
"streamconverter-core/src/main/java/com/streamConverter/command/rule/DatabaseConnectionPool.java",34,"LongVariable","Code Style",3,"Avoid excessively long variable names like connectionTimeoutMs","DatabaseConnectionPool","","connectionTimeoutMs"
"streamconverter-core/src/main/java/com/streamConverter/command/rule/DatabaseConnectionPool.java",44,"MethodArgumentCouldBeFinal","Code Style",3,"Parameter 'databaseUrl' is not assigned and could be declared final","DatabaseConnectionPool","DatabaseConnectionPool","databaseUrl"
"streamconverter-core/src/main/java/com/streamConverter/command/rule/DatabaseConnectionPool.java",45,"UseUnderscoresInNumericLiterals","Code Style",3,"Number 30000 should separate every third digit with an underscore","DatabaseConnectionPool","DatabaseConnectionPool",""
"streamconverter-core/src/main/java/com/streamConverter/command/rule/DatabaseConnectionPool.java",55,"MethodArgumentCouldBeFinal","Code Style",3,"Parameter 'databaseUrl' is not assigned and could be declared final","DatabaseConnectionPool","DatabaseConnectionPool","databaseUrl"
"streamconverter-core/src/main/java/com/streamConverter/command/rule/DatabaseConnectionPool.java",55,"MethodArgumentCouldBeFinal","Code Style",3,"Parameter 'maxPoolSize' is not assigned and could be declared final","DatabaseConnectionPool","DatabaseConnectionPool","maxPoolSize"
"streamconverter-core/src/main/java/com/streamConverter/command/rule/DatabaseConnectionPool.java",55,"LongVariable","Code Style",3,"Avoid excessively long variable names like connectionTimeoutMs","DatabaseConnectionPool","DatabaseConnectionPool","connectionTimeoutMs"
"streamconverter-core/src/main/java/com/streamConverter/command/rule/DatabaseConnectionPool.java",55,"MethodArgumentCouldBeFinal","Code Style",3,"Parameter 'connectionTimeoutMs' is not assigned and could be declared final","DatabaseConnectionPool","DatabaseConnectionPool","connectionTimeoutMs"
"streamconverter-core/src/main/java/com/streamConverter/command/rule/DatabaseConnectionPool.java",74,"CognitiveComplexity","Design",3,"The method 'getConnection()' has a cognitive complexity of 17, current threshold is 15","DatabaseConnectionPool","getConnection",""
"streamconverter-core/src/main/java/com/streamConverter/command/rule/DatabaseConnectionPool.java",74,"CyclomaticComplexity","Design",3,"The method 'getConnection()' has a cyclomatic complexity of 16.","DatabaseConnectionPool","getConnection",""
"streamconverter-core/src/main/java/com/streamConverter/command/rule/DatabaseConnectionPool.java",83,"OnlyOneReturn","Code Style",3,"A method should have only one exit point, and that should be the last statement in the method","DatabaseConnectionPool","getConnection",""
"streamconverter-core/src/main/java/com/streamConverter/command/rule/DatabaseConnectionPool.java",91,"GuardLogStatement","Best Practices",2,"Logger calls should be surrounded by log level guards.","DatabaseConnectionPool","getConnection",""
"streamconverter-core/src/main/java/com/streamConverter/command/rule/DatabaseConnectionPool.java",100,"GuardLogStatement","Best Practices",2,"Logger calls should be surrounded by log level guards.","DatabaseConnectionPool","getConnection",""
"streamconverter-core/src/main/java/com/streamConverter/command/rule/DatabaseConnectionPool.java",101,"OnlyOneReturn","Code Style",3,"A method should have only one exit point, and that should be the last statement in the method","DatabaseConnectionPool","getConnection",""
"streamconverter-core/src/main/java/com/streamConverter/command/rule/DatabaseConnectionPool.java",103,"GuardLogStatement","Best Practices",2,"Logger calls should be surrounded by log level guards.","DatabaseConnectionPool","getConnection",""
"streamconverter-core/src/main/java/com/streamConverter/command/rule/DatabaseConnectionPool.java",110,"CloseResource","Error Prone",3,"'connection' is reassigned, but the original instance is not closed","DatabaseConnectionPool","getConnection",""
"streamconverter-core/src/main/java/com/streamConverter/command/rule/DatabaseConnectionPool.java",120,"GuardLogStatement","Best Practices",2,"Logger calls should be surrounded by log level guards.","DatabaseConnectionPool","getConnection",""
"streamconverter-core/src/main/java/com/streamConverter/command/rule/DatabaseConnectionPool.java",138,"CommentDefaultAccessModifier","Code Style",3,"Missing commented default access modifier on method 'returnConnection(Connection)'","DatabaseConnectionPool","returnConnection",""
"streamconverter-core/src/main/java/com/streamConverter/command/rule/DatabaseConnectionPool.java",138,"MethodArgumentCouldBeFinal","Code Style",3,"Parameter 'connection' is not assigned and could be declared final","DatabaseConnectionPool","returnConnection","connection"
"streamconverter-core/src/main/java/com/streamConverter/command/rule/DatabaseConnectionPool.java",144,"GuardLogStatement","Best Practices",2,"Logger calls should be surrounded by log level guards.","DatabaseConnectionPool","returnConnection",""
"streamconverter-core/src/main/java/com/streamConverter/command/rule/DatabaseConnectionPool.java",149,"ConfusingTernary","Code Style",3,"Avoid if (x != y) ..; else ..;","DatabaseConnectionPool","returnConnection",""
"streamconverter-core/src/main/java/com/streamConverter/command/rule/DatabaseConnectionPool.java",154,"GuardLogStatement","Best Practices",2,"Logger calls should be surrounded by log level guards.","DatabaseConnectionPool","returnConnection",""
"streamconverter-core/src/main/java/com/streamConverter/command/rule/DatabaseConnectionPool.java",156,"GuardLogStatement","Best Practices",2,"Logger calls should be surrounded by log level guards.","DatabaseConnectionPool","returnConnection",""
"streamconverter-core/src/main/java/com/streamConverter/command/rule/DatabaseConnectionPool.java",169,"MethodArgumentCouldBeFinal","Code Style",3,"Parameter 'connection' is not assigned and could be declared final","DatabaseConnectionPool","isConnectionValid","connection"
"streamconverter-core/src/main/java/com/streamConverter/command/rule/DatabaseConnectionPool.java",171,"OnlyOneReturn","Code Style",3,"A method should have only one exit point, and that should be the last statement in the method","DatabaseConnectionPool","isConnectionValid",""
"streamconverter-core/src/main/java/com/streamConverter/command/rule/DatabaseConnectionPool.java",194,"CloseResource","Error Prone",3,"Ensure that resources like this Connection object are closed after use","DatabaseConnectionPool","shutdown","connection"
"streamconverter-core/src/main/java/com/streamConverter/command/rule/DatabaseConnectionPool.java",195,"AssignmentInOperand","Error Prone",3,"Avoid assignments in operands","DatabaseConnectionPool","shutdown",""
"streamconverter-core/src/main/java/com/streamConverter/command/rule/DatabaseConnectionPool.java",199,"GuardLogStatement","Best Practices",2,"Logger calls should be surrounded by log level guards.","DatabaseConnectionPool","shutdown",""
"streamconverter-core/src/main/java/com/streamConverter/command/rule/DatabaseConnectionPool.java",203,"GuardLogStatement","Best Practices",2,"Logger calls should be surrounded by log level guards.","DatabaseConnectionPool","shutdown",""
"streamconverter-core/src/main/java/com/streamConverter/command/rule/DatabaseConnectionPool.java",207,"ExcessivePublicCount","Design",3,"This class has a bunch of public methods and attributes","PooledConnection","",""
"streamconverter-core/src/main/java/com/streamConverter/command/rule/DatabaseConnectionPool.java",207,"TooManyMethods","Design",3,"This class has too many methods, consider refactoring it.","PooledConnection","",""
"streamconverter-core/src/main/java/com/streamConverter/command/rule/DatabaseConnectionPool.java",210,"RedundantFieldInitializer","Performance",3,"Avoid using redundant field initializer for 'closed'","PooledConnection","","closed"
"streamconverter-core/src/main/java/com/streamConverter/command/rule/DatabaseConnectionPool.java",212,"CommentDefaultAccessModifier","Code Style",3,"Missing commented default access modifier on constructor 'PooledConnection(Connection, DatabaseConnectionPool)'","PooledConnection","PooledConnection",""
"streamconverter-core/src/main/java/com/streamConverter/command/rule/DatabaseConnectionPool.java",212,"MethodArgumentCouldBeFinal","Code Style",3,"Parameter 'delegate' is not assigned and could be declared final","PooledConnection","PooledConnection","delegate"
"streamconverter-core/src/main/java/com/streamConverter/command/rule/DatabaseConnectionPool.java",212,"MethodArgumentCouldBeFinal","Code Style",3,"Parameter 'pool' is not assigned and could be declared final","PooledConnection","PooledConnection","pool"
"streamconverter-core/src/main/java/com/streamConverter/command/rule/DatabaseConnectionPool.java",232,"MethodArgumentCouldBeFinal","Code Style",3,"Parameter 'sql' is not assigned and could be declared final","PooledConnection","prepareStatement","sql"
"streamconverter-core/src/main/java/com/streamConverter/command/rule/DatabaseConnectionPool.java",237,"MethodArgumentCouldBeFinal","Code Style",3,"Parameter 'sql' is not assigned and could be declared final","PooledConnection","prepareCall","sql"
"streamconverter-core/src/main/java/com/streamConverter/command/rule/DatabaseConnectionPool.java",242,"MethodArgumentCouldBeFinal","Code Style",3,"Parameter 'sql' is not assigned and could be declared final","PooledConnection","nativeSQL","sql"
"streamconverter-core/src/main/java/com/streamConverter/command/rule/DatabaseConnectionPool.java",247,"MethodArgumentCouldBeFinal","Code Style",3,"Parameter 'autoCommit' is not assigned and could be declared final","PooledConnection","setAutoCommit","autoCommit"
"streamconverter-core/src/main/java/com/streamConverter/command/rule/DatabaseConnectionPool.java",277,"MethodArgumentCouldBeFinal","Code Style",3,"Parameter 'readOnly' is not assigned and could be declared final","PooledConnection","setReadOnly","readOnly"
"streamconverter-core/src/main/java/com/streamConverter/command/rule/DatabaseConnectionPool.java",287,"MethodArgumentCouldBeFinal","Code Style",3,"Parameter 'catalog' is not assigned and could be declared final","PooledConnection","setCatalog","catalog"
"streamconverter-core/src/main/java/com/streamConverter/command/rule/DatabaseConnectionPool.java",297,"MethodArgumentCouldBeFinal","Code Style",3,"Parameter 'level' is not assigned and could be declared final","PooledConnection","setTransactionIsolation","level"
"streamconverter-core/src/main/java/com/streamConverter/command/rule/DatabaseConnectionPool.java",317,"MethodArgumentCouldBeFinal","Code Style",3,"Parameter 'resultSetType' is not assigned and could be declared final","PooledConnection","createStatement","resultSetType"
"streamconverter-core/src/main/java/com/streamConverter/command/rule/DatabaseConnectionPool.java",317,"LongVariable","Code Style",3,"Avoid excessively long variable names like resultSetConcurrency","PooledConnection","createStatement","resultSetConcurrency"
"streamconverter-core/src/main/java/com/streamConverter/command/rule/DatabaseConnectionPool.java",317,"MethodArgumentCouldBeFinal","Code Style",3,"Parameter 'resultSetConcurrency' is not assigned and could be declared final","PooledConnection","createStatement","resultSetConcurrency"
"streamconverter-core/src/main/java/com/streamConverter/command/rule/DatabaseConnectionPool.java",324,"MethodArgumentCouldBeFinal","Code Style",3,"Parameter 'sql' is not assigned and could be declared final","PooledConnection","prepareStatement","sql"
"streamconverter-core/src/main/java/com/streamConverter/command/rule/DatabaseConnectionPool.java",324,"MethodArgumentCouldBeFinal","Code Style",3,"Parameter 'resultSetType' is not assigned and could be declared final","PooledConnection","prepareStatement","resultSetType"
"streamconverter-core/src/main/java/com/streamConverter/command/rule/DatabaseConnectionPool.java",324,"LongVariable","Code Style",3,"Avoid excessively long variable names like resultSetConcurrency","PooledConnection","prepareStatement","resultSetConcurrency"
"streamconverter-core/src/main/java/com/streamConverter/command/rule/DatabaseConnectionPool.java",324,"MethodArgumentCouldBeFinal","Code Style",3,"Parameter 'resultSetConcurrency' is not assigned and could be declared final","PooledConnection","prepareStatement","resultSetConcurrency"
"streamconverter-core/src/main/java/com/streamConverter/command/rule/DatabaseConnectionPool.java",330,"MethodArgumentCouldBeFinal","Code Style",3,"Parameter 'sql' is not assigned and could be declared final","PooledConnection","prepareCall","sql"
"streamconverter-core/src/main/java/com/streamConverter/command/rule/DatabaseConnectionPool.java",330,"MethodArgumentCouldBeFinal","Code Style",3,"Parameter 'resultSetType' is not assigned and could be declared final","PooledConnection","prepareCall","resultSetType"
"streamconverter-core/src/main/java/com/streamConverter/command/rule/DatabaseConnectionPool.java",330,"LongVariable","Code Style",3,"Avoid excessively long variable names like resultSetConcurrency","PooledConnection","prepareCall","resultSetConcurrency"
"streamconverter-core/src/main/java/com/streamConverter/command/rule/DatabaseConnectionPool.java",330,"MethodArgumentCouldBeFinal","Code Style",3,"Parameter 'resultSetConcurrency' is not assigned and could be declared final","PooledConnection","prepareCall","resultSetConcurrency"
"streamconverter-core/src/main/java/com/streamConverter/command/rule/DatabaseConnectionPool.java",340,"MethodArgumentCouldBeFinal","Code Style",3,"Parameter 'map' is not assigned and could be declared final","PooledConnection","setTypeMap","map"
"streamconverter-core/src/main/java/com/streamConverter/command/rule/DatabaseConnectionPool.java",345,"MethodArgumentCouldBeFinal","Code Style",3,"Parameter 'holdability' is not assigned and could be declared final","PooledConnection","setHoldability","holdability"
"streamconverter-core/src/main/java/com/streamConverter/command/rule/DatabaseConnectionPool.java",360,"MethodArgumentCouldBeFinal","Code Style",3,"Parameter 'name' is not assigned and could be declared final","PooledConnection","setSavepoint","name"
"streamconverter-core/src/main/java/com/streamConverter/command/rule/DatabaseConnectionPool.java",365,"MethodArgumentCouldBeFinal","Code Style",3,"Parameter 'savepoint' is not assigned and could be declared final","PooledConnection","rollback","savepoint"
"streamconverter-core/src/main/java/com/streamConverter/command/rule/DatabaseConnectionPool.java",370,"MethodArgumentCouldBeFinal","Code Style",3,"Parameter 'savepoint' is not assigned and could be declared final","PooledConnection","releaseSavepoint","savepoint"
"streamconverter-core/src/main/java/com/streamConverter/command/rule/DatabaseConnectionPool.java",376,"MethodArgumentCouldBeFinal","Code Style",3,"Parameter 'resultSetType' is not assigned and could be declared final","PooledConnection","createStatement","resultSetType"
"streamconverter-core/src/main/java/com/streamConverter/command/rule/DatabaseConnectionPool.java",376,"LongVariable","Code Style",3,"Avoid excessively long variable names like resultSetConcurrency","PooledConnection","createStatement","resultSetConcurrency"
"streamconverter-core/src/main/java/com/streamConverter/command/rule/DatabaseConnectionPool.java",376,"MethodArgumentCouldBeFinal","Code Style",3,"Parameter 'resultSetConcurrency' is not assigned and could be declared final","PooledConnection","createStatement","resultSetConcurrency"
"streamconverter-core/src/main/java/com/streamConverter/command/rule/DatabaseConnectionPool.java",376,"LongVariable","Code Style",3,"Avoid excessively long variable names like resultSetHoldability","PooledConnection","createStatement","resultSetHoldability"
"streamconverter-core/src/main/java/com/streamConverter/command/rule/DatabaseConnectionPool.java",376,"MethodArgumentCouldBeFinal","Code Style",3,"Parameter 'resultSetHoldability' is not assigned and could be declared final","PooledConnection","createStatement","resultSetHoldability"
"streamconverter-core/src/main/java/com/streamConverter/command/rule/DatabaseConnectionPool.java",382,"MethodArgumentCouldBeFinal","Code Style",3,"Parameter 'sql' is not assigned and could be declared final","PooledConnection","prepareStatement","sql"
"streamconverter-core/src/main/java/com/streamConverter/command/rule/DatabaseConnectionPool.java",382,"MethodArgumentCouldBeFinal","Code Style",3,"Parameter 'resultSetType' is not assigned and could be declared final","PooledConnection","prepareStatement","resultSetType"
"streamconverter-core/src/main/java/com/streamConverter/command/rule/DatabaseConnectionPool.java",382,"LongVariable","Code Style",3,"Avoid excessively long variable names like resultSetConcurrency","PooledConnection","prepareStatement","resultSetConcurrency"
"streamconverter-core/src/main/java/com/streamConverter/command/rule/DatabaseConnectionPool.java",382,"MethodArgumentCouldBeFinal","Code Style",3,"Parameter 'resultSetConcurrency' is not assigned and could be declared final","PooledConnection","prepareStatement","resultSetConcurrency"
"streamconverter-core/src/main/java/com/streamConverter/command/rule/DatabaseConnectionPool.java",382,"LongVariable","Code Style",3,"Avoid excessively long variable names like resultSetHoldability","PooledConnection","prepareStatement","resultSetHoldability"
"streamconverter-core/src/main/java/com/streamConverter/command/rule/DatabaseConnectionPool.java",382,"MethodArgumentCouldBeFinal","Code Style",3,"Parameter 'resultSetHoldability' is not assigned and could be declared final","PooledConnection","prepareStatement","resultSetHoldability"
"streamconverter-core/src/main/java/com/streamConverter/command/rule/DatabaseConnectionPool.java",390,"MethodArgumentCouldBeFinal","Code Style",3,"Parameter 'sql' is not assigned and could be declared final","PooledConnection","prepareCall","sql"
"streamconverter-core/src/main/java/com/streamConverter/command/rule/DatabaseConnectionPool.java",390,"MethodArgumentCouldBeFinal","Code Style",3,"Parameter 'resultSetType' is not assigned and could be declared final","PooledConnection","prepareCall","resultSetType"
"streamconverter-core/src/main/java/com/streamConverter/command/rule/DatabaseConnectionPool.java",390,"LongVariable","Code Style",3,"Avoid excessively long variable names like resultSetConcurrency","PooledConnection","prepareCall","resultSetConcurrency"
"streamconverter-core/src/main/java/com/streamConverter/command/rule/DatabaseConnectionPool.java",390,"MethodArgumentCouldBeFinal","Code Style",3,"Parameter 'resultSetConcurrency' is not assigned and could be declared final","PooledConnection","prepareCall","resultSetConcurrency"
"streamconverter-core/src/main/java/com/streamConverter/command/rule/DatabaseConnectionPool.java",390,"LongVariable","Code Style",3,"Avoid excessively long variable names like resultSetHoldability","PooledConnection","prepareCall","resultSetHoldability"
"streamconverter-core/src/main/java/com/streamConverter/command/rule/DatabaseConnectionPool.java",390,"MethodArgumentCouldBeFinal","Code Style",3,"Parameter 'resultSetHoldability' is not assigned and could be declared final","PooledConnection","prepareCall","resultSetHoldability"
"streamconverter-core/src/main/java/com/streamConverter/command/rule/DatabaseConnectionPool.java",396,"MethodArgumentCouldBeFinal","Code Style",3,"Parameter 'sql' is not assigned and could be declared final","PooledConnection","prepareStatement","sql"
"streamconverter-core/src/main/java/com/streamConverter/command/rule/DatabaseConnectionPool.java",396,"MethodArgumentCouldBeFinal","Code Style",3,"Parameter 'autoGeneratedKeys' is not assigned and could be declared final","PooledConnection","prepareStatement","autoGeneratedKeys"
"streamconverter-core/src/main/java/com/streamConverter/command/rule/DatabaseConnectionPool.java",402,"MethodArgumentCouldBeFinal","Code Style",3,"Parameter 'sql' is not assigned and could be declared final","PooledConnection","prepareStatement","sql"
"streamconverter-core/src/main/java/com/streamConverter/command/rule/DatabaseConnectionPool.java",402,"MethodArgumentCouldBeFinal","Code Style",3,"Parameter 'columnIndexes' is not assigned and could be declared final","PooledConnection","prepareStatement","columnIndexes"
"streamconverter-core/src/main/java/com/streamConverter/command/rule/DatabaseConnectionPool.java",408,"MethodArgumentCouldBeFinal","Code Style",3,"Parameter 'sql' is not assigned and could be declared final","PooledConnection","prepareStatement","sql"
"streamconverter-core/src/main/java/com/streamConverter/command/rule/DatabaseConnectionPool.java",408,"MethodArgumentCouldBeFinal","Code Style",3,"Parameter 'columnNames' is not assigned and could be declared final","PooledConnection","prepareStatement","columnNames"
"streamconverter-core/src/main/java/com/streamConverter/command/rule/DatabaseConnectionPool.java",434,"MethodArgumentCouldBeFinal","Code Style",3,"Parameter 'timeout' is not assigned and could be declared final","PooledConnection","isValid","timeout"
"streamconverter-core/src/main/java/com/streamConverter/command/rule/DatabaseConnectionPool.java",439,"MethodArgumentCouldBeFinal","Code Style",3,"Parameter 'name' is not assigned and could be declared final","PooledConnection","setClientInfo","name"
"streamconverter-core/src/main/java/com/streamConverter/command/rule/DatabaseConnectionPool.java",439,"MethodArgumentCouldBeFinal","Code Style",3,"Parameter 'value' is not assigned and could be declared final","PooledConnection","setClientInfo","value"
"streamconverter-core/src/main/java/com/streamConverter/command/rule/DatabaseConnectionPool.java",444,"MethodArgumentCouldBeFinal","Code Style",3,"Parameter 'properties' is not assigned and could be declared final","PooledConnection","setClientInfo","properties"
"streamconverter-core/src/main/java/com/streamConverter/command/rule/DatabaseConnectionPool.java",450,"MethodArgumentCouldBeFinal","Code Style",3,"Parameter 'name' is not assigned and could be declared final","PooledConnection","getClientInfo","name"
"streamconverter-core/src/main/java/com/streamConverter/command/rule/DatabaseConnectionPool.java",460,"MethodArgumentCouldBeFinal","Code Style",3,"Parameter 'typeName' is not assigned and could be declared final","PooledConnection","createArrayOf","typeName"
"streamconverter-core/src/main/java/com/streamConverter/command/rule/DatabaseConnectionPool.java",460,"MethodArgumentCouldBeFinal","Code Style",3,"Parameter 'elements' is not assigned and could be declared final","PooledConnection","createArrayOf","elements"
"streamconverter-core/src/main/java/com/streamConverter/command/rule/DatabaseConnectionPool.java",465,"MethodArgumentCouldBeFinal","Code Style",3,"Parameter 'typeName' is not assigned and could be declared final","PooledConnection","createStruct","typeName"
"streamconverter-core/src/main/java/com/streamConverter/command/rule/DatabaseConnectionPool.java",465,"MethodArgumentCouldBeFinal","Code Style",3,"Parameter 'attributes' is not assigned and could be declared final","PooledConnection","createStruct","attributes"
"streamconverter-core/src/main/java/com/streamConverter/command/rule/DatabaseConnectionPool.java",470,"MethodArgumentCouldBeFinal","Code Style",3,"Parameter 'schema' is not assigned and could be declared final","PooledConnection","setSchema","schema"
"streamconverter-core/src/main/java/com/streamConverter/command/rule/DatabaseConnectionPool.java",480,"MethodArgumentCouldBeFinal","Code Style",3,"Parameter 'executor' is not assigned and could be declared final","PooledConnection","abort","executor"
"streamconverter-core/src/main/java/com/streamConverter/command/rule/DatabaseConnectionPool.java",485,"MethodArgumentCouldBeFinal","Code Style",3,"Parameter 'executor' is not assigned and could be declared final","PooledConnection","setNetworkTimeout","executor"
"streamconverter-core/src/main/java/com/streamConverter/command/rule/DatabaseConnectionPool.java",485,"MethodArgumentCouldBeFinal","Code Style",3,"Parameter 'milliseconds' is not assigned and could be declared final","PooledConnection","setNetworkTimeout","milliseconds"
"streamconverter-core/src/main/java/com/streamConverter/command/rule/DatabaseConnectionPool.java",496,"MethodArgumentCouldBeFinal","Code Style",3,"Parameter 'iface' is not assigned and could be declared final","PooledConnection","unwrap","iface"
"streamconverter-core/src/main/java/com/streamConverter/command/rule/DatabaseConnectionPool.java",501,"MethodArgumentCouldBeFinal","Code Style",3,"Parameter 'iface' is not assigned and could be declared final","PooledConnection","isWrapperFor","iface"
"streamconverter-core/src/main/java/com/streamConverter/command/rule/DatabaseFetchRule.java",1,"PackageCase","Code Style",3,"Package name contains upper case characters","DatabaseFetchRule","",""
"streamconverter-core/src/main/java/com/streamConverter/command/rule/DatabaseFetchRule.java",44,"FieldNamingConventions","Code Style",1,"The constant name 'logger' doesn't match '[A-Z][A-Z_0-9]*'","DatabaseFetchRule","","logger"
"streamconverter-core/src/main/java/com/streamConverter/command/rule/DatabaseFetchRule.java",47,"LongVariable","Code Style",3,"Avoid excessively long variable names like SQL_INJECTION_PATTERN","DatabaseFetchRule","","SQL_INJECTION_PATTERN"
"streamconverter-core/src/main/java/com/streamConverter/command/rule/DatabaseFetchRule.java",53,"LongVariable","Code Style",3,"Avoid excessively long variable names like ALLOWED_DB_SCHEME_PATTERN","DatabaseFetchRule","","ALLOWED_DB_SCHEME_PATTERN"
"streamconverter-core/src/main/java/com/streamConverter/command/rule/DatabaseFetchRule.java",71,"MethodArgumentCouldBeFinal","Code Style",3,"Parameter 'databaseUrl' is not assigned and could be declared final","DatabaseFetchRule","DatabaseFetchRule","databaseUrl"
"streamconverter-core/src/main/java/com/streamConverter/command/rule/DatabaseFetchRule.java",71,"MethodArgumentCouldBeFinal","Code Style",3,"Parameter 'query' is not assigned and could be declared final","DatabaseFetchRule","DatabaseFetchRule","query"
"streamconverter-core/src/main/java/com/streamConverter/command/rule/DatabaseFetchRule.java",81,"GuardLogStatement","Best Practices",2,"Logger calls should be surrounded by log level guards.","DatabaseFetchRule","DatabaseFetchRule",""
"streamconverter-core/src/main/java/com/streamConverter/command/rule/DatabaseFetchRule.java",94,"MethodArgumentCouldBeFinal","Code Style",3,"Parameter 'url' is not assigned and could be declared final","DatabaseFetchRule","validateDatabaseUrl","url"
"streamconverter-core/src/main/java/com/streamConverter/command/rule/DatabaseFetchRule.java",121,"CyclomaticComplexity","Design",3,"The method 'validateQuery(String)' has a cyclomatic complexity of 10.","DatabaseFetchRule","validateQuery",""
"streamconverter-core/src/main/java/com/streamConverter/command/rule/DatabaseFetchRule.java",121,"MethodArgumentCouldBeFinal","Code Style",3,"Parameter 'queryString' is not assigned and could be declared final","DatabaseFetchRule","validateQuery","queryString"
"streamconverter-core/src/main/java/com/streamConverter/command/rule/DatabaseFetchRule.java",127,"UseLocaleWithCaseConversions","Error Prone",3,"When doing a String.toLowerCase()/toUpperCase() call, use a Locale","DatabaseFetchRule","validateQuery",""
"streamconverter-core/src/main/java/com/streamConverter/command/rule/DatabaseFetchRule.java",142,"GuardLogStatement","Best Practices",2,"Logger calls should be surrounded by log level guards.","DatabaseFetchRule","validateQuery",""
"streamconverter-core/src/main/java/com/streamConverter/command/rule/DatabaseFetchRule.java",152,"MethodArgumentCouldBeFinal","Code Style",3,"Parameter 'input' is not assigned and could be declared final","DatabaseFetchRule","sanitizeInput","input"
"streamconverter-core/src/main/java/com/streamConverter/command/rule/DatabaseFetchRule.java",154,"OnlyOneReturn","Code Style",3,"A method should have only one exit point, and that should be the last statement in the method","DatabaseFetchRule","sanitizeInput",""
"streamconverter-core/src/main/java/com/streamConverter/command/rule/DatabaseFetchRule.java",166,"AvoidLiteralsInIfCondition","Error Prone",3,"Avoid using literals in if statements","DatabaseFetchRule","sanitizeInput",""
"streamconverter-core/src/main/java/com/streamConverter/command/rule/DatabaseFetchRule.java",167,"GuardLogStatement","Best Practices",2,"Logger calls should be surrounded by log level guards.","DatabaseFetchRule","sanitizeInput",""
"streamconverter-core/src/main/java/com/streamConverter/command/rule/DatabaseFetchRule.java",184,"CyclomaticComplexity","Design",3,"The method 'apply(String)' has a cyclomatic complexity of 13.","DatabaseFetchRule","apply",""
"streamconverter-core/src/main/java/com/streamConverter/command/rule/DatabaseFetchRule.java",184,"MethodArgumentCouldBeFinal","Code Style",3,"Parameter 'input' is not assigned and could be declared final","DatabaseFetchRule","apply","input"
"streamconverter-core/src/main/java/com/streamConverter/command/rule/DatabaseFetchRule.java",185,"CloseResource","Error Prone",3,"Ensure that resources like this Connection object are closed after use","DatabaseFetchRule","apply","connection"
"streamconverter-core/src/main/java/com/streamConverter/command/rule/DatabaseFetchRule.java",186,"CloseResource","Error Prone",3,"Ensure that resources like this PreparedStatement object are closed after use","DatabaseFetchRule","apply","statement"
"streamconverter-core/src/main/java/com/streamConverter/command/rule/DatabaseFetchRule.java",187,"CloseResource","Error Prone",3,"Ensure that resources like this ResultSet object are closed after use","DatabaseFetchRule","apply","resultSet"
"streamconverter-core/src/main/java/com/streamConverter/command/rule/DatabaseFetchRule.java",200,"LocalVariableCouldBeFinal","Code Style",3,"Local variable 'sanitizedInput' could be declared final","DatabaseFetchRule","apply","sanitizedInput"
"streamconverter-core/src/main/java/com/streamConverter/command/rule/DatabaseFetchRule.java",205,"OnlyOneReturn","Code Style",3,"A method should have only one exit point, and that should be the last statement in the method","DatabaseFetchRule","apply",""
"streamconverter-core/src/main/java/com/streamConverter/command/rule/DatabaseFetchRule.java",209,"GuardLogStatement","Best Practices",2,"Logger calls should be surrounded by log level guards.","DatabaseFetchRule","apply",""
"streamconverter-core/src/main/java/com/streamConverter/command/rule/DatabaseFetchRule.java",217,"LocalVariableCouldBeFinal","Code Style",3,"Local variable 'metaData' could be declared final","DatabaseFetchRule","apply","metaData"
"streamconverter-core/src/main/java/com/streamConverter/command/rule/DatabaseFetchRule.java",218,"LocalVariableCouldBeFinal","Code Style",3,"Local variable 'columnCount' could be declared final","DatabaseFetchRule","apply","columnCount"
"streamconverter-core/src/main/java/com/streamConverter/command/rule/DatabaseFetchRule.java",223,"OnlyOneReturn","Code Style",3,"A method should have only one exit point, and that should be the last statement in the method","DatabaseFetchRule","apply",""
"streamconverter-core/src/main/java/com/streamConverter/command/rule/DatabaseFetchRule.java",227,"AvoidLiteralsInIfCondition","Error Prone",3,"Avoid using literals in if statements","DatabaseFetchRule","apply",""
"streamconverter-core/src/main/java/com/streamConverter/command/rule/DatabaseFetchRule.java",232,"LocalVariableCouldBeFinal","Code Style",3,"Local variable 'value' could be declared final","DatabaseFetchRule","apply","value"
"streamconverter-core/src/main/java/com/streamConverter/command/rule/DatabaseFetchRule.java",235,"LocalVariableCouldBeFinal","Code Style",3,"Local variable 'hasMoreRows' could be declared final","DatabaseFetchRule","apply","hasMoreRows"
"streamconverter-core/src/main/java/com/streamConverter/command/rule/DatabaseFetchRule.java",235,"CheckResultSet","Best Practices",3,"Always check the return of one of the navigation method (next,previous,first,last) of a ResultSet.","DatabaseFetchRule","apply","hasMoreRows"
"streamconverter-core/src/main/java/com/streamConverter/command/rule/DatabaseFetchRule.java",243,"OnlyOneReturn","Code Style",3,"A method should have only one exit point, and that should be the last statement in the method","DatabaseFetchRule","apply",""
"streamconverter-core/src/main/java/com/streamConverter/command/rule/DatabaseFetchRule.java",253,"OnlyOneReturn","Code Style",3,"A method should have only one exit point, and that should be the last statement in the method","DatabaseFetchRule","apply",""
"streamconverter-core/src/main/java/com/streamConverter/command/rule/DatabaseFetchRule.java",256,"GuardLogStatement","Best Practices",2,"Logger calls should be surrounded by log level guards.","DatabaseFetchRule","apply",""
"streamconverter-core/src/main/java/com/streamConverter/command/rule/DatabaseFetchRule.java",272,"MethodArgumentCouldBeFinal","Code Style",3,"Parameter 'resultSet' is not assigned and could be declared final","DatabaseFetchRule","closeResources","resultSet"
"streamconverter-core/src/main/java/com/streamConverter/command/rule/DatabaseFetchRule.java",272,"MethodArgumentCouldBeFinal","Code Style",3,"Parameter 'statement' is not assigned and could be declared final","DatabaseFetchRule","closeResources","statement"
"streamconverter-core/src/main/java/com/streamConverter/command/rule/DatabaseFetchRule.java",272,"MethodArgumentCouldBeFinal","Code Style",3,"Parameter 'connection' is not assigned and could be declared final","DatabaseFetchRule","closeResources","connection"
"streamconverter-core/src/main/java/com/streamConverter/command/rule/DatabaseFetchRule.java",277,"GuardLogStatement","Best Practices",2,"Logger calls should be surrounded by log level guards.","DatabaseFetchRule","closeResources",""
"streamconverter-core/src/main/java/com/streamConverter/command/rule/DatabaseFetchRule.java",285,"GuardLogStatement","Best Practices",2,"Logger calls should be surrounded by log level guards.","DatabaseFetchRule","closeResources",""
"streamconverter-core/src/main/java/com/streamConverter/command/rule/DatabaseFetchRule.java",293,"GuardLogStatement","Best Practices",2,"Logger calls should be surrounded by log level guards.","DatabaseFetchRule","closeResources",""
"streamconverter-core/src/main/java/com/streamConverter/command/rule/HikariConnectionPoolConfig.java",1,"PackageCase","Code Style",3,"Package name contains upper case characters","HikariConnectionPoolConfig","",""
"streamconverter-core/src/main/java/com/streamConverter/command/rule/HikariConnectionPoolConfig.java",43,"FieldNamingConventions","Code Style",1,"The constant name 'logger' doesn't match '[A-Z][A-Z_0-9]*'","HikariConnectionPoolConfig","","logger"
"streamconverter-core/src/main/java/com/streamConverter/command/rule/HikariConnectionPoolConfig.java",54,"MethodArgumentCouldBeFinal","Code Style",3,"Parameter 'databaseUrl' is not assigned and could be declared final","HikariConnectionPoolConfig","HikariConnectionPoolConfig","databaseUrl"
"streamconverter-core/src/main/java/com/streamConverter/command/rule/HikariConnectionPoolConfig.java",67,"MethodArgumentCouldBeFinal","Code Style",3,"Parameter 'databaseUrl' is not assigned and could be declared final","HikariConnectionPoolConfig","HikariConnectionPoolConfig","databaseUrl"
"streamconverter-core/src/main/java/com/streamConverter/command/rule/HikariConnectionPoolConfig.java",67,"MethodArgumentCouldBeFinal","Code Style",3,"Parameter 'maximumPoolSize' is not assigned and could be declared final","HikariConnectionPoolConfig","HikariConnectionPoolConfig","maximumPoolSize"
"streamconverter-core/src/main/java/com/streamConverter/command/rule/HikariConnectionPoolConfig.java",67,"MethodArgumentCouldBeFinal","Code Style",3,"Parameter 'connectionTimeout' is not assigned and could be declared final","HikariConnectionPoolConfig","HikariConnectionPoolConfig","connectionTimeout"
"streamconverter-core/src/main/java/com/streamConverter/command/rule/HikariConnectionPoolConfig.java",76,"LocalVariableCouldBeFinal","Code Style",3,"Local variable 'config' could be declared final","HikariConnectionPoolConfig","HikariConnectionPoolConfig","config"
"streamconverter-core/src/main/java/com/streamConverter/command/rule/HikariConnectionPoolConfig.java",100,"GuardLogStatement","Best Practices",2,"Logger calls should be surrounded by log level guards.","HikariConnectionPoolConfig","HikariConnectionPoolConfig",""
"streamconverter-core/src/main/java/com/streamConverter/command/rule/HikariConnectionPoolConfig.java",115,"LocalVariableCouldBeFinal","Code Style",3,"Local variable 'connection' could be declared final","HikariConnectionPoolConfig","getConnection","connection"
"streamconverter-core/src/main/java/com/streamConverter/command/rule/HikariConnectionPoolConfig.java",119,"GuardLogStatement","Best Practices",2,"Logger calls should be surrounded by log level guards.","HikariConnectionPoolConfig","getConnection",""
"streamconverter-core/src/main/java/com/streamConverter/command/rule/HikariConnectionPoolConfig.java",131,"OnlyOneReturn","Code Style",3,"A method should have only one exit point, and that should be the last statement in the method","HikariConnectionPoolConfig","getPoolStats",""
"streamconverter-core/src/main/java/com/streamConverter/command/rule/HikariConnectionPoolConfig.java",136,"LawOfDemeter","Design",3,"Call to `getHikariPoolMXBean` on foreign value `dataSource` (degree 1)","HikariConnectionPoolConfig","getPoolStats",""
"streamconverter-core/src/main/java/com/streamConverter/command/rule/HikariConnectionPoolConfig.java",137,"LawOfDemeter","Design",3,"Call to `getHikariPoolMXBean` on foreign value `dataSource` (degree 1)","HikariConnectionPoolConfig","getPoolStats",""
"streamconverter-core/src/main/java/com/streamConverter/command/rule/HikariConnectionPoolConfig.java",138,"LawOfDemeter","Design",3,"Call to `getHikariPoolMXBean` on foreign value `dataSource` (degree 1)","HikariConnectionPoolConfig","getPoolStats",""
"streamconverter-core/src/main/java/com/streamConverter/command/rule/HikariConnectionPoolConfig.java",139,"LawOfDemeter","Design",3,"Call to `getHikariPoolMXBean` on foreign value `dataSource` (degree 1)","HikariConnectionPoolConfig","getPoolStats",""
"streamconverter-core/src/main/java/com/streamConverter/command/rule/HikariConnectionPoolConfig.java",149,"OnlyOneReturn","Code Style",3,"A method should have only one exit point, and that should be the last statement in the method","HikariConnectionPoolConfig","getDetailedStats",""
"streamconverter-core/src/main/java/com/streamConverter/command/rule/HikariConnectionPoolConfig.java",152,"LocalVariableCouldBeFinal","Code Style",3,"Local variable 'mxBean' could be declared final","HikariConnectionPoolConfig","getDetailedStats","mxBean"
"streamconverter-core/src/main/java/com/streamConverter/command/rule/HikariConnectionPoolConfig.java",152,"LawOfDemeter","Design",3,"Call to `getHikariPoolMXBean` on foreign value `dataSource` (degree 1)","HikariConnectionPoolConfig","getDetailedStats","mxBean"
"streamconverter-core/src/main/java/com/streamConverter/command/rule/IRule.java",1,"PackageCase","Code Style",3,"Package name contains upper case characters","IRule","",""
"streamconverter-core/src/main/java/com/streamConverter/command/rule/IRule.java",9,"ImplicitFunctionalInterface","Best Practices",2,"Annotate this interface with @FunctionalInterface or with @SuppressWarnings(""PMD.ImplicitFunctionalInterface"") to clarify your intent.","IRule","",""
"streamconverter-core/src/main/java/com/streamConverter/command/rule/PassThroughRule.java",1,"PackageCase","Code Style",3,"Package name contains upper case characters","PassThroughRule","",""
"streamconverter-core/src/main/java/com/streamConverter/command/rule/PassThroughRule.java",9,"AtLeastOneConstructor","Code Style",3,"Each class should declare at least one constructor","PassThroughRule","",""
"streamconverter-core/src/main/java/com/streamConverter/command/rule/PassThroughRule.java",19,"MethodArgumentCouldBeFinal","Code Style",3,"Parameter 'input' is not assigned and could be declared final","PassThroughRule","apply","input"
"streamconverter-core/src/main/java/com/streamConverter/command/rule/PooledDatabaseFetchRule.java",1,"PackageCase","Code Style",3,"Package name contains upper case characters","PooledDatabaseFetchRule","",""
"streamconverter-core/src/main/java/com/streamConverter/command/rule/PooledDatabaseFetchRule.java",50,"FieldNamingConventions","Code Style",1,"The constant name 'logger' doesn't match '[A-Z][A-Z_0-9]*'","PooledDatabaseFetchRule","","logger"
"streamconverter-core/src/main/java/com/streamConverter/command/rule/PooledDatabaseFetchRule.java",53,"LongVariable","Code Style",3,"Avoid excessively long variable names like SQL_INJECTION_PATTERN","PooledDatabaseFetchRule","","SQL_INJECTION_PATTERN"
"streamconverter-core/src/main/java/com/streamConverter/command/rule/PooledDatabaseFetchRule.java",69,"MethodArgumentCouldBeFinal","Code Style",3,"Parameter 'connectionPool' is not assigned and could be declared final","PooledDatabaseFetchRule","PooledDatabaseFetchRule","connectionPool"
"streamconverter-core/src/main/java/com/streamConverter/command/rule/PooledDatabaseFetchRule.java",69,"MethodArgumentCouldBeFinal","Code Style",3,"Parameter 'query' is not assigned and could be declared final","PooledDatabaseFetchRule","PooledDatabaseFetchRule","query"
"streamconverter-core/src/main/java/com/streamConverter/command/rule/PooledDatabaseFetchRule.java",76,"GuardLogStatement","Best Practices",2,"Logger calls should be surrounded by log level guards.","PooledDatabaseFetchRule","PooledDatabaseFetchRule",""
"streamconverter-core/src/main/java/com/streamConverter/command/rule/PooledDatabaseFetchRule.java",89,"CyclomaticComplexity","Design",3,"The method 'validateQuery(String)' has a cyclomatic complexity of 10.","PooledDatabaseFetchRule","validateQuery",""
"streamconverter-core/src/main/java/com/streamConverter/command/rule/PooledDatabaseFetchRule.java",89,"MethodArgumentCouldBeFinal","Code Style",3,"Parameter 'queryString' is not assigned and could be declared final","PooledDatabaseFetchRule","validateQuery","queryString"
"streamconverter-core/src/main/java/com/streamConverter/command/rule/PooledDatabaseFetchRule.java",95,"UseLocaleWithCaseConversions","Error Prone",3,"When doing a String.toLowerCase()/toUpperCase() call, use a Locale","PooledDatabaseFetchRule","validateQuery",""
"streamconverter-core/src/main/java/com/streamConverter/command/rule/PooledDatabaseFetchRule.java",110,"GuardLogStatement","Best Practices",2,"Logger calls should be surrounded by log level guards.","PooledDatabaseFetchRule","validateQuery",""
"streamconverter-core/src/main/java/com/streamConverter/command/rule/PooledDatabaseFetchRule.java",120,"MethodArgumentCouldBeFinal","Code Style",3,"Parameter 'input' is not assigned and could be declared final","PooledDatabaseFetchRule","sanitizeInput","input"
"streamconverter-core/src/main/java/com/streamConverter/command/rule/PooledDatabaseFetchRule.java",122,"OnlyOneReturn","Code Style",3,"A method should have only one exit point, and that should be the last statement in the method","PooledDatabaseFetchRule","sanitizeInput",""
"streamconverter-core/src/main/java/com/streamConverter/command/rule/PooledDatabaseFetchRule.java",134,"AvoidLiteralsInIfCondition","Error Prone",3,"Avoid using literals in if statements","PooledDatabaseFetchRule","sanitizeInput",""
"streamconverter-core/src/main/java/com/streamConverter/command/rule/PooledDatabaseFetchRule.java",135,"GuardLogStatement","Best Practices",2,"Logger calls should be surrounded by log level guards.","PooledDatabaseFetchRule","sanitizeInput",""
"streamconverter-core/src/main/java/com/streamConverter/command/rule/PooledDatabaseFetchRule.java",151,"CyclomaticComplexity","Design",3,"The method 'apply(String)' has a cyclomatic complexity of 13.","PooledDatabaseFetchRule","apply",""
"streamconverter-core/src/main/java/com/streamConverter/command/rule/PooledDatabaseFetchRule.java",151,"MethodArgumentCouldBeFinal","Code Style",3,"Parameter 'input' is not assigned and could be declared final","PooledDatabaseFetchRule","apply","input"
"streamconverter-core/src/main/java/com/streamConverter/command/rule/PooledDatabaseFetchRule.java",152,"CloseResource","Error Prone",3,"Ensure that resources like this Connection object are closed after use","PooledDatabaseFetchRule","apply","connection"
"streamconverter-core/src/main/java/com/streamConverter/command/rule/PooledDatabaseFetchRule.java",153,"CloseResource","Error Prone",3,"Ensure that resources like this PreparedStatement object are closed after use","PooledDatabaseFetchRule","apply","statement"
"streamconverter-core/src/main/java/com/streamConverter/command/rule/PooledDatabaseFetchRule.java",154,"CloseResource","Error Prone",3,"Ensure that resources like this ResultSet object are closed after use","PooledDatabaseFetchRule","apply","resultSet"
"streamconverter-core/src/main/java/com/streamConverter/command/rule/PooledDatabaseFetchRule.java",158,"GuardLogStatement","Best Practices",2,"Logger calls should be surrounded by log level guards.","PooledDatabaseFetchRule","apply",""
"streamconverter-core/src/main/java/com/streamConverter/command/rule/PooledDatabaseFetchRule.java",166,"LocalVariableCouldBeFinal","Code Style",3,"Local variable 'sanitizedInput' could be declared final","PooledDatabaseFetchRule","apply","sanitizedInput"
"streamconverter-core/src/main/java/com/streamConverter/command/rule/PooledDatabaseFetchRule.java",171,"OnlyOneReturn","Code Style",3,"A method should have only one exit point, and that should be the last statement in the method","PooledDatabaseFetchRule","apply",""
"streamconverter-core/src/main/java/com/streamConverter/command/rule/PooledDatabaseFetchRule.java",175,"GuardLogStatement","Best Practices",2,"Logger calls should be surrounded by log level guards.","PooledDatabaseFetchRule","apply",""
"streamconverter-core/src/main/java/com/streamConverter/command/rule/PooledDatabaseFetchRule.java",183,"LocalVariableCouldBeFinal","Code Style",3,"Local variable 'metaData' could be declared final","PooledDatabaseFetchRule","apply","metaData"
"streamconverter-core/src/main/java/com/streamConverter/command/rule/PooledDatabaseFetchRule.java",184,"LocalVariableCouldBeFinal","Code Style",3,"Local variable 'columnCount' could be declared final","PooledDatabaseFetchRule","apply","columnCount"
"streamconverter-core/src/main/java/com/streamConverter/command/rule/PooledDatabaseFetchRule.java",189,"OnlyOneReturn","Code Style",3,"A method should have only one exit point, and that should be the last statement in the method","PooledDatabaseFetchRule","apply",""
"streamconverter-core/src/main/java/com/streamConverter/command/rule/PooledDatabaseFetchRule.java",193,"AvoidLiteralsInIfCondition","Error Prone",3,"Avoid using literals in if statements","PooledDatabaseFetchRule","apply",""
"streamconverter-core/src/main/java/com/streamConverter/command/rule/PooledDatabaseFetchRule.java",198,"LocalVariableCouldBeFinal","Code Style",3,"Local variable 'value' could be declared final","PooledDatabaseFetchRule","apply","value"
"streamconverter-core/src/main/java/com/streamConverter/command/rule/PooledDatabaseFetchRule.java",201,"LocalVariableCouldBeFinal","Code Style",3,"Local variable 'hasMoreRows' could be declared final","PooledDatabaseFetchRule","apply","hasMoreRows"
"streamconverter-core/src/main/java/com/streamConverter/command/rule/PooledDatabaseFetchRule.java",201,"CheckResultSet","Best Practices",3,"Always check the return of one of the navigation method (next,previous,first,last) of a ResultSet.","PooledDatabaseFetchRule","apply","hasMoreRows"
"streamconverter-core/src/main/java/com/streamConverter/command/rule/PooledDatabaseFetchRule.java",209,"OnlyOneReturn","Code Style",3,"A method should have only one exit point, and that should be the last statement in the method","PooledDatabaseFetchRule","apply",""
"streamconverter-core/src/main/java/com/streamConverter/command/rule/PooledDatabaseFetchRule.java",219,"OnlyOneReturn","Code Style",3,"A method should have only one exit point, and that should be the last statement in the method","PooledDatabaseFetchRule","apply",""
"streamconverter-core/src/main/java/com/streamConverter/command/rule/PooledDatabaseFetchRule.java",222,"GuardLogStatement","Best Practices",2,"Logger calls should be surrounded by log level guards.","PooledDatabaseFetchRule","apply",""
"streamconverter-core/src/main/java/com/streamConverter/command/rule/PooledDatabaseFetchRule.java",238,"MethodArgumentCouldBeFinal","Code Style",3,"Parameter 'resultSet' is not assigned and could be declared final","PooledDatabaseFetchRule","closeResources","resultSet"
"streamconverter-core/src/main/java/com/streamConverter/command/rule/PooledDatabaseFetchRule.java",238,"MethodArgumentCouldBeFinal","Code Style",3,"Parameter 'statement' is not assigned and could be declared final","PooledDatabaseFetchRule","closeResources","statement"
"streamconverter-core/src/main/java/com/streamConverter/command/rule/PooledDatabaseFetchRule.java",238,"MethodArgumentCouldBeFinal","Code Style",3,"Parameter 'connection' is not assigned and could be declared final","PooledDatabaseFetchRule","closeResources","connection"
"streamconverter-core/src/main/java/com/streamConverter/command/rule/PooledDatabaseFetchRule.java",243,"GuardLogStatement","Best Practices",2,"Logger calls should be surrounded by log level guards.","PooledDatabaseFetchRule","closeResources",""
"streamconverter-core/src/main/java/com/streamConverter/command/rule/PooledDatabaseFetchRule.java",251,"GuardLogStatement","Best Practices",2,"Logger calls should be surrounded by log level guards.","PooledDatabaseFetchRule","closeResources",""
"streamconverter-core/src/main/java/com/streamConverter/command/rule/PooledDatabaseFetchRule.java",259,"GuardLogStatement","Best Practices",2,"Logger calls should be surrounded by log level guards.","PooledDatabaseFetchRule","closeResources",""
"streamconverter-core/src/main/java/com/streamConverter/config/SecurityConfigurationManager.java",1,"PackageCase","Code Style",3,"Package name contains upper case characters","SecurityConfigurationManager","",""
"streamconverter-core/src/main/java/com/streamConverter/config/SecurityConfigurationManager.java",26,"MoreThanOneLogger","Error Prone",2,"Class contains more than one logger.","SecurityConfigurationManager","",""
"streamconverter-core/src/main/java/com/streamConverter/config/SecurityConfigurationManager.java",26,"ClassWithOnlyPrivateConstructorsShouldBeFinal","Design",1,"This class has only private constructors and may be final","SecurityConfigurationManager","",""
"streamconverter-core/src/main/java/com/streamConverter/config/SecurityConfigurationManager.java",39,"ConstructorCallsOverridableMethod","Error Prone",1,"This method may call an overridable method during object construction: SecurityConfigurationManager.isSecurityLoggingEnabled() (call stack: [SecurityConfigurationManager.logSecurityConfigurationStatus(), SecurityConfigurationManager.isSecurityLoggingEnabled()])","SecurityConfigurationManager","SecurityConfigurationManager",""
"streamconverter-core/src/main/java/com/streamConverter/config/SecurityConfigurationManager.java",166,"LocalVariableCouldBeFinal","Code Style",3,"Local variable 'maxSizeStr' could be declared final","SecurityConfigurationManager","getMaxFileSize","maxSizeStr"
"streamconverter-core/src/main/java/com/streamConverter/config/SecurityConfigurationManager.java",176,"LocalVariableCouldBeFinal","Code Style",3,"Local variable 'extensions' could be declared final","SecurityConfigurationManager","getAllowedFileExtensions","extensions"
"streamconverter-core/src/main/java/com/streamConverter/config/SecurityConfigurationManager.java",228,"InefficientEmptyStringCheck","Performance",3,"String.trim().length() == 0 / String.trim().isEmpty() is an inefficient way to validate a blank String.","SecurityConfigurationManager","determineActiveProfile",""
"streamconverter-core/src/main/java/com/streamConverter/config/SecurityConfigurationManager.java",229,"OnlyOneReturn","Code Style",3,"A method should have only one exit point, and that should be the last statement in the method","SecurityConfigurationManager","determineActiveProfile",""
"streamconverter-core/src/main/java/com/streamConverter/config/SecurityConfigurationManager.java",234,"InefficientEmptyStringCheck","Performance",3,"String.trim().length() == 0 / String.trim().isEmpty() is an inefficient way to validate a blank String.","SecurityConfigurationManager","determineActiveProfile",""
"streamconverter-core/src/main/java/com/streamConverter/config/SecurityConfigurationManager.java",235,"OnlyOneReturn","Code Style",3,"A method should have only one exit point, and that should be the last statement in the method","SecurityConfigurationManager","determineActiveProfile",""
"streamconverter-core/src/main/java/com/streamConverter/config/SecurityConfigurationManager.java",243,"LocalVariableCouldBeFinal","Code Style",3,"Local variable 'props' could be declared final","SecurityConfigurationManager","loadSecurityConfiguration","props"
"streamconverter-core/src/main/java/com/streamConverter/config/SecurityConfigurationManager.java",256,"MethodArgumentCouldBeFinal","Code Style",3,"Parameter 'props' is not assigned and could be declared final","SecurityConfigurationManager","loadPropertiesFile","props"
"streamconverter-core/src/main/java/com/streamConverter/config/SecurityConfigurationManager.java",256,"MethodArgumentCouldBeFinal","Code Style",3,"Parameter 'filename' is not assigned and could be declared final","SecurityConfigurationManager","loadPropertiesFile","filename"
"streamconverter-core/src/main/java/com/streamConverter/config/SecurityConfigurationManager.java",257,"UseProperClassLoader","Error Prone",3,"In J2EE, getClassLoader() might not work as expected.  Use Thread.currentThread().getContextClassLoader() instead.","SecurityConfigurationManager","loadPropertiesFile","input"
"streamconverter-core/src/main/java/com/streamConverter/config/SecurityConfigurationManager.java",269,"MethodArgumentCouldBeFinal","Code Style",3,"Parameter 'key' is not assigned and could be declared final","SecurityConfigurationManager","getBooleanProperty","key"
"streamconverter-core/src/main/java/com/streamConverter/config/SecurityConfigurationManager.java",269,"MethodArgumentCouldBeFinal","Code Style",3,"Parameter 'defaultValue' is not assigned and could be declared final","SecurityConfigurationManager","getBooleanProperty","defaultValue"
"streamconverter-core/src/main/java/com/streamConverter/config/SecurityConfigurationManager.java",270,"LocalVariableCouldBeFinal","Code Style",3,"Local variable 'value' could be declared final","SecurityConfigurationManager","getBooleanProperty","value"
"streamconverter-core/src/main/java/com/streamConverter/config/SecurityConfigurationManager.java",272,"OnlyOneReturn","Code Style",3,"A method should have only one exit point, and that should be the last statement in the method","SecurityConfigurationManager","getBooleanProperty",""
"streamconverter-core/src/main/java/com/streamConverter/config/SecurityConfigurationManager.java",277,"MethodArgumentCouldBeFinal","Code Style",3,"Parameter 'key' is not assigned and could be declared final","SecurityConfigurationManager","getStringProperty","key"
"streamconverter-core/src/main/java/com/streamConverter/config/SecurityConfigurationManager.java",277,"MethodArgumentCouldBeFinal","Code Style",3,"Parameter 'defaultValue' is not assigned and could be declared final","SecurityConfigurationManager","getStringProperty","defaultValue"
"streamconverter-core/src/main/java/com/streamConverter/config/SecurityConfigurationManager.java",282,"InefficientEmptyStringCheck","Performance",3,"String.trim().length() == 0 / String.trim().isEmpty() is an inefficient way to validate a blank String.","SecurityConfigurationManager","parseFileSize",""
"streamconverter-core/src/main/java/com/streamConverter/config/SecurityConfigurationManager.java",283,"OnlyOneReturn","Code Style",3,"A method should have only one exit point, and that should be the last statement in the method","SecurityConfigurationManager","parseFileSize",""
"streamconverter-core/src/main/java/com/streamConverter/config/SecurityConfigurationManager.java",286,"AvoidReassigningParameters","Best Practices",2,"Avoid reassigning parameters such as 'sizeStr'","SecurityConfigurationManager","parseFileSize",""
"streamconverter-core/src/main/java/com/streamConverter/config/SecurityConfigurationManager.java",286,"UseLocaleWithCaseConversions","Error Prone",3,"When doing a String.toLowerCase()/toUpperCase() call, use a Locale","SecurityConfigurationManager","parseFileSize",""
"streamconverter-core/src/main/java/com/streamConverter/config/SecurityConfigurationManager.java",301,"OnlyOneReturn","Code Style",3,"A method should have only one exit point, and that should be the last statement in the method","SecurityConfigurationManager","parseFileSize",""
"streamconverter-core/src/main/java/com/streamConverter/config/SecurityConfigurationManager.java",312,"GuardLogStatement","Best Practices",2,"Logger calls should be surrounded by log level guards.","SecurityConfigurationManager","logSecurityConfigurationStatus",""
"streamconverter-core/src/main/java/com/streamConverter/config/SecurityConfigurationManager.java",313,"GuardLogStatement","Best Practices",2,"Logger calls should be surrounded by log level guards.","SecurityConfigurationManager","logSecurityConfigurationStatus",""
"streamconverter-core/src/main/java/com/streamConverter/config/SecurityConfigurationManager.java",314,"GuardLogStatement","Best Practices",2,"Logger calls should be surrounded by log level guards.","SecurityConfigurationManager","logSecurityConfigurationStatus",""
"streamconverter-core/src/main/java/com/streamConverter/config/SecurityConfigurationManager.java",315,"GuardLogStatement","Best Practices",2,"Logger calls should be surrounded by log level guards.","SecurityConfigurationManager","logSecurityConfigurationStatus",""
"streamconverter-core/src/main/java/com/streamConverter/config/SecurityConfigurationManager.java",317,"GuardLogStatement","Best Practices",2,"Logger calls should be surrounded by log level guards.","SecurityConfigurationManager","logSecurityConfigurationStatus",""
"streamconverter-core/src/main/java/com/streamConverter/context/ExecutionContext.java",1,"PackageCase","Code Style",3,"Package name contains upper case characters","ExecutionContext","",""
"streamconverter-core/src/main/java/com/streamConverter/context/ExecutionContext.java",17,"ClassWithOnlyPrivateConstructorsShouldBeFinal","Design",1,"This class has only private constructors and may be final","ExecutionContext","",""
"streamconverter-core/src/main/java/com/streamConverter/context/ExecutionContext.java",33,"LongVariable","Code Style",3,"Avoid excessively long variable names like COMMAND_SEQUENCE_KEY","ExecutionContext","","COMMAND_SEQUENCE_KEY"
"streamconverter-core/src/main/java/com/streamConverter/context/ExecutionContext.java",41,"MethodArgumentCouldBeFinal","Code Style",3,"Parameter 'builder' is not assigned and could be declared final","ExecutionContext","ExecutionContext","builder"
"streamconverter-core/src/main/java/com/streamConverter/context/ExecutionContext.java",43,"LawOfDemeter","Design",3,"Access to field `startTime` on foreign value `builder` (degree 1)","ExecutionContext","ExecutionContext",""
"streamconverter-core/src/main/java/com/streamConverter/context/ExecutionContext.java",109,"MethodArgumentCouldBeFinal","Code Style",3,"Parameter 'key' is not assigned and could be declared final","ExecutionContext","getGlobalContext","key"
"streamconverter-core/src/main/java/com/streamConverter/context/ExecutionContext.java",128,"MethodArgumentCouldBeFinal","Code Style",3,"Parameter 'key' is not assigned and could be declared final","ExecutionContext","getUserContext","key"
"streamconverter-core/src/main/java/com/streamConverter/context/ExecutionContext.java",138,"MethodArgumentCouldBeFinal","Code Style",3,"Parameter 'key' is not assigned and could be declared final","ExecutionContext","setUserContext","key"
"streamconverter-core/src/main/java/com/streamConverter/context/ExecutionContext.java",138,"MethodArgumentCouldBeFinal","Code Style",3,"Parameter 'value' is not assigned and could be declared final","ExecutionContext","setUserContext","value"
"streamconverter-core/src/main/java/com/streamConverter/context/ExecutionContext.java",163,"LawOfDemeter","Design",3,"Call to `toString` on foreign value `startTime` (degree 2)","ExecutionContext","applyToMDC",""
"streamconverter-core/src/main/java/com/streamConverter/context/ExecutionContext.java",179,"MethodArgumentCouldBeFinal","Code Style",3,"Parameter 'stageName' is not assigned and could be declared final","ExecutionContext","applyToMDCWithStage","stageName"
"streamconverter-core/src/main/java/com/streamConverter/context/ExecutionContext.java",201,"AvoidFieldNameMatchingMethodName","Error Prone",3,"Field executionId has the same name as a method","Builder","","executionId"
"streamconverter-core/src/main/java/com/streamConverter/context/ExecutionContext.java",202,"AvoidFieldNameMatchingMethodName","Error Prone",3,"Field startTime has the same name as a method","Builder","","startTime"
"streamconverter-core/src/main/java/com/streamConverter/context/ExecutionContext.java",203,"ImmutableField","Design",3,"Field 'globalContext' may be declared final","Builder","","globalContext"
"streamconverter-core/src/main/java/com/streamConverter/context/ExecutionContext.java",203,"AvoidFieldNameMatchingMethodName","Error Prone",3,"Field globalContext has the same name as a method","Builder","","globalContext"
"streamconverter-core/src/main/java/com/streamConverter/context/ExecutionContext.java",204,"ImmutableField","Design",3,"Field 'userContext' may be declared final","Builder","","userContext"
"streamconverter-core/src/main/java/com/streamConverter/context/ExecutionContext.java",204,"AvoidFieldNameMatchingMethodName","Error Prone",3,"Field userContext has the same name as a method","Builder","","userContext"
"streamconverter-core/src/main/java/com/streamConverter/context/ExecutionContext.java",212,"MethodArgumentCouldBeFinal","Code Style",3,"Parameter 'executionId' is not assigned and could be declared final","Builder","executionId","executionId"
"streamconverter-core/src/main/java/com/streamConverter/context/ExecutionContext.java",223,"MethodArgumentCouldBeFinal","Code Style",3,"Parameter 'startTime' is not assigned and could be declared final","Builder","startTime","startTime"
"streamconverter-core/src/main/java/com/streamConverter/context/ExecutionContext.java",235,"MethodArgumentCouldBeFinal","Code Style",3,"Parameter 'key' is not assigned and could be declared final","Builder","globalContext","key"
"streamconverter-core/src/main/java/com/streamConverter/context/ExecutionContext.java",235,"MethodArgumentCouldBeFinal","Code Style",3,"Parameter 'value' is not assigned and could be declared final","Builder","globalContext","value"
"streamconverter-core/src/main/java/com/streamConverter/context/ExecutionContext.java",251,"MethodArgumentCouldBeFinal","Code Style",3,"Parameter 'context' is not assigned and could be declared final","Builder","globalContext","context"
"streamconverter-core/src/main/java/com/streamConverter/context/ExecutionContext.java",265,"MethodArgumentCouldBeFinal","Code Style",3,"Parameter 'key' is not assigned and could be declared final","Builder","userContext","key"
"streamconverter-core/src/main/java/com/streamConverter/context/ExecutionContext.java",265,"MethodArgumentCouldBeFinal","Code Style",3,"Parameter 'value' is not assigned and could be declared final","Builder","userContext","value"
"streamconverter-core/src/main/java/com/streamConverter/context/ExecutionContext.java",281,"MethodArgumentCouldBeFinal","Code Style",3,"Parameter 'context' is not assigned and could be declared final","Builder","userContext","context"
"streamconverter-core/src/main/java/com/streamConverter/context/ExecutionContext.java",313,"MethodArgumentCouldBeFinal","Code Style",3,"Parameter 'obj' is not assigned and could be declared final","ExecutionContext","equals","obj"
"streamconverter-core/src/main/java/com/streamConverter/context/ExecutionContext.java",314,"OnlyOneReturn","Code Style",3,"A method should have only one exit point, and that should be the last statement in the method","ExecutionContext","equals",""
"streamconverter-core/src/main/java/com/streamConverter/context/ExecutionContext.java",314,"ControlStatementBraces","Code Style",3,"This statement should have braces","ExecutionContext","equals",""
"streamconverter-core/src/main/java/com/streamConverter/context/ExecutionContext.java",315,"OnlyOneReturn","Code Style",3,"A method should have only one exit point, and that should be the last statement in the method","ExecutionContext","equals",""
"streamconverter-core/src/main/java/com/streamConverter/context/ExecutionContext.java",315,"ControlStatementBraces","Code Style",3,"This statement should have braces","ExecutionContext","equals",""
"streamconverter-core/src/main/java/com/streamConverter/context/ExecutionContext.java",316,"LocalVariableCouldBeFinal","Code Style",3,"Local variable 'that' could be declared final","ExecutionContext","equals","that"
"streamconverter-core/src/main/java/com/streamConverter/controller/AbstractStreamController.java",1,"PackageCase","Code Style",3,"Package name contains upper case characters","AbstractStreamController","",""
"streamconverter-core/src/main/java/com/streamConverter/controller/AbstractStreamController.java",60,"FieldNamingConventions","Code Style",1,"The constant name 'log' doesn't match '[A-Z][A-Z_0-9]*'","AbstractStreamController","","log"
"streamconverter-core/src/main/java/com/streamConverter/controller/AbstractStreamController.java",69,"RedundantFieldInitializer","Performance",3,"Avoid using redundant field initializer for 'configured'","AbstractStreamController","","configured"
"streamconverter-core/src/main/java/com/streamConverter/controller/AbstractStreamController.java",95,"MethodArgumentCouldBeFinal","Code Style",3,"Parameter 'inputStream' is not assigned and could be declared final","AbstractStreamController","process","inputStream"
"streamconverter-core/src/main/java/com/streamConverter/controller/AbstractStreamController.java",95,"MethodArgumentCouldBeFinal","Code Style",3,"Parameter 'outputStream' is not assigned and could be declared final","AbstractStreamController","process","outputStream"
"streamconverter-core/src/main/java/com/streamConverter/controller/AbstractStreamController.java",103,"LocalVariableCouldBeFinal","Code Style",3,"Local variable 'controllerName' could be declared final","AbstractStreamController","process","controllerName"
"streamconverter-core/src/main/java/com/streamConverter/controller/AbstractStreamController.java",105,"GuardLogStatement","Best Practices",2,"Logger calls should be surrounded by log level guards.","AbstractStreamController","process",""
"streamconverter-core/src/main/java/com/streamConverter/controller/AbstractStreamController.java",109,"LocalVariableCouldBeFinal","Code Style",3,"Local variable 'results' could be declared final","AbstractStreamController","process","results"
"streamconverter-core/src/main/java/com/streamConverter/controller/AbstractStreamController.java",115,"GuardLogStatement","Best Practices",2,"Logger calls should be surrounded by log level guards.","AbstractStreamController","process",""
"streamconverter-core/src/main/java/com/streamConverter/controller/AbstractStreamController.java",118,"AvoidCatchingGenericException","Design",3,"Avoid catching generic exceptions such as NullPointerException, RuntimeException, Exception in try-catch block","AbstractStreamController","process",""
"streamconverter-core/src/main/java/com/streamConverter/controller/AbstractStreamController.java",119,"GuardLogStatement","Best Practices",2,"Logger calls should be surrounded by log level guards.","AbstractStreamController","process",""
"streamconverter-core/src/main/java/com/streamConverter/controller/AbstractStreamController.java",146,"OnlyOneReturn","Code Style",3,"A method should have only one exit point, and that should be the last statement in the method","AbstractStreamController","getConfigurationDescription",""
"streamconverter-core/src/main/java/com/streamConverter/controller/AbstractStreamController.java",149,"LocalVariableCouldBeFinal","Code Style",3,"Local variable 'desc' could be declared final","AbstractStreamController","getConfigurationDescription","desc"
"streamconverter-core/src/main/java/com/streamConverter/controller/AbstractStreamController.java",149,"InsufficientStringBufferDeclaration","Performance",3,"StringBuilder has been initialized with size 16, but has at least 35 characters appended.","AbstractStreamController","getConfigurationDescription","desc"
"streamconverter-core/src/main/java/com/streamConverter/controller/AbstractStreamController.java",161,"ControlStatementBraces","Code Style",3,"This statement should have braces","AbstractStreamController","getConfigurationDescription",""
"streamconverter-core/src/main/java/com/streamConverter/controller/AbstractStreamController.java",164,"AppendCharacterWithChar","Performance",3,"Avoid appending characters as strings in StringBuffer.append.","AbstractStreamController","getConfigurationDescription",""
"streamconverter-core/src/main/java/com/streamConverter/controller/AbstractStreamController.java",205,"GuardLogStatement","Best Practices",2,"Logger calls should be surrounded by log level guards.","AbstractStreamController","ensureConfigured",""
"streamconverter-core/src/main/java/com/streamConverter/controller/AbstractStreamController.java",215,"LocalVariableCouldBeFinal","Code Style",3,"Local variable 'commands' could be declared final","AbstractStreamController","ensureConfigured","commands"
"streamconverter-core/src/main/java/com/streamConverter/controller/AbstractStreamController.java",222,"GuardLogStatement","Best Practices",2,"Logger calls should be surrounded by log level guards.","AbstractStreamController","ensureConfigured",""
"streamconverter-core/src/main/java/com/streamConverter/controller/AbstractStreamController.java",227,"ExceptionAsFlowControl","Design",3,"Exception thrown at line 211 is caught in this block.","AbstractStreamController","ensureConfigured",""
"streamconverter-core/src/main/java/com/streamConverter/controller/AbstractStreamController.java",227,"AvoidCatchingGenericException","Design",3,"Avoid catching generic exceptions such as NullPointerException, RuntimeException, Exception in try-catch block","AbstractStreamController","ensureConfigured",""
"streamconverter-core/src/main/java/com/streamConverter/controller/AbstractStreamController.java",228,"GuardLogStatement","Best Practices",2,"Logger calls should be surrounded by log level guards.","AbstractStreamController","ensureConfigured",""
"streamconverter-core/src/main/java/com/streamConverter/controller/AbstractStreamController.java",266,"EmptyMethodInAbstractClassShouldBeAbstract","Code Style",1,"An empty method in an abstract class should be abstract instead","AbstractStreamController","validateConfiguration",""
"streamconverter-core/src/main/java/com/streamConverter/controller/ControllerFactory.java",1,"PackageCase","Code Style",3,"Package name contains upper case characters","ControllerFactory","",""
"streamconverter-core/src/main/java/com/streamConverter/controller/ControllerFactory.java",54,"UseUtilityClass","Design",3,"This utility class has a non-private constructor","ControllerFactory","",""
"streamconverter-core/src/main/java/com/streamConverter/controller/ControllerFactory.java",59,"LongVariable","Code Style",3,"Avoid excessively long variable names like CONTROLLER_REGISTRY","ControllerFactory","","CONTROLLER_REGISTRY"
"streamconverter-core/src/main/java/com/streamConverter/controller/ControllerFactory.java",88,"MethodArgumentCouldBeFinal","Code Style",3,"Parameter 'inputType' is not assigned and could be declared final","ControllerFactory","getController","inputType"
"streamconverter-core/src/main/java/com/streamConverter/controller/ControllerFactory.java",88,"MethodArgumentCouldBeFinal","Code Style",3,"Parameter 'outputType' is not assigned and could be declared final","ControllerFactory","getController","outputType"
"streamconverter-core/src/main/java/com/streamConverter/controller/ControllerFactory.java",89,"AvoidDuplicateLiterals","Error Prone",3,"The String literal ""Output type cannot be null"" appears 6 times in this file; the first occurrence is on line 89","ControllerFactory","getController",""
"streamconverter-core/src/main/java/com/streamConverter/controller/ControllerFactory.java",104,"MethodArgumentCouldBeFinal","Code Style",3,"Parameter 'inputType' is not assigned and could be declared final","ControllerFactory","getController","inputType"
"streamconverter-core/src/main/java/com/streamConverter/controller/ControllerFactory.java",104,"MethodArgumentCouldBeFinal","Code Style",3,"Parameter 'outputType' is not assigned and could be declared final","ControllerFactory","getController","outputType"
"streamconverter-core/src/main/java/com/streamConverter/controller/ControllerFactory.java",105,"AvoidDuplicateLiterals","Error Prone",3,"The String literal ""Input type cannot be null"" appears 4 times in this file; the first occurrence is on line 105","ControllerFactory","getController",""
"streamconverter-core/src/main/java/com/streamConverter/controller/ControllerFactory.java",108,"LocalVariableCouldBeFinal","Code Style",3,"Local variable 'key' could be declared final","ControllerFactory","getController","key"
"streamconverter-core/src/main/java/com/streamConverter/controller/ControllerFactory.java",111,"LocalVariableCouldBeFinal","Code Style",3,"Local variable 'cachedController' could be declared final","ControllerFactory","getController","cachedController"
"streamconverter-core/src/main/java/com/streamConverter/controller/ControllerFactory.java",114,"OnlyOneReturn","Code Style",3,"A method should have only one exit point, and that should be the last statement in the method","ControllerFactory","getController",""
"streamconverter-core/src/main/java/com/streamConverter/controller/ControllerFactory.java",118,"LocalVariableCouldBeFinal","Code Style",3,"Local variable 'builder' could be declared final","ControllerFactory","getController","builder"
"streamconverter-core/src/main/java/com/streamConverter/controller/ControllerFactory.java",120,"LocalVariableCouldBeFinal","Code Style",3,"Local variable 'controller' could be declared final","ControllerFactory","getController","controller"
"streamconverter-core/src/main/java/com/streamConverter/controller/ControllerFactory.java",125,"OnlyOneReturn","Code Style",3,"A method should have only one exit point, and that should be the last statement in the method","ControllerFactory","getController",""
"streamconverter-core/src/main/java/com/streamConverter/controller/ControllerFactory.java",163,"MethodArgumentCouldBeFinal","Code Style",3,"Parameter 'inputType' is not assigned and could be declared final","ControllerFactory","createWithCommandFactory","inputType"
"streamconverter-core/src/main/java/com/streamConverter/controller/ControllerFactory.java",163,"MethodArgumentCouldBeFinal","Code Style",3,"Parameter 'outputType' is not assigned and could be declared final","ControllerFactory","createWithCommandFactory","outputType"
"streamconverter-core/src/main/java/com/streamConverter/controller/ControllerFactory.java",163,"LongVariable","Code Style",3,"Avoid excessively long variable names like enableDetailedLogging","ControllerFactory","createWithCommandFactory","enableDetailedLogging"
"streamconverter-core/src/main/java/com/streamConverter/controller/ControllerFactory.java",163,"MethodArgumentCouldBeFinal","Code Style",3,"Parameter 'enableDetailedLogging' is not assigned and could be declared final","ControllerFactory","createWithCommandFactory","enableDetailedLogging"
"streamconverter-core/src/main/java/com/streamConverter/controller/ControllerFactory.java",180,"MethodArgumentCouldBeFinal","Code Style",3,"Parameter 'inputType' is not assigned and could be declared final","ControllerFactory","createWithCommandFactory","inputType"
"streamconverter-core/src/main/java/com/streamConverter/controller/ControllerFactory.java",180,"MethodArgumentCouldBeFinal","Code Style",3,"Parameter 'outputType' is not assigned and could be declared final","ControllerFactory","createWithCommandFactory","outputType"
"streamconverter-core/src/main/java/com/streamConverter/controller/ControllerFactory.java",180,"LongVariable","Code Style",3,"Avoid excessively long variable names like enableDetailedLogging","ControllerFactory","createWithCommandFactory","enableDetailedLogging"
"streamconverter-core/src/main/java/com/streamConverter/controller/ControllerFactory.java",180,"MethodArgumentCouldBeFinal","Code Style",3,"Parameter 'enableDetailedLogging' is not assigned and could be declared final","ControllerFactory","createWithCommandFactory","enableDetailedLogging"
"streamconverter-core/src/main/java/com/streamConverter/controller/ControllerFactory.java",184,"LocalVariableCouldBeFinal","Code Style",3,"Local variable 'key' could be declared final","ControllerFactory","createWithCommandFactory","key"
"streamconverter-core/src/main/java/com/streamConverter/controller/ControllerFactory.java",187,"LocalVariableCouldBeFinal","Code Style",3,"Local variable 'cachedController' could be declared final","ControllerFactory","createWithCommandFactory","cachedController"
"streamconverter-core/src/main/java/com/streamConverter/controller/ControllerFactory.java",191,"OnlyOneReturn","Code Style",3,"A method should have only one exit point, and that should be the last statement in the method","ControllerFactory","createWithCommandFactory",""
"streamconverter-core/src/main/java/com/streamConverter/controller/ControllerFactory.java",195,"LocalVariableCouldBeFinal","Code Style",3,"Local variable 'builder' could be declared final","ControllerFactory","createWithCommandFactory","builder"
"streamconverter-core/src/main/java/com/streamConverter/controller/ControllerFactory.java",197,"LocalVariableCouldBeFinal","Code Style",3,"Local variable 'enhancedBuilder' could be declared final","ControllerFactory","createWithCommandFactory","enhancedBuilder"
"streamconverter-core/src/main/java/com/streamConverter/controller/ControllerFactory.java",198,"LocalVariableCouldBeFinal","Code Style",3,"Local variable 'controller' could be declared final","ControllerFactory","createWithCommandFactory","controller"
"streamconverter-core/src/main/java/com/streamConverter/controller/ControllerFactory.java",207,"OnlyOneReturn","Code Style",3,"A method should have only one exit point, and that should be the last statement in the method","ControllerFactory","createWithCommandFactory",""
"streamconverter-core/src/main/java/com/streamConverter/controller/ControllerFactory.java",224,"MethodArgumentCouldBeFinal","Code Style",3,"Parameter 'inputType' is not assigned and could be declared final","ControllerFactory","registerController","inputType"
"streamconverter-core/src/main/java/com/streamConverter/controller/ControllerFactory.java",224,"MethodArgumentCouldBeFinal","Code Style",3,"Parameter 'outputType' is not assigned and could be declared final","ControllerFactory","registerController","outputType"
"streamconverter-core/src/main/java/com/streamConverter/controller/ControllerFactory.java",224,"MethodArgumentCouldBeFinal","Code Style",3,"Parameter 'controller' is not assigned and could be declared final","ControllerFactory","registerController","controller"
"streamconverter-core/src/main/java/com/streamConverter/controller/ControllerFactory.java",229,"LocalVariableCouldBeFinal","Code Style",3,"Local variable 'key' could be declared final","ControllerFactory","registerController","key"
"streamconverter-core/src/main/java/com/streamConverter/controller/ControllerFactory.java",232,"GuardLogStatement","Best Practices",2,"Logger calls should be surrounded by log level guards.","ControllerFactory","registerController",""
"streamconverter-core/src/main/java/com/streamConverter/controller/ControllerFactory.java",246,"MethodArgumentCouldBeFinal","Code Style",3,"Parameter 'inputType' is not assigned and could be declared final","ControllerFactory","registerBuilder","inputType"
"streamconverter-core/src/main/java/com/streamConverter/controller/ControllerFactory.java",246,"MethodArgumentCouldBeFinal","Code Style",3,"Parameter 'builder' is not assigned and could be declared final","ControllerFactory","registerBuilder","builder"
"streamconverter-core/src/main/java/com/streamConverter/controller/ControllerFactory.java",252,"GuardLogStatement","Best Practices",2,"Logger calls should be surrounded by log level guards.","ControllerFactory","registerBuilder",""
"streamconverter-core/src/main/java/com/streamConverter/controller/ControllerFactory.java",268,"MethodArgumentCouldBeFinal","Code Style",3,"Parameter 'inputType' is not assigned and could be declared final","ControllerFactory","createOptimized","inputType"
"streamconverter-core/src/main/java/com/streamConverter/controller/ControllerFactory.java",268,"MethodArgumentCouldBeFinal","Code Style",3,"Parameter 'outputType' is not assigned and could be declared final","ControllerFactory","createOptimized","outputType"
"streamconverter-core/src/main/java/com/streamConverter/controller/ControllerFactory.java",268,"MethodArgumentCouldBeFinal","Code Style",3,"Parameter 'config' is not assigned and could be declared final","ControllerFactory","createOptimized","config"
"streamconverter-core/src/main/java/com/streamConverter/controller/ControllerFactory.java",272,"LocalVariableCouldBeFinal","Code Style",3,"Local variable 'key' could be declared final","ControllerFactory","createOptimized","key"
"streamconverter-core/src/main/java/com/streamConverter/controller/ControllerFactory.java",275,"LocalVariableCouldBeFinal","Code Style",3,"Local variable 'cached' could be declared final","ControllerFactory","createOptimized","cached"
"streamconverter-core/src/main/java/com/streamConverter/controller/ControllerFactory.java",278,"OnlyOneReturn","Code Style",3,"A method should have only one exit point, and that should be the last statement in the method","ControllerFactory","createOptimized",""
"streamconverter-core/src/main/java/com/streamConverter/controller/ControllerFactory.java",282,"LocalVariableCouldBeFinal","Code Style",3,"Local variable 'builder' could be declared final","ControllerFactory","createOptimized","builder"
"streamconverter-core/src/main/java/com/streamConverter/controller/ControllerFactory.java",284,"LocalVariableCouldBeFinal","Code Style",3,"Local variable 'enhancedBuilder' could be declared final","ControllerFactory","createOptimized","enhancedBuilder"
"streamconverter-core/src/main/java/com/streamConverter/controller/ControllerFactory.java",287,"LocalVariableCouldBeFinal","Code Style",3,"Local variable 'controller' could be declared final","ControllerFactory","createOptimized","controller"
"streamconverter-core/src/main/java/com/streamConverter/controller/ControllerFactory.java",297,"AvoidDeeplyNestedIfStmts","Design",3,"Deeply nested if..then statements are hard to read","ControllerFactory","createOptimized",""
"streamconverter-core/src/main/java/com/streamConverter/controller/ControllerFactory.java",300,"OnlyOneReturn","Code Style",3,"A method should have only one exit point, and that should be the last statement in the method","ControllerFactory","createOptimized",""
"streamconverter-core/src/main/java/com/streamConverter/controller/ControllerFactory.java",339,"MethodArgumentCouldBeFinal","Code Style",3,"Parameter 'inputType' is not assigned and could be declared final","ControllerFactory","createRegistryKey","inputType"
"streamconverter-core/src/main/java/com/streamConverter/controller/ControllerFactory.java",339,"MethodArgumentCouldBeFinal","Code Style",3,"Parameter 'outputType' is not assigned and could be declared final","ControllerFactory","createRegistryKey","outputType"
"streamconverter-core/src/main/java/com/streamConverter/controller/ControllerFactory.java",344,"ImplicitFunctionalInterface","Best Practices",2,"Annotate this interface with @FunctionalInterface or with @SuppressWarnings(""PMD.ImplicitFunctionalInterface"") to clarify your intent.","ControllerBuilder","",""
"streamconverter-core/src/main/java/com/streamConverter/controller/ControllerFactory.java",363,"LongVariable","Code Style",3,"Avoid excessively long variable names like enableDetailedLogging","CommandFactoryAwareBuilder","createWithCommandFactory","enableDetailedLogging"
"streamconverter-core/src/main/java/com/streamConverter/controller/ControllerFactory.java",370,"MethodArgumentCouldBeFinal","Code Style",3,"Parameter 'outputType' is not assigned and could be declared final","CsvControllerBuilder","createForOutputType","outputType"
"streamconverter-core/src/main/java/com/streamConverter/controller/ControllerFactory.java",371,"LocalVariableCouldBeFinal","Code Style",3,"Local variable 'type' could be declared final","CsvControllerBuilder","createForOutputType","type"
"streamconverter-core/src/main/java/com/streamConverter/controller/ControllerFactory.java",373,"OnlyOneReturn","Code Style",3,"A method should have only one exit point, and that should be the last statement in the method","CsvControllerBuilder","createForOutputType",""
"streamconverter-core/src/main/java/com/streamConverter/controller/ControllerFactory.java",387,"MethodArgumentCouldBeFinal","Code Style",3,"Parameter 'outputType' is not assigned and could be declared final","CsvControllerBuilder","createForOutputType","outputType"
"streamconverter-core/src/main/java/com/streamConverter/controller/ControllerFactory.java",390,"OnlyOneReturn","Code Style",3,"A method should have only one exit point, and that should be the last statement in the method","CsvControllerBuilder","createForOutputType",""
"streamconverter-core/src/main/java/com/streamConverter/controller/ControllerFactory.java",390,"AvoidDuplicateLiterals","Error Prone",3,"The String literal ""default"" appears 5 times in this file; the first occurrence is on line 390","CsvControllerBuilder","createForOutputType",""
"streamconverter-core/src/main/java/com/streamConverter/controller/ControllerFactory.java",392,"OnlyOneReturn","Code Style",3,"A method should have only one exit point, and that should be the last statement in the method","CsvControllerBuilder","createForOutputType",""
"streamconverter-core/src/main/java/com/streamConverter/controller/ControllerFactory.java",394,"OnlyOneReturn","Code Style",3,"A method should have only one exit point, and that should be the last statement in the method","CsvControllerBuilder","createForOutputType",""
"streamconverter-core/src/main/java/com/streamConverter/controller/ControllerFactory.java",407,"MethodArgumentCouldBeFinal","Code Style",3,"Parameter 'columnSelector' is not assigned and could be declared final","CsvControllerBuilder","forColumnExtraction","columnSelector"
"streamconverter-core/src/main/java/com/streamConverter/controller/ControllerFactory.java",418,"MethodArgumentCouldBeFinal","Code Style",3,"Parameter 'columnSelector' is not assigned and could be declared final","CsvControllerBuilder","forComplexProcessing","columnSelector"
"streamconverter-core/src/main/java/com/streamConverter/controller/ControllerFactory.java",418,"MethodArgumentCouldBeFinal","Code Style",3,"Parameter 'processorId' is not assigned and could be declared final","CsvControllerBuilder","forComplexProcessing","processorId"
"streamconverter-core/src/main/java/com/streamConverter/controller/ControllerFactory.java",433,"MethodArgumentCouldBeFinal","Code Style",3,"Parameter 'outputType' is not assigned and could be declared final","CsvControllerBuilder","createWithCommandFactory","outputType"
"streamconverter-core/src/main/java/com/streamConverter/controller/ControllerFactory.java",433,"LongVariable","Code Style",3,"Avoid excessively long variable names like enableDetailedLogging","CsvControllerBuilder","createWithCommandFactory","enableDetailedLogging"
"streamconverter-core/src/main/java/com/streamConverter/controller/ControllerFactory.java",433,"MethodArgumentCouldBeFinal","Code Style",3,"Parameter 'enableDetailedLogging' is not assigned and could be declared final","CsvControllerBuilder","createWithCommandFactory","enableDetailedLogging"
"streamconverter-core/src/main/java/com/streamConverter/controller/ControllerFactory.java",436,"LocalVariableCouldBeFinal","Code Style",3,"Local variable 'controller' could be declared final","CsvControllerBuilder","createWithCommandFactory","controller"
"streamconverter-core/src/main/java/com/streamConverter/controller/ControllerFactory.java",453,"MethodArgumentCouldBeFinal","Code Style",3,"Parameter 'outputType' is not assigned and could be declared final","JsonControllerBuilder","createForOutputType","outputType"
"streamconverter-core/src/main/java/com/streamConverter/controller/ControllerFactory.java",454,"LocalVariableCouldBeFinal","Code Style",3,"Local variable 'type' could be declared final","JsonControllerBuilder","createForOutputType","type"
"streamconverter-core/src/main/java/com/streamConverter/controller/ControllerFactory.java",456,"OnlyOneReturn","Code Style",3,"A method should have only one exit point, and that should be the last statement in the method","JsonControllerBuilder","createForOutputType",""
"streamconverter-core/src/main/java/com/streamConverter/controller/ControllerFactory.java",470,"MethodArgumentCouldBeFinal","Code Style",3,"Parameter 'outputType' is not assigned and could be declared final","JsonControllerBuilder","createForOutputType","outputType"
"streamconverter-core/src/main/java/com/streamConverter/controller/ControllerFactory.java",473,"OnlyOneReturn","Code Style",3,"A method should have only one exit point, and that should be the last statement in the method","JsonControllerBuilder","createForOutputType",""
"streamconverter-core/src/main/java/com/streamConverter/controller/ControllerFactory.java",475,"OnlyOneReturn","Code Style",3,"A method should have only one exit point, and that should be the last statement in the method","JsonControllerBuilder","createForOutputType",""
"streamconverter-core/src/main/java/com/streamConverter/controller/ControllerFactory.java",477,"OnlyOneReturn","Code Style",3,"A method should have only one exit point, and that should be the last statement in the method","JsonControllerBuilder","createForOutputType",""
"streamconverter-core/src/main/java/com/streamConverter/controller/ControllerFactory.java",479,"OnlyOneReturn","Code Style",3,"A method should have only one exit point, and that should be the last statement in the method","JsonControllerBuilder","createForOutputType",""
"streamconverter-core/src/main/java/com/streamConverter/controller/ControllerFactory.java",494,"MethodArgumentCouldBeFinal","Code Style",3,"Parameter 'propertyPath' is not assigned and could be declared final","JsonControllerBuilder","forPropertyExtraction","propertyPath"
"streamconverter-core/src/main/java/com/streamConverter/controller/ControllerFactory.java",494,"MethodArgumentCouldBeFinal","Code Style",3,"Parameter 'enableValidation' is not assigned and could be declared final","JsonControllerBuilder","forPropertyExtraction","enableValidation"
"streamconverter-core/src/main/java/com/streamConverter/controller/ControllerFactory.java",515,"MethodArgumentCouldBeFinal","Code Style",3,"Parameter 'propertyPath' is not assigned and could be declared final","JsonControllerBuilder","forTransformation","propertyPath"
"streamconverter-core/src/main/java/com/streamConverter/controller/ControllerFactory.java",515,"MethodArgumentCouldBeFinal","Code Style",3,"Parameter 'processingStages' is not assigned and could be declared final","JsonControllerBuilder","forTransformation","processingStages"
"streamconverter-core/src/main/java/com/streamConverter/controller/ControllerFactory.java",521,"MethodArgumentCouldBeFinal","Code Style",3,"Parameter 'outputType' is not assigned and could be declared final","JsonControllerBuilder","createWithCommandFactory","outputType"
"streamconverter-core/src/main/java/com/streamConverter/controller/ControllerFactory.java",521,"LongVariable","Code Style",3,"Avoid excessively long variable names like enableDetailedLogging","JsonControllerBuilder","createWithCommandFactory","enableDetailedLogging"
"streamconverter-core/src/main/java/com/streamConverter/controller/ControllerFactory.java",521,"MethodArgumentCouldBeFinal","Code Style",3,"Parameter 'enableDetailedLogging' is not assigned and could be declared final","JsonControllerBuilder","createWithCommandFactory","enableDetailedLogging"
"streamconverter-core/src/main/java/com/streamConverter/controller/ControllerFactory.java",524,"LocalVariableCouldBeFinal","Code Style",3,"Local variable 'controller' could be declared final","JsonControllerBuilder","createWithCommandFactory","controller"
"streamconverter-core/src/main/java/com/streamConverter/controller/CsvProcessingController.java",1,"PackageCase","Code Style",3,"Package name contains upper case characters","CsvProcessingController","",""
"streamconverter-core/src/main/java/com/streamConverter/controller/CsvProcessingController.java",36,"ClassWithOnlyPrivateConstructorsShouldBeFinal","Design",1,"This class has only private constructors and may be final","CsvProcessingController","",""
"streamconverter-core/src/main/java/com/streamConverter/controller/CsvProcessingController.java",43,"LongVariable","Code Style",3,"Avoid excessively long variable names like COMPLEX_PROCESSING","ProcessingMode","","COMPLEX_PROCESSING"
"streamconverter-core/src/main/java/com/streamConverter/controller/CsvProcessingController.java",64,"CallSuperInConstructor","Code Style",3,"It is a good practice to call super() in a constructor","CsvProcessingController","CsvProcessingController",""
"streamconverter-core/src/main/java/com/streamConverter/controller/CsvProcessingController.java",64,"MethodArgumentCouldBeFinal","Code Style",3,"Parameter 'columnSelector' is not assigned and could be declared final","CsvProcessingController","CsvProcessingController","columnSelector"
"streamconverter-core/src/main/java/com/streamConverter/controller/CsvProcessingController.java",76,"CallSuperInConstructor","Code Style",3,"It is a good practice to call super() in a constructor","CsvProcessingController","CsvProcessingController",""
"streamconverter-core/src/main/java/com/streamConverter/controller/CsvProcessingController.java",76,"MethodArgumentCouldBeFinal","Code Style",3,"Parameter 'columnSelector' is not assigned and could be declared final","CsvProcessingController","CsvProcessingController","columnSelector"
"streamconverter-core/src/main/java/com/streamConverter/controller/CsvProcessingController.java",76,"MethodArgumentCouldBeFinal","Code Style",3,"Parameter 'processorId' is not assigned and could be declared final","CsvProcessingController","CsvProcessingController","processorId"
"streamconverter-core/src/main/java/com/streamConverter/controller/CsvProcessingController.java",83,"CallSuperInConstructor","Code Style",3,"It is a good practice to call super() in a constructor","CsvProcessingController","CsvProcessingController",""
"streamconverter-core/src/main/java/com/streamConverter/controller/CsvProcessingController.java",95,"MethodArgumentCouldBeFinal","Code Style",3,"Parameter 'columnSelector' is not assigned and could be declared final","CsvProcessingController","forColumnExtraction","columnSelector"
"streamconverter-core/src/main/java/com/streamConverter/controller/CsvProcessingController.java",96,"InefficientEmptyStringCheck","Performance",3,"String.trim().length() == 0 / String.trim().isEmpty() is an inefficient way to validate a blank String.","CsvProcessingController","forColumnExtraction",""
"streamconverter-core/src/main/java/com/streamConverter/controller/CsvProcessingController.java",110,"MethodArgumentCouldBeFinal","Code Style",3,"Parameter 'columnSelector' is not assigned and could be declared final","CsvProcessingController","forComplexProcessing","columnSelector"
"streamconverter-core/src/main/java/com/streamConverter/controller/CsvProcessingController.java",110,"MethodArgumentCouldBeFinal","Code Style",3,"Parameter 'processorId' is not assigned and could be declared final","CsvProcessingController","forComplexProcessing","processorId"
"streamconverter-core/src/main/java/com/streamConverter/controller/CsvProcessingController.java",111,"InefficientEmptyStringCheck","Performance",3,"String.trim().length() == 0 / String.trim().isEmpty() is an inefficient way to validate a blank String.","CsvProcessingController","forComplexProcessing",""
"streamconverter-core/src/main/java/com/streamConverter/controller/CsvProcessingController.java",114,"InefficientEmptyStringCheck","Performance",3,"String.trim().length() == 0 / String.trim().isEmpty() is an inefficient way to validate a blank String.","CsvProcessingController","forComplexProcessing",""
"streamconverter-core/src/main/java/com/streamConverter/controller/CsvProcessingController.java",136,"ExhaustiveSwitchHasDefault","Best Practices",3,"The switch block is exhaustive even without the default case","CsvProcessingController","configureCommands",""
"streamconverter-core/src/main/java/com/streamConverter/controller/CsvProcessingController.java",138,"OnlyOneReturn","Code Style",3,"A method should have only one exit point, and that should be the last statement in the method","CsvProcessingController","configureCommands",""
"streamconverter-core/src/main/java/com/streamConverter/controller/CsvProcessingController.java",144,"OnlyOneReturn","Code Style",3,"A method should have only one exit point, and that should be the last statement in the method","CsvProcessingController","configureCommands",""
"streamconverter-core/src/main/java/com/streamConverter/controller/CsvProcessingController.java",151,"OnlyOneReturn","Code Style",3,"A method should have only one exit point, and that should be the last statement in the method","CsvProcessingController","configureCommands",""
"streamconverter-core/src/main/java/com/streamConverter/controller/CsvProcessingController.java",172,"ExhaustiveSwitchHasDefault","Best Practices",3,"The switch block is exhaustive even without the default case","CsvProcessingController","getOutputDataType",""
"streamconverter-core/src/main/java/com/streamConverter/controller/CsvProcessingController.java",174,"OnlyOneReturn","Code Style",3,"A method should have only one exit point, and that should be the last statement in the method","CsvProcessingController","getOutputDataType",""
"streamconverter-core/src/main/java/com/streamConverter/controller/CsvProcessingController.java",176,"OnlyOneReturn","Code Style",3,"A method should have only one exit point, and that should be the last statement in the method","CsvProcessingController","getOutputDataType",""
"streamconverter-core/src/main/java/com/streamConverter/controller/CsvProcessingController.java",178,"OnlyOneReturn","Code Style",3,"A method should have only one exit point, and that should be the last statement in the method","CsvProcessingController","getOutputDataType",""
"streamconverter-core/src/main/java/com/streamConverter/controller/CsvProcessingController.java",180,"OnlyOneReturn","Code Style",3,"A method should have only one exit point, and that should be the last statement in the method","CsvProcessingController","getOutputDataType",""
"streamconverter-core/src/main/java/com/streamConverter/controller/CsvProcessingController.java",215,"LocalVariableCouldBeFinal","Code Style",3,"Local variable 'desc' could be declared final","CsvProcessingController","getConfigurationDescription","desc"
"streamconverter-core/src/main/java/com/streamConverter/controller/IStreamController.java",1,"PackageCase","Code Style",3,"Package name contains upper case characters","IStreamController","",""
"streamconverter-core/src/main/java/com/streamConverter/controller/JsonProcessingController.java",1,"PackageCase","Code Style",3,"Package name contains upper case characters","JsonProcessingController","",""
"streamconverter-core/src/main/java/com/streamConverter/controller/JsonProcessingController.java",39,"GodClass","Design",3,"Possible God Class (WMC=51, ATFD=10, TCC=25.758%)","JsonProcessingController","",""
"streamconverter-core/src/main/java/com/streamConverter/controller/JsonProcessingController.java",39,"ClassWithOnlyPrivateConstructorsShouldBeFinal","Design",1,"This class has only private constructors and may be final","JsonProcessingController","",""
"streamconverter-core/src/main/java/com/streamConverter/controller/JsonProcessingController.java",42,"LongVariable","Code Style",3,"Avoid excessively long variable names like DEFAULT_SCHEMA_PATH","JsonProcessingController","","DEFAULT_SCHEMA_PATH"
"streamconverter-core/src/main/java/com/streamConverter/controller/JsonProcessingController.java",47,"LongVariable","Code Style",3,"Avoid excessively long variable names like PROPERTY_EXTRACTION","ProcessingScenario","","PROPERTY_EXTRACTION"
"streamconverter-core/src/main/java/com/streamConverter/controller/JsonProcessingController.java",51,"LongVariable","Code Style",3,"Avoid excessively long variable names like VALIDATION_WITH_EXTRACTION","ProcessingScenario","","VALIDATION_WITH_EXTRACTION"
"streamconverter-core/src/main/java/com/streamConverter/controller/JsonProcessingController.java",53,"LongVariable","Code Style",3,"Avoid excessively long variable names like MULTI_STAGE_TRANSFORMATION","ProcessingScenario","","MULTI_STAGE_TRANSFORMATION"
"streamconverter-core/src/main/java/com/streamConverter/controller/JsonProcessingController.java",69,"CallSuperInConstructor","Code Style",3,"It is a good practice to call super() in a constructor","JsonProcessingController","JsonProcessingController",""
"streamconverter-core/src/main/java/com/streamConverter/controller/JsonProcessingController.java",69,"MethodArgumentCouldBeFinal","Code Style",3,"Parameter 'propertyPath' is not assigned and could be declared final","JsonProcessingController","JsonProcessingController","propertyPath"
"streamconverter-core/src/main/java/com/streamConverter/controller/JsonProcessingController.java",69,"MethodArgumentCouldBeFinal","Code Style",3,"Parameter 'enableValidation' is not assigned and could be declared final","JsonProcessingController","JsonProcessingController","enableValidation"
"streamconverter-core/src/main/java/com/streamConverter/controller/JsonProcessingController.java",80,"CallSuperInConstructor","Code Style",3,"It is a good practice to call super() in a constructor","JsonProcessingController","JsonProcessingController",""
"streamconverter-core/src/main/java/com/streamConverter/controller/JsonProcessingController.java",88,"CallSuperInConstructor","Code Style",3,"It is a good practice to call super() in a constructor","JsonProcessingController","JsonProcessingController",""
"streamconverter-core/src/main/java/com/streamConverter/controller/JsonProcessingController.java",88,"MethodArgumentCouldBeFinal","Code Style",3,"Parameter 'propertyPath' is not assigned and could be declared final","JsonProcessingController","JsonProcessingController","propertyPath"
"streamconverter-core/src/main/java/com/streamConverter/controller/JsonProcessingController.java",88,"MethodArgumentCouldBeFinal","Code Style",3,"Parameter 'processingStages' is not assigned and could be declared final","JsonProcessingController","JsonProcessingController","processingStages"
"streamconverter-core/src/main/java/com/streamConverter/controller/JsonProcessingController.java",103,"MethodArgumentCouldBeFinal","Code Style",3,"Parameter 'propertyPath' is not assigned and could be declared final","JsonProcessingController","forPropertyExtraction","propertyPath"
"streamconverter-core/src/main/java/com/streamConverter/controller/JsonProcessingController.java",103,"MethodArgumentCouldBeFinal","Code Style",3,"Parameter 'enableValidation' is not assigned and could be declared final","JsonProcessingController","forPropertyExtraction","enableValidation"
"streamconverter-core/src/main/java/com/streamConverter/controller/JsonProcessingController.java",104,"InefficientEmptyStringCheck","Performance",3,"String.trim().length() == 0 / String.trim().isEmpty() is an inefficient way to validate a blank String.","JsonProcessingController","forPropertyExtraction",""
"streamconverter-core/src/main/java/com/streamConverter/controller/JsonProcessingController.java",126,"CyclomaticComplexity","Design",3,"The method 'forTransformation(String, String[])' has a cyclomatic complexity of 11.","JsonProcessingController","forTransformation",""
"streamconverter-core/src/main/java/com/streamConverter/controller/JsonProcessingController.java",127,"MethodArgumentCouldBeFinal","Code Style",3,"Parameter 'propertyPath' is not assigned and could be declared final","JsonProcessingController","forTransformation","propertyPath"
"streamconverter-core/src/main/java/com/streamConverter/controller/JsonProcessingController.java",127,"MethodArgumentCouldBeFinal","Code Style",3,"Parameter 'processingStages' is not assigned and could be declared final","JsonProcessingController","forTransformation","processingStages"
"streamconverter-core/src/main/java/com/streamConverter/controller/JsonProcessingController.java",128,"InefficientEmptyStringCheck","Performance",3,"String.trim().length() == 0 / String.trim().isEmpty() is an inefficient way to validate a blank String.","JsonProcessingController","forTransformation",""
"streamconverter-core/src/main/java/com/streamConverter/controller/JsonProcessingController.java",137,"InefficientEmptyStringCheck","Performance",3,"String.trim().length() == 0 / String.trim().isEmpty() is an inefficient way to validate a blank String.","JsonProcessingController","forTransformation",""
"streamconverter-core/src/main/java/com/streamConverter/controller/JsonProcessingController.java",148,"ExhaustiveSwitchHasDefault","Best Practices",3,"The switch block is exhaustive even without the default case","JsonProcessingController","configureCommands",""
"streamconverter-core/src/main/java/com/streamConverter/controller/JsonProcessingController.java",150,"OnlyOneReturn","Code Style",3,"A method should have only one exit point, and that should be the last statement in the method","JsonProcessingController","configureCommands",""
"streamconverter-core/src/main/java/com/streamConverter/controller/JsonProcessingController.java",156,"OnlyOneReturn","Code Style",3,"A method should have only one exit point, and that should be the last statement in the method","JsonProcessingController","configureCommands",""
"streamconverter-core/src/main/java/com/streamConverter/controller/JsonProcessingController.java",159,"OnlyOneReturn","Code Style",3,"A method should have only one exit point, and that should be the last statement in the method","JsonProcessingController","configureCommands",""
"streamconverter-core/src/main/java/com/streamConverter/controller/JsonProcessingController.java",168,"LocalVariableCouldBeFinal","Code Style",3,"Local variable 'configs' could be declared final","JsonProcessingController","configureCommands","configs"
"streamconverter-core/src/main/java/com/streamConverter/controller/JsonProcessingController.java",198,"ExhaustiveSwitchHasDefault","Best Practices",3,"The switch block is exhaustive even without the default case","JsonProcessingController","getOutputDataType",""
"streamconverter-core/src/main/java/com/streamConverter/controller/JsonProcessingController.java",200,"OnlyOneReturn","Code Style",3,"A method should have only one exit point, and that should be the last statement in the method","JsonProcessingController","getOutputDataType",""
"streamconverter-core/src/main/java/com/streamConverter/controller/JsonProcessingController.java",202,"OnlyOneReturn","Code Style",3,"A method should have only one exit point, and that should be the last statement in the method","JsonProcessingController","getOutputDataType",""
"streamconverter-core/src/main/java/com/streamConverter/controller/JsonProcessingController.java",204,"OnlyOneReturn","Code Style",3,"A method should have only one exit point, and that should be the last statement in the method","JsonProcessingController","getOutputDataType",""
"streamconverter-core/src/main/java/com/streamConverter/controller/JsonProcessingController.java",206,"OnlyOneReturn","Code Style",3,"A method should have only one exit point, and that should be the last statement in the method","JsonProcessingController","getOutputDataType",""
"streamconverter-core/src/main/java/com/streamConverter/controller/JsonProcessingController.java",250,"LocalVariableCouldBeFinal","Code Style",3,"Local variable 'desc' could be declared final","JsonProcessingController","getConfigurationDescription","desc"
"streamconverter-core/src/main/java/com/streamConverter/controller/JsonProcessingController.java",278,"CollapsibleIfStatements","Design",3,"This if statement could be combined with its parent","JsonProcessingController","validateConfiguration",""
"streamconverter-core/src/main/java/com/streamConverter/controller/OutputType.java",1,"PackageCase","Code Style",3,"Package name contains upper case characters","OutputType","",""
"streamconverter-core/src/main/java/com/streamConverter/controller/OutputType.java",42,"LongVariable","Code Style",3,"Avoid excessively long variable names like VALIDATED_JSON_PROPERTY","OutputType","","VALIDATED_JSON_PROPERTY"
"streamconverter-core/src/main/java/com/streamConverter/controller/OutputType.java",62,"MethodArgumentCouldBeFinal","Code Style",3,"Parameter 'value' is not assigned and could be declared final","OutputType","OutputType","value"
"streamconverter-core/src/main/java/com/streamConverter/controller/OutputType.java",62,"MethodArgumentCouldBeFinal","Code Style",3,"Parameter 'description' is not assigned and could be declared final","OutputType","OutputType","description"
"streamconverter-core/src/main/java/com/streamConverter/controller/OutputType.java",101,"MethodArgumentCouldBeFinal","Code Style",3,"Parameter 'value' is not assigned and could be declared final","OutputType","fromString","value"
"streamconverter-core/src/main/java/com/streamConverter/controller/OutputType.java",103,"OnlyOneReturn","Code Style",3,"A method should have only one exit point, and that should be the last statement in the method","OutputType","fromString",""
"streamconverter-core/src/main/java/com/streamConverter/controller/OutputType.java",106,"LocalVariableCouldBeFinal","Code Style",3,"Local variable 'type' could be declared final","OutputType","fromString","type"
"streamconverter-core/src/main/java/com/streamConverter/controller/OutputType.java",108,"OnlyOneReturn","Code Style",3,"A method should have only one exit point, and that should be the last statement in the method","OutputType","fromString",""
"streamconverter-core/src/main/java/com/streamConverter/controller/OutputType.java",121,"MethodArgumentCouldBeFinal","Code Style",3,"Parameter 'value' is not assigned and could be declared final","OutputType","isValid","value"
"streamconverter-core/src/main/java/com/streamConverter/controller/PmdAnalysisController.java",1,"PackageCase","Code Style",3,"Package name contains upper case characters","PmdAnalysisController","",""
"streamconverter-core/src/main/java/com/streamConverter/controller/PmdAnalysisController.java",41,"ClassWithOnlyPrivateConstructorsShouldBeFinal","Design",1,"This class has only private constructors and may be final","PmdAnalysisController","",""
"streamconverter-core/src/main/java/com/streamConverter/controller/PmdAnalysisController.java",53,"MethodArgumentCouldBeFinal","Code Style",3,"Parameter 'description' is not assigned and could be declared final","ConversionFormat","ConversionFormat","description"
"streamconverter-core/src/main/java/com/streamConverter/controller/PmdAnalysisController.java",62,"CallSuperInConstructor","Code Style",3,"It is a good practice to call super() in a constructor","PmdAnalysisController","PmdAnalysisController",""
"streamconverter-core/src/main/java/com/streamConverter/controller/PmdAnalysisController.java",62,"MethodArgumentCouldBeFinal","Code Style",3,"Parameter 'format' is not assigned and could be declared final","PmdAnalysisController","PmdAnalysisController","format"
"streamconverter-core/src/main/java/com/streamConverter/controller/PmdAnalysisController.java",112,"UseLocaleWithCaseConversions","Error Prone",3,"When doing a String.toLowerCase()/toUpperCase() call, use a Locale","PmdAnalysisController","getConfigurationDescription",""
"streamconverter-core/src/main/java/com/streamConverter/factory/AbstractFactory.java",1,"PackageCase","Code Style",3,"Package name contains upper case characters","AbstractFactory","",""
"streamconverter-core/src/main/java/com/streamConverter/factory/AbstractFactory.java",27,"AbstractClassWithoutAbstractMethod","Best Practices",3,"This abstract class does not have any abstract methods","AbstractFactory","",""
"streamconverter-core/src/main/java/com/streamConverter/factory/AbstractFactory.java",28,"FieldNamingConventions","Code Style",1,"The constant name 'log' doesn't match '[A-Z][A-Z_0-9]*'","AbstractFactory","","log"
"streamconverter-core/src/main/java/com/streamConverter/factory/AbstractFactory.java",39,"GuardLogStatement","Best Practices",2,"Logger calls should be surrounded by log level guards.","AbstractFactory","AbstractFactory",""
"streamconverter-core/src/main/java/com/streamConverter/factory/AbstractFactory.java",47,"MethodArgumentCouldBeFinal","Code Style",3,"Parameter 'config' is not assigned and could be declared final","AbstractFactory","AbstractFactory","config"
"streamconverter-core/src/main/java/com/streamConverter/factory/AbstractFactory.java",49,"GuardLogStatement","Best Practices",2,"Logger calls should be surrounded by log level guards.","AbstractFactory","AbstractFactory",""
"streamconverter-core/src/main/java/com/streamConverter/factory/AbstractFactory.java",62,"MethodArgumentCouldBeFinal","Code Style",3,"Parameter 'clazz' is not assigned and could be declared final","AbstractFactory","createInstance","clazz"
"streamconverter-core/src/main/java/com/streamConverter/factory/AbstractFactory.java",62,"MethodArgumentCouldBeFinal","Code Style",3,"Parameter 'args' is not assigned and could be declared final","AbstractFactory","createInstance","args"
"streamconverter-core/src/main/java/com/streamConverter/factory/AbstractFactory.java",66,"LocalVariableCouldBeFinal","Code Style",3,"Local variable 'constructor' could be declared final","AbstractFactory","createInstance","constructor"
"streamconverter-core/src/main/java/com/streamConverter/factory/AbstractFactory.java",67,"AvoidAccessibilityAlteration","Error Prone",3,"You should not modify visibility of constructors, methods or fields using setAccessible()","AbstractFactory","createInstance",""
"streamconverter-core/src/main/java/com/streamConverter/factory/AbstractFactory.java",68,"OnlyOneReturn","Code Style",3,"A method should have only one exit point, and that should be the last statement in the method","AbstractFactory","createInstance",""
"streamconverter-core/src/main/java/com/streamConverter/factory/AbstractFactory.java",72,"LocalVariableCouldBeFinal","Code Style",3,"Local variable 'bestMatch' could be declared final","AbstractFactory","createInstance","bestMatch"
"streamconverter-core/src/main/java/com/streamConverter/factory/AbstractFactory.java",73,"AvoidAccessibilityAlteration","Error Prone",3,"You should not modify visibility of constructors, methods or fields using setAccessible()","AbstractFactory","createInstance",""
"streamconverter-core/src/main/java/com/streamConverter/factory/AbstractFactory.java",76,"AvoidCatchingGenericException","Design",3,"Avoid catching generic exceptions such as NullPointerException, RuntimeException, Exception in try-catch block","AbstractFactory","createInstance",""
"streamconverter-core/src/main/java/com/streamConverter/factory/AbstractFactory.java",77,"LocalVariableCouldBeFinal","Code Style",3,"Local variable 'message' could be declared final","AbstractFactory","createInstance","message"
"streamconverter-core/src/main/java/com/streamConverter/factory/AbstractFactory.java",96,"MethodArgumentCouldBeFinal","Code Style",3,"Parameter 'clazz' is not assigned and could be declared final","AbstractFactory","findBestMatchingConstructor","clazz"
"streamconverter-core/src/main/java/com/streamConverter/factory/AbstractFactory.java",96,"UseVarargs","Best Practices",4,"Consider using varargs for methods or constructors which take an array the last parameter.","AbstractFactory","findBestMatchingConstructor","args"
"streamconverter-core/src/main/java/com/streamConverter/factory/AbstractFactory.java",96,"MethodArgumentCouldBeFinal","Code Style",3,"Parameter 'args' is not assigned and could be declared final","AbstractFactory","findBestMatchingConstructor","args"
"streamconverter-core/src/main/java/com/streamConverter/factory/AbstractFactory.java",98,"LocalVariableCouldBeFinal","Code Style",3,"Local variable 'constructors' could be declared final","AbstractFactory","findBestMatchingConstructor","constructors"
"streamconverter-core/src/main/java/com/streamConverter/factory/AbstractFactory.java",101,"LocalVariableCouldBeFinal","Code Style",3,"Local variable 'constructor' could be declared final","AbstractFactory","findBestMatchingConstructor","constructor"
"streamconverter-core/src/main/java/com/streamConverter/factory/AbstractFactory.java",103,"OnlyOneReturn","Code Style",3,"A method should have only one exit point, and that should be the last statement in the method","AbstractFactory","findBestMatchingConstructor",""
"streamconverter-core/src/main/java/com/streamConverter/factory/AbstractFactory.java",108,"LocalVariableCouldBeFinal","Code Style",3,"Local variable 'constructor' could be declared final","AbstractFactory","findBestMatchingConstructor","constructor"
"streamconverter-core/src/main/java/com/streamConverter/factory/AbstractFactory.java",121,"MethodArgumentCouldBeFinal","Code Style",3,"Parameter 'constructor' is not assigned and could be declared final","AbstractFactory","isExactMatch","constructor"
"streamconverter-core/src/main/java/com/streamConverter/factory/AbstractFactory.java",121,"UseVarargs","Best Practices",4,"Consider using varargs for methods or constructors which take an array the last parameter.","AbstractFactory","isExactMatch","args"
"streamconverter-core/src/main/java/com/streamConverter/factory/AbstractFactory.java",121,"MethodArgumentCouldBeFinal","Code Style",3,"Parameter 'args' is not assigned and could be declared final","AbstractFactory","isExactMatch","args"
"streamconverter-core/src/main/java/com/streamConverter/factory/AbstractFactory.java",122,"LocalVariableCouldBeFinal","Code Style",3,"Local variable 'paramTypes' could be declared final","AbstractFactory","isExactMatch","paramTypes"
"streamconverter-core/src/main/java/com/streamConverter/factory/AbstractFactory.java",124,"OnlyOneReturn","Code Style",3,"A method should have only one exit point, and that should be the last statement in the method","AbstractFactory","isExactMatch",""
"streamconverter-core/src/main/java/com/streamConverter/factory/AbstractFactory.java",129,"OnlyOneReturn","Code Style",3,"A method should have only one exit point, and that should be the last statement in the method","AbstractFactory","isExactMatch",""
"streamconverter-core/src/main/java/com/streamConverter/factory/AbstractFactory.java",136,"MethodArgumentCouldBeFinal","Code Style",3,"Parameter 'constructor' is not assigned and could be declared final","AbstractFactory","isCompatibleMatch","constructor"
"streamconverter-core/src/main/java/com/streamConverter/factory/AbstractFactory.java",136,"UseVarargs","Best Practices",4,"Consider using varargs for methods or constructors which take an array the last parameter.","AbstractFactory","isCompatibleMatch","args"
"streamconverter-core/src/main/java/com/streamConverter/factory/AbstractFactory.java",136,"MethodArgumentCouldBeFinal","Code Style",3,"Parameter 'args' is not assigned and could be declared final","AbstractFactory","isCompatibleMatch","args"
"streamconverter-core/src/main/java/com/streamConverter/factory/AbstractFactory.java",137,"LocalVariableCouldBeFinal","Code Style",3,"Local variable 'paramTypes' could be declared final","AbstractFactory","isCompatibleMatch","paramTypes"
"streamconverter-core/src/main/java/com/streamConverter/factory/AbstractFactory.java",139,"OnlyOneReturn","Code Style",3,"A method should have only one exit point, and that should be the last statement in the method","AbstractFactory","isCompatibleMatch",""
"streamconverter-core/src/main/java/com/streamConverter/factory/AbstractFactory.java",144,"OnlyOneReturn","Code Style",3,"A method should have only one exit point, and that should be the last statement in the method","AbstractFactory","isCompatibleMatch",""
"streamconverter-core/src/main/java/com/streamConverter/factory/AbstractFactory.java",151,"MethodArgumentCouldBeFinal","Code Style",3,"Parameter 'paramType' is not assigned and could be declared final","AbstractFactory","isTypeCompatible","paramType"
"streamconverter-core/src/main/java/com/streamConverter/factory/AbstractFactory.java",151,"MethodArgumentCouldBeFinal","Code Style",3,"Parameter 'argType' is not assigned and could be declared final","AbstractFactory","isTypeCompatible","argType"
"streamconverter-core/src/main/java/com/streamConverter/factory/AbstractFactory.java",153,"OnlyOneReturn","Code Style",3,"A method should have only one exit point, and that should be the last statement in the method","AbstractFactory","isTypeCompatible",""
"streamconverter-core/src/main/java/com/streamConverter/factory/AbstractFactory.java",157,"SimplifyBooleanReturns","Design",3,"This if statement can be replaced by `return {condition} || {elseBranch};`","AbstractFactory","isTypeCompatible",""
"streamconverter-core/src/main/java/com/streamConverter/factory/AbstractFactory.java",158,"OnlyOneReturn","Code Style",3,"A method should have only one exit point, and that should be the last statement in the method","AbstractFactory","isTypeCompatible",""
"streamconverter-core/src/main/java/com/streamConverter/factory/AbstractFactory.java",166,"UnnecessaryFullyQualifiedName","Code Style",4,"Unnecessary qualifier 'java.util': 'Map' is already in scope because it is imported in this file","AbstractFactory","",""
"streamconverter-core/src/main/java/com/streamConverter/factory/AbstractFactory.java",166,"LongVariable","Code Style",3,"Avoid excessively long variable names like PRIMITIVE_WRAPPER_MAP","AbstractFactory","","PRIMITIVE_WRAPPER_MAP"
"streamconverter-core/src/main/java/com/streamConverter/factory/AbstractFactory.java",166,"FieldDeclarationsShouldBeAtStartOfClass","Code Style",3,"Fields should be declared at the top of the class, before any method declarations, constructors, initializers or inner classes.","AbstractFactory","","PRIMITIVE_WRAPPER_MAP"
"streamconverter-core/src/main/java/com/streamConverter/factory/AbstractFactory.java",167,"UnnecessaryFullyQualifiedName","Code Style",4,"Unnecessary qualifier 'java.util': 'Map' is already in scope because it is imported in this file","AbstractFactory","",""
"streamconverter-core/src/main/java/com/streamConverter/factory/AbstractFactory.java",178,"MethodArgumentCouldBeFinal","Code Style",3,"Parameter 'paramType' is not assigned and could be declared final","AbstractFactory","isPrimitiveWrapperMatch","paramType"
"streamconverter-core/src/main/java/com/streamConverter/factory/AbstractFactory.java",178,"MethodArgumentCouldBeFinal","Code Style",3,"Parameter 'argType' is not assigned and could be declared final","AbstractFactory","isPrimitiveWrapperMatch","argType"
"streamconverter-core/src/main/java/com/streamConverter/factory/AbstractFactory.java",183,"UseVarargs","Best Practices",4,"Consider using varargs for methods or constructors which take an array the last parameter.","AbstractFactory","getArgumentTypes","args"
"streamconverter-core/src/main/java/com/streamConverter/factory/AbstractFactory.java",183,"MethodArgumentCouldBeFinal","Code Style",3,"Parameter 'args' is not assigned and could be declared final","AbstractFactory","getArgumentTypes","args"
"streamconverter-core/src/main/java/com/streamConverter/factory/AbstractFactory.java",185,"OnlyOneReturn","Code Style",3,"A method should have only one exit point, and that should be the last statement in the method","AbstractFactory","getArgumentTypes",""
"streamconverter-core/src/main/java/com/streamConverter/factory/AbstractFactory.java",188,"ShortVariable","Code Style",3,"Avoid variables with short names like sb","AbstractFactory","getArgumentTypes","sb"
"streamconverter-core/src/main/java/com/streamConverter/factory/AbstractFactory.java",188,"LocalVariableCouldBeFinal","Code Style",3,"Local variable 'sb' could be declared final","AbstractFactory","getArgumentTypes","sb"
"streamconverter-core/src/main/java/com/streamConverter/factory/AbstractFactory.java",190,"ControlStatementBraces","Code Style",3,"This statement should have braces","AbstractFactory","getArgumentTypes",""
"streamconverter-core/src/main/java/com/streamConverter/factory/AbstractFactory.java",193,"AppendCharacterWithChar","Performance",3,"Avoid appending characters as strings in StringBuffer.append.","AbstractFactory","getArgumentTypes",""
"streamconverter-core/src/main/java/com/streamConverter/factory/AbstractFactory.java",203,"MethodArgumentCouldBeFinal","Code Style",3,"Parameter 'keyComponents' is not assigned and could be declared final","AbstractFactory","createCacheKey","keyComponents"
"streamconverter-core/src/main/java/com/streamConverter/factory/AbstractFactory.java",205,"OnlyOneReturn","Code Style",3,"A method should have only one exit point, and that should be the last statement in the method","AbstractFactory","createCacheKey",""
"streamconverter-core/src/main/java/com/streamConverter/factory/AbstractFactory.java",208,"ShortVariable","Code Style",3,"Avoid variables with short names like sb","AbstractFactory","createCacheKey","sb"
"streamconverter-core/src/main/java/com/streamConverter/factory/AbstractFactory.java",208,"LocalVariableCouldBeFinal","Code Style",3,"Local variable 'sb' could be declared final","AbstractFactory","createCacheKey","sb"
"streamconverter-core/src/main/java/com/streamConverter/factory/AbstractFactory.java",210,"ControlStatementBraces","Code Style",3,"This statement should have braces","AbstractFactory","createCacheKey",""
"streamconverter-core/src/main/java/com/streamConverter/factory/AbstractFactory.java",210,"AppendCharacterWithChar","Performance",3,"Avoid appending characters as strings in StringBuffer.append.","AbstractFactory","createCacheKey",""
"streamconverter-core/src/main/java/com/streamConverter/factory/AbstractFactory.java",222,"MethodArgumentCouldBeFinal","Code Style",3,"Parameter 'key' is not assigned and could be declared final","AbstractFactory","getCachedInstance","key"
"streamconverter-core/src/main/java/com/streamConverter/factory/AbstractFactory.java",232,"MethodArgumentCouldBeFinal","Code Style",3,"Parameter 'key' is not assigned and could be declared final","AbstractFactory","cacheInstance","key"
"streamconverter-core/src/main/java/com/streamConverter/factory/AbstractFactory.java",232,"MethodArgumentCouldBeFinal","Code Style",3,"Parameter 'instance' is not assigned and could be declared final","AbstractFactory","cacheInstance","instance"
"streamconverter-core/src/main/java/com/streamConverter/factory/AbstractFactory.java",235,"GuardLogStatement","Best Practices",2,"Logger calls should be surrounded by log level guards.","AbstractFactory","cacheInstance",""
"streamconverter-core/src/main/java/com/streamConverter/factory/AbstractFactory.java",241,"LocalVariableCouldBeFinal","Code Style",3,"Local variable 'cacheSize' could be declared final","AbstractFactory","clearCache","cacheSize"
"streamconverter-core/src/main/java/com/streamConverter/factory/FactoryConfiguration.java",1,"PackageCase","Code Style",3,"Package name contains upper case characters","FactoryConfiguration","",""
"streamconverter-core/src/main/java/com/streamConverter/factory/FactoryConfiguration.java",23,"LongVariable","Code Style",3,"Avoid excessively long variable names like DEFAULT_CACHE_SIZE","FactoryConfiguration","","DEFAULT_CACHE_SIZE"
"streamconverter-core/src/main/java/com/streamConverter/factory/FactoryConfiguration.java",26,"LongVariable","Code Style",3,"Avoid excessively long variable names like DEFAULT_LOGGING_ENABLED","FactoryConfiguration","","DEFAULT_LOGGING_ENABLED"
"streamconverter-core/src/main/java/com/streamConverter/factory/FactoryConfiguration.java",29,"LongVariable","Code Style",3,"Avoid excessively long variable names like detailedLoggingEnabled","FactoryConfiguration","","detailedLoggingEnabled"
"streamconverter-core/src/main/java/com/streamConverter/factory/FactoryConfiguration.java",31,"LongVariable","Code Style",3,"Avoid excessively long variable names like cacheExpirationMinutes","FactoryConfiguration","","cacheExpirationMinutes"
"streamconverter-core/src/main/java/com/streamConverter/factory/FactoryConfiguration.java",44,"MethodArgumentCouldBeFinal","Code Style",3,"Parameter 'cachingEnabled' is not assigned and could be declared final","FactoryConfiguration","FactoryConfiguration","cachingEnabled"
"streamconverter-core/src/main/java/com/streamConverter/factory/FactoryConfiguration.java",45,"LongVariable","Code Style",3,"Avoid excessively long variable names like detailedLoggingEnabled","FactoryConfiguration","FactoryConfiguration","detailedLoggingEnabled"
"streamconverter-core/src/main/java/com/streamConverter/factory/FactoryConfiguration.java",45,"MethodArgumentCouldBeFinal","Code Style",3,"Parameter 'detailedLoggingEnabled' is not assigned and could be declared final","FactoryConfiguration","FactoryConfiguration","detailedLoggingEnabled"
"streamconverter-core/src/main/java/com/streamConverter/factory/FactoryConfiguration.java",46,"MethodArgumentCouldBeFinal","Code Style",3,"Parameter 'maxCacheSize' is not assigned and could be declared final","FactoryConfiguration","FactoryConfiguration","maxCacheSize"
"streamconverter-core/src/main/java/com/streamConverter/factory/FactoryConfiguration.java",47,"LongVariable","Code Style",3,"Avoid excessively long variable names like cacheExpirationMinutes","FactoryConfiguration","FactoryConfiguration","cacheExpirationMinutes"
"streamconverter-core/src/main/java/com/streamConverter/factory/FactoryConfiguration.java",47,"MethodArgumentCouldBeFinal","Code Style",3,"Parameter 'cacheExpirationMinutes' is not assigned and could be declared final","FactoryConfiguration","FactoryConfiguration","cacheExpirationMinutes"
"streamconverter-core/src/main/java/com/streamConverter/factory/FactoryConfiguration.java",48,"MethodArgumentCouldBeFinal","Code Style",3,"Parameter 'failFastOnError' is not assigned and could be declared final","FactoryConfiguration","FactoryConfiguration","failFastOnError"
"streamconverter-core/src/main/java/com/streamConverter/factory/FactoryConfiguration.java",173,"LongVariable","Code Style",3,"Avoid excessively long variable names like detailedLoggingEnabled","Builder","","detailedLoggingEnabled"
"streamconverter-core/src/main/java/com/streamConverter/factory/FactoryConfiguration.java",173,"RedundantFieldInitializer","Performance",3,"Avoid using redundant field initializer for 'detailedLoggingEnabled'","Builder","","detailedLoggingEnabled"
"streamconverter-core/src/main/java/com/streamConverter/factory/FactoryConfiguration.java",174,"AvoidFieldNameMatchingMethodName","Error Prone",3,"Field maxCacheSize has the same name as a method","Builder","","maxCacheSize"
"streamconverter-core/src/main/java/com/streamConverter/factory/FactoryConfiguration.java",175,"LongVariable","Code Style",3,"Avoid excessively long variable names like cacheExpirationMinutes","Builder","","cacheExpirationMinutes"
"streamconverter-core/src/main/java/com/streamConverter/factory/FactoryConfiguration.java",175,"RedundantFieldInitializer","Performance",3,"Avoid using redundant field initializer for 'cacheExpirationMinutes'","Builder","","cacheExpirationMinutes"
"streamconverter-core/src/main/java/com/streamConverter/factory/FactoryConfiguration.java",184,"MethodArgumentCouldBeFinal","Code Style",3,"Parameter 'enabled' is not assigned and could be declared final","Builder","caching","enabled"
"streamconverter-core/src/main/java/com/streamConverter/factory/FactoryConfiguration.java",195,"MethodArgumentCouldBeFinal","Code Style",3,"Parameter 'enabled' is not assigned and could be declared final","Builder","detailedLogging","enabled"
"streamconverter-core/src/main/java/com/streamConverter/factory/FactoryConfiguration.java",206,"MethodArgumentCouldBeFinal","Code Style",3,"Parameter 'size' is not assigned and could be declared final","Builder","maxCacheSize","size"
"streamconverter-core/src/main/java/com/streamConverter/factory/FactoryConfiguration.java",217,"MethodArgumentCouldBeFinal","Code Style",3,"Parameter 'minutes' is not assigned and could be declared final","Builder","cacheExpiration","minutes"
"streamconverter-core/src/main/java/com/streamConverter/factory/FactoryConfiguration.java",228,"MethodArgumentCouldBeFinal","Code Style",3,"Parameter 'enabled' is not assigned and could be declared final","Builder","failFast","enabled"
"streamconverter-core/src/main/java/com/streamConverter/factory/FactoryException.java",1,"PackageCase","Code Style",3,"Package name contains upper case characters","FactoryException","",""
"streamconverter-core/src/main/java/com/streamConverter/factory/FactoryException.java",20,"MethodArgumentCouldBeFinal","Code Style",3,"Parameter 'message' is not assigned and could be declared final","FactoryException","FactoryException","message"
"streamconverter-core/src/main/java/com/streamConverter/factory/FactoryException.java",30,"MethodArgumentCouldBeFinal","Code Style",3,"Parameter 'message' is not assigned and could be declared final","FactoryException","FactoryException","message"
"streamconverter-core/src/main/java/com/streamConverter/factory/FactoryException.java",30,"MethodArgumentCouldBeFinal","Code Style",3,"Parameter 'cause' is not assigned and could be declared final","FactoryException","FactoryException","cause"
"streamconverter-core/src/main/java/com/streamConverter/factory/FactoryException.java",39,"MethodArgumentCouldBeFinal","Code Style",3,"Parameter 'cause' is not assigned and could be declared final","FactoryException","FactoryException","cause"
"streamconverter-core/src/main/java/com/streamConverter/pathHandler/FixedStaXPathHandler.java",1,"PackageCase","Code Style",3,"Package name contains upper case characters","FixedStaXPathHandler","",""
"streamconverter-core/src/main/java/com/streamConverter/pathHandler/FixedStaXPathHandler.java",22,"FieldNamingConventions","Code Style",1,"The constant name 'log' doesn't match '[A-Z][A-Z_0-9]*'","FixedStaXPathHandler","","log"
"streamconverter-core/src/main/java/com/streamConverter/pathHandler/FixedStaXPathHandler.java",24,"ImmutableField","Design",3,"Field 'targetXpath' may be declared final","FixedStaXPathHandler","","targetXpath"
"streamconverter-core/src/main/java/com/streamConverter/pathHandler/FixedStaXPathHandler.java",32,"MethodArgumentCouldBeFinal","Code Style",3,"Parameter 'xpath' is not assigned and could be declared final","FixedStaXPathHandler","FixedStaXPathHandler","xpath"
"streamconverter-core/src/main/java/com/streamConverter/pathHandler/FixedStaXPathHandler.java",37,"LocalVariableCouldBeFinal","Code Style",3,"Local variable 'trimmedXpath' could be declared final","FixedStaXPathHandler","FixedStaXPathHandler","trimmedXpath"
"streamconverter-core/src/main/java/com/streamConverter/pathHandler/FixedStaXPathHandler.java",43,"LocalVariableCouldBeFinal","Code Style",3,"Local variable 'normalizedPath' could be declared final","FixedStaXPathHandler","FixedStaXPathHandler","normalizedPath"
"streamconverter-core/src/main/java/com/streamConverter/pathHandler/FixedStaXPathHandler.java",72,"MethodArgumentCouldBeFinal","Code Style",3,"Parameter 'xpathList' is not assigned and could be declared final","FixedStaXPathHandler","isTarget","xpathList"
"streamconverter-core/src/main/java/com/streamConverter/pathHandler/FixedStaXPathHandler.java",77,"OnlyOneReturn","Code Style",3,"A method should have only one exit point, and that should be the last statement in the method","FixedStaXPathHandler","isTarget",""
"streamconverter-core/src/main/java/com/streamConverter/pathHandler/FixedStaXPathHandler.java",81,"OnlyOneReturn","Code Style",3,"A method should have only one exit point, and that should be the last statement in the method","FixedStaXPathHandler","isTarget",""
"streamconverter-core/src/main/java/com/streamConverter/pathHandler/IStaXPathHandler.java",1,"PackageCase","Code Style",3,"Package name contains upper case characters","IStaXPathHandler","",""
"streamconverter-core/src/main/java/com/streamConverter/pathHandler/IStaXPathHandler.java",10,"ImplicitFunctionalInterface","Best Practices",2,"Annotate this interface with @FunctionalInterface or with @SuppressWarnings(""PMD.ImplicitFunctionalInterface"") to clarify your intent.","IStaXPathHandler","",""
"streamconverter-core/src/main/java/com/streamConverter/security/SecureXPathValidator.java",1,"PackageCase","Code Style",3,"Package name contains upper case characters","SecureXPathValidator","",""
"streamconverter-core/src/main/java/com/streamConverter/security/SecureXPathValidator.java",25,"MoreThanOneLogger","Error Prone",2,"Class contains more than one logger.","SecureXPathValidator","",""
"streamconverter-core/src/main/java/com/streamConverter/security/SecureXPathValidator.java",25,"ClassWithOnlyPrivateConstructorsShouldBeFinal","Design",1,"This class has only private constructors and may be final","SecureXPathValidator","",""
"streamconverter-core/src/main/java/com/streamConverter/security/SecureXPathValidator.java",35,"LongVariable","Code Style",3,"Avoid excessively long variable names like XPATH_INJECTION_PATTERN","SecureXPathValidator","","XPATH_INJECTION_PATTERN"
"streamconverter-core/src/main/java/com/streamConverter/security/SecureXPathValidator.java",41,"LongVariable","Code Style",3,"Avoid excessively long variable names like DANGEROUS_FUNCTIONS_PATTERN","SecureXPathValidator","","DANGEROUS_FUNCTIONS_PATTERN"
"streamconverter-core/src/main/java/com/streamConverter/security/SecureXPathValidator.java",47,"LongVariable","Code Style",3,"Avoid excessively long variable names like EXTERNAL_REFERENCE_PATTERN","SecureXPathValidator","","EXTERNAL_REFERENCE_PATTERN"
"streamconverter-core/src/main/java/com/streamConverter/security/SecureXPathValidator.java",51,"LongVariable","Code Style",3,"Avoid excessively long variable names like SQL_LIKE_INJECTION_PATTERN","SecureXPathValidator","","SQL_LIKE_INJECTION_PATTERN"
"streamconverter-core/src/main/java/com/streamConverter/security/SecureXPathValidator.java",67,"MethodArgumentCouldBeFinal","Code Style",3,"Parameter 'xpath' is not assigned and could be declared final","SecureXPathValidator","validateXPath","xpath"
"streamconverter-core/src/main/java/com/streamConverter/security/SecureXPathValidator.java",68,"InefficientEmptyStringCheck","Performance",3,"String.trim().length() == 0 / String.trim().isEmpty() is an inefficient way to validate a blank String.","SecureXPathValidator","validateXPath",""
"streamconverter-core/src/main/java/com/streamConverter/security/SecureXPathValidator.java",78,"LocalVariableCouldBeFinal","Code Style",3,"Local variable 'trimmedXpath' could be declared final","SecureXPathValidator","validateXPath","trimmedXpath"
"streamconverter-core/src/main/java/com/streamConverter/security/SecureXPathValidator.java",97,"GuardLogStatement","Best Practices",2,"Logger calls should be surrounded by log level guards.","SecureXPathValidator","validateXPath",""
"streamconverter-core/src/main/java/com/streamConverter/security/SecureXPathValidator.java",106,"MethodArgumentCouldBeFinal","Code Style",3,"Parameter 'xpath' is not assigned and could be declared final","SecureXPathValidator","sanitizeXPath","xpath"
"streamconverter-core/src/main/java/com/streamConverter/security/SecureXPathValidator.java",108,"OnlyOneReturn","Code Style",3,"A method should have only one exit point, and that should be the last statement in the method","SecureXPathValidator","sanitizeXPath",""
"streamconverter-core/src/main/java/com/streamConverter/security/SecureXPathValidator.java",124,"GuardLogStatement","Best Practices",2,"Logger calls should be surrounded by log level guards.","SecureXPathValidator","sanitizeXPath",""
"streamconverter-core/src/main/java/com/streamConverter/security/SecureXPathValidator.java",136,"MethodArgumentCouldBeFinal","Code Style",3,"Parameter 'xpath' is not assigned and could be declared final","SecureXPathValidator","isXPathSafe","xpath"
"streamconverter-core/src/main/java/com/streamConverter/security/SecureXPathValidator.java",139,"OnlyOneReturn","Code Style",3,"A method should have only one exit point, and that should be the last statement in the method","SecureXPathValidator","isXPathSafe",""
"streamconverter-core/src/main/java/com/streamConverter/security/SecureXPathValidator.java",141,"GuardLogStatement","Best Practices",2,"Logger calls should be surrounded by log level guards.","SecureXPathValidator","isXPathSafe",""
"streamconverter-core/src/main/java/com/streamConverter/security/SecureXPathValidator.java",184,"MethodArgumentCouldBeFinal","Code Style",3,"Parameter 'xpath' is not assigned and could be declared final","SecureXPathValidator","validateBasicInjectionPatterns","xpath"
"streamconverter-core/src/main/java/com/streamConverter/security/SecureXPathValidator.java",186,"GuardLogStatement","Best Practices",2,"Logger calls should be surrounded by log level guards.","SecureXPathValidator","validateBasicInjectionPatterns",""
"streamconverter-core/src/main/java/com/streamConverter/security/SecureXPathValidator.java",192,"MethodArgumentCouldBeFinal","Code Style",3,"Parameter 'xpath' is not assigned and could be declared final","SecureXPathValidator","validateDangerousFunctions","xpath"
"streamconverter-core/src/main/java/com/streamConverter/security/SecureXPathValidator.java",194,"GuardLogStatement","Best Practices",2,"Logger calls should be surrounded by log level guards.","SecureXPathValidator","validateDangerousFunctions",""
"streamconverter-core/src/main/java/com/streamConverter/security/SecureXPathValidator.java",200,"MethodArgumentCouldBeFinal","Code Style",3,"Parameter 'xpath' is not assigned and could be declared final","SecureXPathValidator","validateExternalReferences","xpath"
"streamconverter-core/src/main/java/com/streamConverter/security/SecureXPathValidator.java",202,"GuardLogStatement","Best Practices",2,"Logger calls should be surrounded by log level guards.","SecureXPathValidator","validateExternalReferences",""
"streamconverter-core/src/main/java/com/streamConverter/security/SecureXPathValidator.java",208,"MethodArgumentCouldBeFinal","Code Style",3,"Parameter 'xpath' is not assigned and could be declared final","SecureXPathValidator","validateSqlLikeInjection","xpath"
"streamconverter-core/src/main/java/com/streamConverter/security/SecureXPathValidator.java",210,"GuardLogStatement","Best Practices",2,"Logger calls should be surrounded by log level guards.","SecureXPathValidator","validateSqlLikeInjection",""
"streamconverter-core/src/main/java/com/streamConverter/security/SecureXPathValidator.java",217,"CyclomaticComplexity","Design",3,"The method 'validateStrictMode(String)' has a cyclomatic complexity of 11.","SecureXPathValidator","validateStrictMode",""
"streamconverter-core/src/main/java/com/streamConverter/security/SecureXPathValidator.java",217,"MethodArgumentCouldBeFinal","Code Style",3,"Parameter 'xpath' is not assigned and could be declared final","SecureXPathValidator","validateStrictMode","xpath"
"streamconverter-core/src/main/java/com/streamConverter/security/SecureXPathValidator.java",221,"AvoidLiteralsInIfCondition","Error Prone",3,"Avoid using literals in if statements","SecureXPathValidator","validateStrictMode",""
"streamconverter-core/src/main/java/com/streamConverter/security/SecureXPathValidator.java",222,"GuardLogStatement","Best Practices",2,"Logger calls should be surrounded by log level guards.","SecureXPathValidator","validateStrictMode",""
"streamconverter-core/src/main/java/com/streamConverter/security/SecureXPathValidator.java",227,"LocalVariableCouldBeFinal","Code Style",3,"Local variable 'nestingLevel' could be declared final","SecureXPathValidator","validateStrictMode","nestingLevel"
"streamconverter-core/src/main/java/com/streamConverter/security/SecureXPathValidator.java",228,"AvoidLiteralsInIfCondition","Error Prone",3,"Avoid using literals in if statements","SecureXPathValidator","validateStrictMode",""
"streamconverter-core/src/main/java/com/streamConverter/security/SecureXPathValidator.java",236,"GuardLogStatement","Best Practices",2,"Logger calls should be surrounded by log level guards.","SecureXPathValidator","validateStrictMode",""
"streamconverter-core/src/main/java/com/streamConverter/security/SecureXPathValidator.java",242,"LocalVariableCouldBeFinal","Code Style",3,"Local variable 'wildcardCount' could be declared final","SecureXPathValidator","validateStrictMode","wildcardCount"
"streamconverter-core/src/main/java/com/streamConverter/security/SecureXPathValidator.java",243,"AvoidLiteralsInIfCondition","Error Prone",3,"Avoid using literals in if statements","SecureXPathValidator","validateStrictMode",""
"streamconverter-core/src/main/java/com/streamConverter/security/SecureXPathValidator.java",250,"MethodArgumentCouldBeFinal","Code Style",3,"Parameter 'xpath' is not assigned and could be declared final","SecureXPathValidator","sanitizeForLogging","xpath"
"streamconverter-core/src/main/java/com/streamConverter/security/SecureXPathValidator.java",252,"OnlyOneReturn","Code Style",3,"A method should have only one exit point, and that should be the last statement in the method","SecureXPathValidator","sanitizeForLogging",""
"streamconverter-core/src/main/java/com/streamConverter/security/SecureXPathValidator.java",259,"AvoidLiteralsInIfCondition","Error Prone",3,"Avoid using literals in if statements","SecureXPathValidator","sanitizeForLogging",""
"streamconverter-core/src/main/java/com/streamConverter/security/SecureXPathValidator.java",273,"GuardLogStatement","Best Practices",2,"Logger calls should be surrounded by log level guards.","SecureXPathValidator","logSecurityStatus",""
"streamconverter-core/src/main/java/com/streamConverter/security/SecureXPathValidator.java",274,"GuardLogStatement","Best Practices",2,"Logger calls should be surrounded by log level guards.","SecureXPathValidator","logSecurityStatus",""
"streamconverter-core/src/main/java/com/streamConverter/security/SecureXPathValidator.java",276,"GuardLogStatement","Best Practices",2,"Logger calls should be surrounded by log level guards.","SecureXPathValidator","logSecurityStatus",""
"streamconverter-core/src/main/java/com/streamConverter/security/SecureXmlConfiguration.java",1,"PackageCase","Code Style",3,"Package name contains upper case characters","SecureXmlConfiguration","",""
"streamconverter-core/src/main/java/com/streamConverter/security/SecureXmlConfiguration.java",32,"MoreThanOneLogger","Error Prone",2,"Class contains more than one logger.","SecureXmlConfiguration","",""
"streamconverter-core/src/main/java/com/streamConverter/security/SecureXmlConfiguration.java",32,"ClassWithOnlyPrivateConstructorsShouldBeFinal","Design",1,"This class has only private constructors and may be final","SecureXmlConfiguration","",""
"streamconverter-core/src/main/java/com/streamConverter/security/SecureXmlConfiguration.java",53,"LocalVariableCouldBeFinal","Code Style",3,"Local variable 'factory' could be declared final","SecureXmlConfiguration","createSecureDocumentBuilderFactory","factory"
"streamconverter-core/src/main/java/com/streamConverter/security/SecureXmlConfiguration.java",107,"LocalVariableCouldBeFinal","Code Style",3,"Local variable 'factory' could be declared final","SecureXmlConfiguration","createSecureDocumentBuilder","factory"
"streamconverter-core/src/main/java/com/streamConverter/security/SecureXmlConfiguration.java",117,"LocalVariableCouldBeFinal","Code Style",3,"Local variable 'factory' could be declared final","SecureXmlConfiguration","createSecureXMLInputFactory","factory"
"streamconverter-core/src/main/java/com/streamConverter/security/SecureXmlConfiguration.java",139,"LocalVariableCouldBeFinal","Code Style",3,"Local variable 'factory' could be declared final","SecureXmlConfiguration","createSecureTransformerFactory","factory"
"streamconverter-core/src/main/java/com/streamConverter/security/SecureXmlConfiguration.java",145,"AvoidCatchingGenericException","Design",3,"Avoid catching generic exceptions such as NullPointerException, RuntimeException, Exception in try-catch block","SecureXmlConfiguration","createSecureTransformerFactory",""
"streamconverter-core/src/main/java/com/streamConverter/security/SecureXmlConfiguration.java",152,"AvoidCatchingGenericException","Design",3,"Avoid catching generic exceptions such as NullPointerException, RuntimeException, Exception in try-catch block","SecureXmlConfiguration","createSecureTransformerFactory",""
"streamconverter-core/src/main/java/com/streamConverter/security/SecureXmlConfiguration.java",166,"LocalVariableCouldBeFinal","Code Style",3,"Local variable 'factory' could be declared final","SecureXmlConfiguration","createSecureSchemaFactory","factory"
"streamconverter-core/src/main/java/com/streamConverter/security/SecureXmlConfiguration.java",172,"AvoidCatchingGenericException","Design",3,"Avoid catching generic exceptions such as NullPointerException, RuntimeException, Exception in try-catch block","SecureXmlConfiguration","createSecureSchemaFactory",""
"streamconverter-core/src/main/java/com/streamConverter/security/SecureXmlConfiguration.java",179,"AvoidCatchingGenericException","Design",3,"Avoid catching generic exceptions such as NullPointerException, RuntimeException, Exception in try-catch block","SecureXmlConfiguration","createSecureSchemaFactory",""
"streamconverter-core/src/main/java/com/streamConverter/security/SecureXmlConfiguration.java",194,"MethodArgumentCouldBeFinal","Code Style",3,"Parameter 'inputStream' is not assigned and could be declared final","SecureXmlConfiguration","createSecureDocumentBuilderForStream","inputStream"
"streamconverter-core/src/main/java/com/streamConverter/security/SecureXmlConfiguration.java",202,"LocalVariableCouldBeFinal","Code Style",3,"Local variable 'builder' could be declared final","SecureXmlConfiguration","createSecureDocumentBuilderForStream","builder"
"streamconverter-core/src/main/java/com/streamConverter/security/SecureXmlConfiguration.java",215,"GuardLogStatement","Best Practices",2,"Logger calls should be surrounded by log level guards.","SecureXmlConfiguration","logSecurityStatus",""
"streamconverter-core/src/main/java/com/streamConverter/security/SecureXmlConfiguration.java",217,"GuardLogStatement","Best Practices",2,"Logger calls should be surrounded by log level guards.","SecureXmlConfiguration","logSecurityStatus",""
"streamconverter-core/src/main/java/com/streamConverter/security/SecureXmlConfiguration.java",220,"GuardLogStatement","Best Practices",2,"Logger calls should be surrounded by log level guards.","SecureXmlConfiguration","logSecurityStatus",""
"streamconverter-core/src/main/java/com/streamConverter/security/SecureXmlConfiguration.java",222,"GuardLogStatement","Best Practices",2,"Logger calls should be surrounded by log level guards.","SecureXmlConfiguration","logSecurityStatus",""
"streamconverter-core/src/main/java/com/streamConverter/security/SecureXmlConfiguration.java",229,"MoreThanOneLogger","Error Prone",2,"Class contains more than one logger.","SecurityAwareErrorHandler","",""
"streamconverter-core/src/main/java/com/streamConverter/security/SecureXmlConfiguration.java",229,"AtLeastOneConstructor","Code Style",3,"Each class should declare at least one constructor","SecurityAwareErrorHandler","",""
"streamconverter-core/src/main/java/com/streamConverter/test/PmdConverterTest.java",1,"PackageCase","Code Style",3,"Package name contains upper case characters","PmdConverterTest","",""
"streamconverter-core/src/main/java/com/streamConverter/test/PmdConverterTest.java",17,"TestClassWithoutTestCases","Error Prone",3,"The class 'PmdConverterTest' might be a test class, but it contains no test cases.","PmdConverterTest","",""
"streamconverter-core/src/main/java/com/streamConverter/test/PmdConverterTest.java",17,"UseUtilityClass","Design",3,"This utility class has a non-private constructor","PmdConverterTest","",""
"streamconverter-core/src/main/java/com/streamConverter/test/PmdConverterTest.java",22,"LocalVariableCouldBeFinal","Code Style",3,"Local variable 'xmlPath' could be declared final","PmdConverterTest","main","xmlPath"
"streamconverter-core/src/main/java/com/streamConverter/test/PmdConverterTest.java",48,"MethodArgumentCouldBeFinal","Code Style",3,"Parameter 'xmlPath' is not assigned and could be declared final","PmdConverterTest","testMarkdownConversion","xmlPath"
"streamconverter-core/src/main/java/com/streamConverter/test/PmdConverterTest.java",52,"LocalVariableCouldBeFinal","Code Style",3,"Local variable 'controller' could be declared final","PmdConverterTest","testMarkdownConversion","controller"
"streamconverter-core/src/main/java/com/streamConverter/test/PmdConverterTest.java",54,"AvoidFileStream","Performance",1,"Avoid instantiating FileInputStream, FileOutputStream, FileReader, or FileWriter","PmdConverterTest","testMarkdownConversion",""
"streamconverter-core/src/main/java/com/streamConverter/test/PmdConverterTest.java",55,"AvoidFileStream","Performance",1,"Avoid instantiating FileInputStream, FileOutputStream, FileReader, or FileWriter","PmdConverterTest","testMarkdownConversion",""
"streamconverter-core/src/main/java/com/streamConverter/test/PmdConverterTest.java",57,"LocalVariableCouldBeFinal","Code Style",3,"Local variable 'results' could be declared final","PmdConverterTest","testMarkdownConversion","results"
"streamconverter-core/src/main/java/com/streamConverter/test/PmdConverterTest.java",58,"LocalVariableCouldBeFinal","Code Style",3,"Local variable 'result' could be declared final","PmdConverterTest","testMarkdownConversion","result"
"streamconverter-core/src/main/java/com/streamConverter/test/PmdConverterTest.java",66,"AvoidCatchingGenericException","Design",3,"Avoid catching generic exceptions such as NullPointerException, RuntimeException, Exception in try-catch block","PmdConverterTest","testMarkdownConversion",""
"streamconverter-core/src/main/java/com/streamConverter/test/PmdConverterTest.java",67,"GuardLogStatement","Best Practices",2,"Logger calls should be surrounded by log level guards.","PmdConverterTest","testMarkdownConversion",""
"streamconverter-core/src/main/java/com/streamConverter/test/PmdConverterTest.java",68,"AvoidPrintStackTrace","Best Practices",3,"Avoid printStackTrace(); use a logger call instead.","PmdConverterTest","testMarkdownConversion",""
"streamconverter-core/src/main/java/com/streamConverter/test/PmdConverterTest.java",72,"MethodArgumentCouldBeFinal","Code Style",3,"Parameter 'xmlPath' is not assigned and could be declared final","PmdConverterTest","testCsvConversion","xmlPath"
"streamconverter-core/src/main/java/com/streamConverter/test/PmdConverterTest.java",76,"LocalVariableCouldBeFinal","Code Style",3,"Local variable 'controller' could be declared final","PmdConverterTest","testCsvConversion","controller"
"streamconverter-core/src/main/java/com/streamConverter/test/PmdConverterTest.java",78,"AvoidFileStream","Performance",1,"Avoid instantiating FileInputStream, FileOutputStream, FileReader, or FileWriter","PmdConverterTest","testCsvConversion",""
"streamconverter-core/src/main/java/com/streamConverter/test/PmdConverterTest.java",79,"AvoidFileStream","Performance",1,"Avoid instantiating FileInputStream, FileOutputStream, FileReader, or FileWriter","PmdConverterTest","testCsvConversion",""
"streamconverter-core/src/main/java/com/streamConverter/test/PmdConverterTest.java",81,"LocalVariableCouldBeFinal","Code Style",3,"Local variable 'results' could be declared final","PmdConverterTest","testCsvConversion","results"
"streamconverter-core/src/main/java/com/streamConverter/test/PmdConverterTest.java",82,"LocalVariableCouldBeFinal","Code Style",3,"Local variable 'result' could be declared final","PmdConverterTest","testCsvConversion","result"
"streamconverter-core/src/main/java/com/streamConverter/test/PmdConverterTest.java",85,"GuardLogStatement","Best Practices",2,"Logger calls should be surrounded by log level guards.","PmdConverterTest","testCsvConversion",""
"streamconverter-core/src/main/java/com/streamConverter/test/PmdConverterTest.java",88,"AvoidCatchingGenericException","Design",3,"Avoid catching generic exceptions such as NullPointerException, RuntimeException, Exception in try-catch block","PmdConverterTest","testCsvConversion",""
"streamconverter-core/src/main/java/com/streamConverter/test/PmdConverterTest.java",89,"GuardLogStatement","Best Practices",2,"Logger calls should be surrounded by log level guards.","PmdConverterTest","testCsvConversion",""
"streamconverter-core/src/main/java/com/streamConverter/test/PmdConverterTest.java",90,"AvoidPrintStackTrace","Best Practices",3,"Avoid printStackTrace(); use a logger call instead.","PmdConverterTest","testCsvConversion",""
"streamconverter-core/src/main/java/com/streamConverter/test/PmdConverterTest.java",94,"MethodArgumentCouldBeFinal","Code Style",3,"Parameter 'xmlPath' is not assigned and could be declared final","PmdConverterTest","testJsonConversion","xmlPath"
"streamconverter-core/src/main/java/com/streamConverter/test/PmdConverterTest.java",96,"LocalVariableCouldBeFinal","Code Style",3,"Local variable 'controller' could be declared final","PmdConverterTest","testJsonConversion","controller"
"streamconverter-core/src/main/java/com/streamConverter/test/PmdConverterTest.java",98,"AvoidFileStream","Performance",1,"Avoid instantiating FileInputStream, FileOutputStream, FileReader, or FileWriter","PmdConverterTest","testJsonConversion",""
"streamconverter-core/src/main/java/com/streamConverter/test/PmdConverterTest.java",99,"AvoidFileStream","Performance",1,"Avoid instantiating FileInputStream, FileOutputStream, FileReader, or FileWriter","PmdConverterTest","testJsonConversion",""
"streamconverter-core/src/main/java/com/streamConverter/test/PmdConverterTest.java",101,"LocalVariableCouldBeFinal","Code Style",3,"Local variable 'results' could be declared final","PmdConverterTest","testJsonConversion","results"
"streamconverter-core/src/main/java/com/streamConverter/test/PmdConverterTest.java",102,"LocalVariableCouldBeFinal","Code Style",3,"Local variable 'result' could be declared final","PmdConverterTest","testJsonConversion","result"
"streamconverter-core/src/main/java/com/streamConverter/test/PmdConverterTest.java",105,"GuardLogStatement","Best Practices",2,"Logger calls should be surrounded by log level guards.","PmdConverterTest","testJsonConversion",""
"streamconverter-core/src/main/java/com/streamConverter/test/PmdConverterTest.java",108,"AvoidCatchingGenericException","Design",3,"Avoid catching generic exceptions such as NullPointerException, RuntimeException, Exception in try-catch block","PmdConverterTest","testJsonConversion",""
"streamconverter-core/src/main/java/com/streamConverter/test/PmdConverterTest.java",109,"GuardLogStatement","Best Practices",2,"Logger calls should be surrounded by log level guards.","PmdConverterTest","testJsonConversion",""
"streamconverter-core/src/main/java/com/streamConverter/test/PmdConverterTest.java",110,"AvoidPrintStackTrace","Best Practices",3,"Avoid printStackTrace(); use a logger call instead.","PmdConverterTest","testJsonConversion",""
"streamconverter-core/src/main/java/com/streamConverter/test/TestFailureAnalyzer.java",1,"PackageCase","Code Style",3,"Package name contains upper case characters","TestFailureAnalyzer","",""
"streamconverter-core/src/main/java/com/streamConverter/test/TestFailureAnalyzer.java",23,"TestClassWithoutTestCases","Error Prone",3,"The class 'TestFailureAnalyzer' might be a test class, but it contains no test cases.","TestFailureAnalyzer","",""
"streamconverter-core/src/main/java/com/streamConverter/test/TestFailureAnalyzer.java",23,"ClassWithOnlyPrivateConstructorsShouldBeFinal","Design",1,"This class has only private constructors and may be final","TestFailureAnalyzer","",""
"streamconverter-core/src/main/java/com/streamConverter/test/TestFailureAnalyzer.java",31,"DataClass","Design",3,"The class 'TestFailure' is suspected to be a Data Class (WOC=14.286%, NOPA=0, NOAM=6, WMC=8)","TestFailure","",""
"streamconverter-core/src/main/java/com/streamConverter/test/TestFailureAnalyzer.java",31,"TestClassWithoutTestCases","Error Prone",3,"The class 'TestFailure' might be a test class, but it contains no test cases.","TestFailure","",""
"streamconverter-core/src/main/java/com/streamConverter/test/TestFailureAnalyzer.java",50,"MethodArgumentCouldBeFinal","Code Style",3,"Parameter 'testClass' is not assigned and could be declared final","TestFailure","TestFailure","testClass"
"streamconverter-core/src/main/java/com/streamConverter/test/TestFailureAnalyzer.java",51,"MethodArgumentCouldBeFinal","Code Style",3,"Parameter 'testMethod' is not assigned and could be declared final","TestFailure","TestFailure","testMethod"
"streamconverter-core/src/main/java/com/streamConverter/test/TestFailureAnalyzer.java",52,"MethodArgumentCouldBeFinal","Code Style",3,"Parameter 'failureType' is not assigned and could be declared final","TestFailure","TestFailure","failureType"
"streamconverter-core/src/main/java/com/streamConverter/test/TestFailureAnalyzer.java",53,"MethodArgumentCouldBeFinal","Code Style",3,"Parameter 'failureMessage' is not assigned and could be declared final","TestFailure","TestFailure","failureMessage"
"streamconverter-core/src/main/java/com/streamConverter/test/TestFailureAnalyzer.java",54,"MethodArgumentCouldBeFinal","Code Style",3,"Parameter 'stackTrace' is not assigned and could be declared final","TestFailure","TestFailure","stackTrace"
"streamconverter-core/src/main/java/com/streamConverter/test/TestFailureAnalyzer.java",55,"MethodArgumentCouldBeFinal","Code Style",3,"Parameter 'executionTime' is not assigned and could be declared final","TestFailure","TestFailure","executionTime"
"streamconverter-core/src/main/java/com/streamConverter/test/TestFailureAnalyzer.java",120,"ShortVariable","Code Style",3,"Avoid variables with short names like sb","TestFailure","toString","sb"
"streamconverter-core/src/main/java/com/streamConverter/test/TestFailureAnalyzer.java",120,"LocalVariableCouldBeFinal","Code Style",3,"Local variable 'sb' could be declared final","TestFailure","toString","sb"
"streamconverter-core/src/main/java/com/streamConverter/test/TestFailureAnalyzer.java",120,"InsufficientStringBufferDeclaration","Performance",3,"StringBuilder has been initialized with size 16, but has at least 116 characters appended.","TestFailure","toString","sb"
"streamconverter-core/src/main/java/com/streamConverter/test/TestFailureAnalyzer.java",121,"ConsecutiveAppendsShouldReuse","Performance",3,"StringBuffer (or StringBuilder).append is called consecutively without reusing the target variable.","TestFailure","toString",""
"streamconverter-core/src/main/java/com/streamConverter/test/TestFailureAnalyzer.java",121,"ConsecutiveLiteralAppends","Performance",3,"StringBuffer (or StringBuilder).append is called 2 consecutive times with literals. Use a single append with a single combined String.","TestFailure","toString",""
"streamconverter-core/src/main/java/com/streamConverter/test/TestFailureAnalyzer.java",122,"ConsecutiveAppendsShouldReuse","Performance",3,"StringBuffer (or StringBuilder).append is called consecutively without reusing the target variable.","TestFailure","toString",""
"streamconverter-core/src/main/java/com/streamConverter/test/TestFailureAnalyzer.java",122,"AppendCharacterWithChar","Performance",3,"Avoid appending characters as strings in StringBuffer.append.","TestFailure","toString",""
"streamconverter-core/src/main/java/com/streamConverter/test/TestFailureAnalyzer.java",122,"ConsecutiveLiteralAppends","Performance",3,"StringBuffer (or StringBuilder).append is called 2 consecutive times with literals. Use a single append with a single combined String.","TestFailure","toString",""
"streamconverter-core/src/main/java/com/streamConverter/test/TestFailureAnalyzer.java",123,"ConsecutiveAppendsShouldReuse","Performance",3,"StringBuffer (or StringBuilder).append is called consecutively without reusing the target variable.","TestFailure","toString",""
"streamconverter-core/src/main/java/com/streamConverter/test/TestFailureAnalyzer.java",123,"AppendCharacterWithChar","Performance",3,"Avoid appending characters as strings in StringBuffer.append.","TestFailure","toString",""
"streamconverter-core/src/main/java/com/streamConverter/test/TestFailureAnalyzer.java",123,"ConsecutiveLiteralAppends","Performance",3,"StringBuffer (or StringBuilder).append is called 2 consecutive times with literals. Use a single append with a single combined String.","TestFailure","toString",""
"streamconverter-core/src/main/java/com/streamConverter/test/TestFailureAnalyzer.java",124,"ConsecutiveAppendsShouldReuse","Performance",3,"StringBuffer (or StringBuilder).append is called consecutively without reusing the target variable.","TestFailure","toString",""
"streamconverter-core/src/main/java/com/streamConverter/test/TestFailureAnalyzer.java",124,"ConsecutiveLiteralAppends","Performance",3,"StringBuffer (or StringBuilder).append is called 2 consecutive times with literals. Use a single append with a single combined String.","TestFailure","toString",""
"streamconverter-core/src/main/java/com/streamConverter/test/TestFailureAnalyzer.java",125,"ConsecutiveAppendsShouldReuse","Performance",3,"StringBuffer (or StringBuilder).append is called consecutively without reusing the target variable.","TestFailure","toString",""
"streamconverter-core/src/main/java/com/streamConverter/test/TestFailureAnalyzer.java",125,"AppendCharacterWithChar","Performance",3,"Avoid appending characters as strings in StringBuffer.append.","TestFailure","toString",""
"streamconverter-core/src/main/java/com/streamConverter/test/TestFailureAnalyzer.java",125,"ConsecutiveLiteralAppends","Performance",3,"StringBuffer (or StringBuilder).append is called 2 consecutive times with literals. Use a single append with a single combined String.","TestFailure","toString",""
"streamconverter-core/src/main/java/com/streamConverter/test/TestFailureAnalyzer.java",126,"ConsecutiveAppendsShouldReuse","Performance",3,"StringBuffer (or StringBuilder).append is called consecutively without reusing the target variable.","TestFailure","toString",""
"streamconverter-core/src/main/java/com/streamConverter/test/TestFailureAnalyzer.java",126,"AppendCharacterWithChar","Performance",3,"Avoid appending characters as strings in StringBuffer.append.","TestFailure","toString",""
"streamconverter-core/src/main/java/com/streamConverter/test/TestFailureAnalyzer.java",126,"ConsecutiveLiteralAppends","Performance",3,"StringBuffer (or StringBuilder).append is called 2 consecutive times with literals. Use a single append with a single combined String.","TestFailure","toString",""
"streamconverter-core/src/main/java/com/streamConverter/test/TestFailureAnalyzer.java",127,"ConsecutiveAppendsShouldReuse","Performance",3,"StringBuffer (or StringBuilder).append is called consecutively without reusing the target variable.","TestFailure","toString",""
"streamconverter-core/src/main/java/com/streamConverter/test/TestFailureAnalyzer.java",127,"AppendCharacterWithChar","Performance",3,"Avoid appending characters as strings in StringBuffer.append.","TestFailure","toString",""
"streamconverter-core/src/main/java/com/streamConverter/test/TestFailureAnalyzer.java",127,"ConsecutiveLiteralAppends","Performance",3,"StringBuffer (or StringBuilder).append is called 2 consecutive times with literals. Use a single append with a single combined String.","TestFailure","toString",""
"streamconverter-core/src/main/java/com/streamConverter/test/TestFailureAnalyzer.java",134,"DataClass","Design",3,"The class 'TestSummary' is suspected to be a Data Class (WOC=28.571%, NOPA=0, NOAM=5, WMC=10)","TestSummary","",""
"streamconverter-core/src/main/java/com/streamConverter/test/TestFailureAnalyzer.java",134,"TestClassWithoutTestCases","Error Prone",3,"The class 'TestSummary' might be a test class, but it contains no test cases.","TestSummary","",""
"streamconverter-core/src/main/java/com/streamConverter/test/TestFailureAnalyzer.java",151,"MethodArgumentCouldBeFinal","Code Style",3,"Parameter 'totalTests' is not assigned and could be declared final","TestSummary","TestSummary","totalTests"
"streamconverter-core/src/main/java/com/streamConverter/test/TestFailureAnalyzer.java",151,"MethodArgumentCouldBeFinal","Code Style",3,"Parameter 'failures' is not assigned and could be declared final","TestSummary","TestSummary","failures"
"streamconverter-core/src/main/java/com/streamConverter/test/TestFailureAnalyzer.java",151,"MethodArgumentCouldBeFinal","Code Style",3,"Parameter 'errors' is not assigned and could be declared final","TestSummary","TestSummary","errors"
"streamconverter-core/src/main/java/com/streamConverter/test/TestFailureAnalyzer.java",151,"MethodArgumentCouldBeFinal","Code Style",3,"Parameter 'skipped' is not assigned and could be declared final","TestSummary","TestSummary","skipped"
"streamconverter-core/src/main/java/com/streamConverter/test/TestFailureAnalyzer.java",151,"MethodArgumentCouldBeFinal","Code Style",3,"Parameter 'failureDetails' is not assigned and could be declared final","TestSummary","TestSummary","failureDetails"
"streamconverter-core/src/main/java/com/streamConverter/test/TestFailureAnalyzer.java",215,"ShortVariable","Code Style",3,"Avoid variables with short names like sb","TestSummary","toString","sb"
"streamconverter-core/src/main/java/com/streamConverter/test/TestFailureAnalyzer.java",215,"LocalVariableCouldBeFinal","Code Style",3,"Local variable 'sb' could be declared final","TestSummary","toString","sb"
"streamconverter-core/src/main/java/com/streamConverter/test/TestFailureAnalyzer.java",215,"InsufficientStringBufferDeclaration","Performance",3,"StringBuilder has been initialized with size 16, but has at least 103 characters appended.","TestSummary","toString","sb"
"streamconverter-core/src/main/java/com/streamConverter/test/TestFailureAnalyzer.java",216,"ConsecutiveAppendsShouldReuse","Performance",3,"StringBuffer (or StringBuilder).append is called consecutively without reusing the target variable.","TestSummary","toString",""
"streamconverter-core/src/main/java/com/streamConverter/test/TestFailureAnalyzer.java",216,"ConsecutiveLiteralAppends","Performance",3,"StringBuffer (or StringBuilder).append is called 2 consecutive times with literals. Use a single append with a single combined String.","TestSummary","toString",""
"streamconverter-core/src/main/java/com/streamConverter/test/TestFailureAnalyzer.java",217,"ConsecutiveAppendsShouldReuse","Performance",3,"StringBuffer (or StringBuilder).append is called consecutively without reusing the target variable.","TestSummary","toString",""
"streamconverter-core/src/main/java/com/streamConverter/test/TestFailureAnalyzer.java",217,"AppendCharacterWithChar","Performance",3,"Avoid appending characters as strings in StringBuffer.append.","TestSummary","toString",""
"streamconverter-core/src/main/java/com/streamConverter/test/TestFailureAnalyzer.java",217,"ConsecutiveLiteralAppends","Performance",3,"StringBuffer (or StringBuilder).append is called 2 consecutive times with literals. Use a single append with a single combined String.","TestSummary","toString",""
"streamconverter-core/src/main/java/com/streamConverter/test/TestFailureAnalyzer.java",218,"ConsecutiveAppendsShouldReuse","Performance",3,"StringBuffer (or StringBuilder).append is called consecutively without reusing the target variable.","TestSummary","toString",""
"streamconverter-core/src/main/java/com/streamConverter/test/TestFailureAnalyzer.java",218,"AppendCharacterWithChar","Performance",3,"Avoid appending characters as strings in StringBuffer.append.","TestSummary","toString",""
"streamconverter-core/src/main/java/com/streamConverter/test/TestFailureAnalyzer.java",218,"ConsecutiveLiteralAppends","Performance",3,"StringBuffer (or StringBuilder).append is called 2 consecutive times with literals. Use a single append with a single combined String.","TestSummary","toString",""
"streamconverter-core/src/main/java/com/streamConverter/test/TestFailureAnalyzer.java",219,"ConsecutiveAppendsShouldReuse","Performance",3,"StringBuffer (or StringBuilder).append is called consecutively without reusing the target variable.","TestSummary","toString",""
"streamconverter-core/src/main/java/com/streamConverter/test/TestFailureAnalyzer.java",219,"AppendCharacterWithChar","Performance",3,"Avoid appending characters as strings in StringBuffer.append.","TestSummary","toString",""
"streamconverter-core/src/main/java/com/streamConverter/test/TestFailureAnalyzer.java",219,"ConsecutiveLiteralAppends","Performance",3,"StringBuffer (or StringBuilder).append is called 2 consecutive times with literals. Use a single append with a single combined String.","TestSummary","toString",""
"streamconverter-core/src/main/java/com/streamConverter/test/TestFailureAnalyzer.java",220,"ConsecutiveAppendsShouldReuse","Performance",3,"StringBuffer (or StringBuilder).append is called consecutively without reusing the target variable.","TestSummary","toString",""
"streamconverter-core/src/main/java/com/streamConverter/test/TestFailureAnalyzer.java",220,"AppendCharacterWithChar","Performance",3,"Avoid appending characters as strings in StringBuffer.append.","TestSummary","toString",""
"streamconverter-core/src/main/java/com/streamConverter/test/TestFailureAnalyzer.java",220,"ConsecutiveLiteralAppends","Performance",3,"StringBuffer (or StringBuilder).append is called 2 consecutive times with literals. Use a single append with a single combined String.","TestSummary","toString",""
"streamconverter-core/src/main/java/com/streamConverter/test/TestFailureAnalyzer.java",221,"ConsecutiveAppendsShouldReuse","Performance",3,"StringBuffer (or StringBuilder).append is called consecutively without reusing the target variable.","TestSummary","toString",""
"streamconverter-core/src/main/java/com/streamConverter/test/TestFailureAnalyzer.java",223,"AppendCharacterWithChar","Performance",3,"Avoid appending characters as strings in StringBuffer.append.","TestSummary","toString",""
"streamconverter-core/src/main/java/com/streamConverter/test/TestFailureAnalyzer.java",223,"ConsecutiveLiteralAppends","Performance",3,"StringBuffer (or StringBuilder).append is called 2 consecutive times with literals. Use a single append with a single combined String.","TestSummary","toString",""
"streamconverter-core/src/main/java/com/streamConverter/test/TestFailureAnalyzer.java",227,"AppendCharacterWithChar","Performance",3,"Avoid appending characters as strings in StringBuffer.append.","TestSummary","toString",""
"streamconverter-core/src/main/java/com/streamConverter/test/TestFailureAnalyzer.java",228,"LocalVariableCouldBeFinal","Code Style",3,"Local variable 'failure' could be declared final","TestSummary","toString","failure"
"streamconverter-core/src/main/java/com/streamConverter/test/TestFailureAnalyzer.java",229,"AppendCharacterWithChar","Performance",3,"Avoid appending characters as strings in StringBuffer.append.","TestSummary","toString",""
"streamconverter-core/src/main/java/com/streamConverter/test/TestFailureAnalyzer.java",244,"MethodArgumentCouldBeFinal","Code Style",3,"Parameter 'testResultsPath' is not assigned and could be declared final","TestFailureAnalyzer","analyzeTestResults","testResultsPath"
"streamconverter-core/src/main/java/com/streamConverter/test/TestFailureAnalyzer.java",245,"LocalVariableCouldBeFinal","Code Style",3,"Local variable 'resultsDir' could be declared final","TestFailureAnalyzer","analyzeTestResults","resultsDir"
"streamconverter-core/src/main/java/com/streamConverter/test/TestFailureAnalyzer.java",251,"LocalVariableCouldBeFinal","Code Style",3,"Local variable 'allFailures' could be declared final","TestFailureAnalyzer","analyzeTestResults","allFailures"
"streamconverter-core/src/main/java/com/streamConverter/test/TestFailureAnalyzer.java",258,"LocalVariableCouldBeFinal","Code Style",3,"Local variable 'xmlFile' could be declared final","TestFailureAnalyzer","analyzeTestResults","xmlFile"
"streamconverter-core/src/main/java/com/streamConverter/test/TestFailureAnalyzer.java",259,"LocalVariableCouldBeFinal","Code Style",3,"Local variable 'fileSummary' could be declared final","TestFailureAnalyzer","analyzeTestResults","fileSummary"
"streamconverter-core/src/main/java/com/streamConverter/test/TestFailureAnalyzer.java",278,"MethodArgumentCouldBeFinal","Code Style",3,"Parameter 'xmlFile' is not assigned and could be declared final","TestFailureAnalyzer","parseXmlTestReport","xmlFile"
"streamconverter-core/src/main/java/com/streamConverter/test/TestFailureAnalyzer.java",279,"LocalVariableCouldBeFinal","Code Style",3,"Local variable 'failures' could be declared final","TestFailureAnalyzer","parseXmlTestReport","failures"
"streamconverter-core/src/main/java/com/streamConverter/test/TestFailureAnalyzer.java",282,"LocalVariableCouldBeFinal","Code Style",3,"Local variable 'factory' could be declared final","TestFailureAnalyzer","parseXmlTestReport","factory"
"streamconverter-core/src/main/java/com/streamConverter/test/TestFailureAnalyzer.java",283,"LocalVariableCouldBeFinal","Code Style",3,"Local variable 'builder' could be declared final","TestFailureAnalyzer","parseXmlTestReport","builder"
"streamconverter-core/src/main/java/com/streamConverter/test/TestFailureAnalyzer.java",284,"LocalVariableCouldBeFinal","Code Style",3,"Local variable 'doc' could be declared final","TestFailureAnalyzer","parseXmlTestReport","doc"
"streamconverter-core/src/main/java/com/streamConverter/test/TestFailureAnalyzer.java",286,"LocalVariableCouldBeFinal","Code Style",3,"Local variable 'testsuite' could be declared final","TestFailureAnalyzer","parseXmlTestReport","testsuite"
"streamconverter-core/src/main/java/com/streamConverter/test/TestFailureAnalyzer.java",287,"LocalVariableCouldBeFinal","Code Style",3,"Local variable 'tests' could be declared final","TestFailureAnalyzer","parseXmlTestReport","tests"
"streamconverter-core/src/main/java/com/streamConverter/test/TestFailureAnalyzer.java",288,"LocalVariableCouldBeFinal","Code Style",3,"Local variable 'failureCount' could be declared final","TestFailureAnalyzer","parseXmlTestReport","failureCount"
"streamconverter-core/src/main/java/com/streamConverter/test/TestFailureAnalyzer.java",289,"LocalVariableCouldBeFinal","Code Style",3,"Local variable 'errorCount' could be declared final","TestFailureAnalyzer","parseXmlTestReport","errorCount"
"streamconverter-core/src/main/java/com/streamConverter/test/TestFailureAnalyzer.java",290,"LocalVariableCouldBeFinal","Code Style",3,"Local variable 'skippedCount' could be declared final","TestFailureAnalyzer","parseXmlTestReport","skippedCount"
"streamconverter-core/src/main/java/com/streamConverter/test/TestFailureAnalyzer.java",292,"LocalVariableCouldBeFinal","Code Style",3,"Local variable 'testcases' could be declared final","TestFailureAnalyzer","parseXmlTestReport","testcases"
"streamconverter-core/src/main/java/com/streamConverter/test/TestFailureAnalyzer.java",295,"LocalVariableCouldBeFinal","Code Style",3,"Local variable 'testcase' could be declared final","TestFailureAnalyzer","parseXmlTestReport","testcase"
"streamconverter-core/src/main/java/com/streamConverter/test/TestFailureAnalyzer.java",296,"LocalVariableCouldBeFinal","Code Style",3,"Local variable 'testClass' could be declared final","TestFailureAnalyzer","parseXmlTestReport","testClass"
"streamconverter-core/src/main/java/com/streamConverter/test/TestFailureAnalyzer.java",297,"LocalVariableCouldBeFinal","Code Style",3,"Local variable 'testMethod' could be declared final","TestFailureAnalyzer","parseXmlTestReport","testMethod"
"streamconverter-core/src/main/java/com/streamConverter/test/TestFailureAnalyzer.java",298,"LocalVariableCouldBeFinal","Code Style",3,"Local variable 'time' could be declared final","TestFailureAnalyzer","parseXmlTestReport","time"
"streamconverter-core/src/main/java/com/streamConverter/test/TestFailureAnalyzer.java",301,"LocalVariableCouldBeFinal","Code Style",3,"Local variable 'failureNodes' could be declared final","TestFailureAnalyzer","parseXmlTestReport","failureNodes"
"streamconverter-core/src/main/java/com/streamConverter/test/TestFailureAnalyzer.java",303,"LocalVariableCouldBeFinal","Code Style",3,"Local variable 'failure' could be declared final","TestFailureAnalyzer","parseXmlTestReport","failure"
"streamconverter-core/src/main/java/com/streamConverter/test/TestFailureAnalyzer.java",304,"LocalVariableCouldBeFinal","Code Style",3,"Local variable 'failureType' could be declared final","TestFailureAnalyzer","parseXmlTestReport","failureType"
"streamconverter-core/src/main/java/com/streamConverter/test/TestFailureAnalyzer.java",305,"LocalVariableCouldBeFinal","Code Style",3,"Local variable 'failureMessage' could be declared final","TestFailureAnalyzer","parseXmlTestReport","failureMessage"
"streamconverter-core/src/main/java/com/streamConverter/test/TestFailureAnalyzer.java",306,"LocalVariableCouldBeFinal","Code Style",3,"Local variable 'stackTrace' could be declared final","TestFailureAnalyzer","parseXmlTestReport","stackTrace"
"streamconverter-core/src/main/java/com/streamConverter/test/TestFailureAnalyzer.java",314,"LocalVariableCouldBeFinal","Code Style",3,"Local variable 'errorNodes' could be declared final","TestFailureAnalyzer","parseXmlTestReport","errorNodes"
"streamconverter-core/src/main/java/com/streamConverter/test/TestFailureAnalyzer.java",316,"LocalVariableCouldBeFinal","Code Style",3,"Local variable 'error' could be declared final","TestFailureAnalyzer","parseXmlTestReport","error"
"streamconverter-core/src/main/java/com/streamConverter/test/TestFailureAnalyzer.java",317,"LocalVariableCouldBeFinal","Code Style",3,"Local variable 'errorType' could be declared final","TestFailureAnalyzer","parseXmlTestReport","errorType"
"streamconverter-core/src/main/java/com/streamConverter/test/TestFailureAnalyzer.java",318,"LocalVariableCouldBeFinal","Code Style",3,"Local variable 'errorMessage' could be declared final","TestFailureAnalyzer","parseXmlTestReport","errorMessage"
"streamconverter-core/src/main/java/com/streamConverter/test/TestFailureAnalyzer.java",319,"LocalVariableCouldBeFinal","Code Style",3,"Local variable 'stackTrace' could be declared final","TestFailureAnalyzer","parseXmlTestReport","stackTrace"
"streamconverter-core/src/main/java/com/streamConverter/test/TestFailureAnalyzer.java",326,"OnlyOneReturn","Code Style",3,"A method should have only one exit point, and that should be the last statement in the method","TestFailureAnalyzer","parseXmlTestReport",""
"streamconverter-core/src/main/java/com/streamConverter/test/TestFailureAnalyzer.java",328,"AvoidCatchingGenericException","Design",3,"Avoid catching generic exceptions such as NullPointerException, RuntimeException, Exception in try-catch block","TestFailureAnalyzer","parseXmlTestReport",""
"streamconverter-core/src/main/java/com/streamConverter/test/TestFailureAnalyzer.java",329,"SystemPrintln","Best Practices",2,"Usage of System.out/err","TestFailureAnalyzer","parseXmlTestReport",""
"streamconverter-core/src/main/java/com/streamConverter/test/TestFailureAnalyzer.java",330,"AvoidPrintStackTrace","Best Practices",3,"Avoid printStackTrace(); use a logger call instead.","TestFailureAnalyzer","parseXmlTestReport",""
"streamconverter-core/src/main/java/com/streamConverter/test/TestFailureAnalyzer.java",343,"MethodArgumentCouldBeFinal","Code Style",3,"Parameter 'args' is not assigned and could be declared final","TestFailureAnalyzer","main","args"
"streamconverter-core/src/main/java/com/streamConverter/test/TestFailureAnalyzer.java",344,"LocalVariableCouldBeFinal","Code Style",3,"Local variable 'testResultsPath' could be declared final","TestFailureAnalyzer","main","testResultsPath"
"streamconverter-core/src/main/java/com/streamConverter/test/TestFailureAnalyzer.java",347,"LocalVariableCouldBeFinal","Code Style",3,"Local variable 'summary' could be declared final","TestFailureAnalyzer","main","summary"
"streamconverter-core/src/main/java/com/streamConverter/test/TestFailureAnalyzer.java",348,"SystemPrintln","Best Practices",2,"Usage of System.out/err","TestFailureAnalyzer","main",""
"streamconverter-core/src/main/java/com/streamConverter/test/TestFailureAnalyzer.java",355,"SystemPrintln","Best Practices",2,"Usage of System.out/err","TestFailureAnalyzer","main",""
"streamconverter-core/src/main/java/com/streamConverter/util/MeasuredInputStream.java",1,"PackageCase","Code Style",3,"Package name contains upper case characters","MeasuredInputStream","",""
"streamconverter-core/src/main/java/com/streamConverter/util/MeasuredInputStream.java",13,"RedundantFieldInitializer","Performance",3,"Avoid using redundant field initializer for 'bytesRead'","MeasuredInputStream","","bytesRead"
"streamconverter-core/src/main/java/com/streamConverter/util/MeasuredInputStream.java",14,"RedundantFieldInitializer","Performance",3,"Avoid using redundant field initializer for 'closed'","MeasuredInputStream","","closed"
"streamconverter-core/src/main/java/com/streamConverter/util/MeasuredInputStream.java",21,"CallSuperInConstructor","Code Style",3,"It is a good practice to call super() in a constructor","MeasuredInputStream","MeasuredInputStream",""
"streamconverter-core/src/main/java/com/streamConverter/util/MeasuredInputStream.java",21,"MethodArgumentCouldBeFinal","Code Style",3,"Parameter 'delegate' is not assigned and could be declared final","MeasuredInputStream","MeasuredInputStream","delegate"
"streamconverter-core/src/main/java/com/streamConverter/util/MeasuredInputStream.java",29,"OnlyOneReturn","Code Style",3,"A method should have only one exit point, and that should be the last statement in the method","MeasuredInputStream","read",""
"streamconverter-core/src/main/java/com/streamConverter/util/MeasuredInputStream.java",32,"LocalVariableCouldBeFinal","Code Style",3,"Local variable 'result' could be declared final","MeasuredInputStream","read","result"
"streamconverter-core/src/main/java/com/streamConverter/util/MeasuredInputStream.java",40,"ShortVariable","Code Style",3,"Avoid variables with short names like b","MeasuredInputStream","read","b"
"streamconverter-core/src/main/java/com/streamConverter/util/MeasuredInputStream.java",40,"MethodArgumentCouldBeFinal","Code Style",3,"Parameter 'b' is not assigned and could be declared final","MeasuredInputStream","read","b"
"streamconverter-core/src/main/java/com/streamConverter/util/MeasuredInputStream.java",42,"OnlyOneReturn","Code Style",3,"A method should have only one exit point, and that should be the last statement in the method","MeasuredInputStream","read",""
"streamconverter-core/src/main/java/com/streamConverter/util/MeasuredInputStream.java",45,"LocalVariableCouldBeFinal","Code Style",3,"Local variable 'result' could be declared final","MeasuredInputStream","read","result"
"streamconverter-core/src/main/java/com/streamConverter/util/MeasuredInputStream.java",53,"ShortVariable","Code Style",3,"Avoid variables with short names like b","MeasuredInputStream","read","b"
"streamconverter-core/src/main/java/com/streamConverter/util/MeasuredInputStream.java",53,"MethodArgumentCouldBeFinal","Code Style",3,"Parameter 'b' is not assigned and could be declared final","MeasuredInputStream","read","b"
"streamconverter-core/src/main/java/com/streamConverter/util/MeasuredInputStream.java",53,"MethodArgumentCouldBeFinal","Code Style",3,"Parameter 'off' is not assigned and could be declared final","MeasuredInputStream","read","off"
"streamconverter-core/src/main/java/com/streamConverter/util/MeasuredInputStream.java",53,"MethodArgumentCouldBeFinal","Code Style",3,"Parameter 'len' is not assigned and could be declared final","MeasuredInputStream","read","len"
"streamconverter-core/src/main/java/com/streamConverter/util/MeasuredInputStream.java",55,"OnlyOneReturn","Code Style",3,"A method should have only one exit point, and that should be the last statement in the method","MeasuredInputStream","read",""
"streamconverter-core/src/main/java/com/streamConverter/util/MeasuredInputStream.java",58,"LocalVariableCouldBeFinal","Code Style",3,"Local variable 'result' could be declared final","MeasuredInputStream","read","result"
"streamconverter-core/src/main/java/com/streamConverter/util/MeasuredInputStream.java",66,"ShortVariable","Code Style",3,"Avoid variables with short names like n","MeasuredInputStream","skip","n"
"streamconverter-core/src/main/java/com/streamConverter/util/MeasuredInputStream.java",66,"MethodArgumentCouldBeFinal","Code Style",3,"Parameter 'n' is not assigned and could be declared final","MeasuredInputStream","skip","n"
"streamconverter-core/src/main/java/com/streamConverter/util/MeasuredInputStream.java",68,"OnlyOneReturn","Code Style",3,"A method should have only one exit point, and that should be the last statement in the method","MeasuredInputStream","skip",""
"streamconverter-core/src/main/java/com/streamConverter/util/MeasuredInputStream.java",71,"LocalVariableCouldBeFinal","Code Style",3,"Local variable 'result' could be declared final","MeasuredInputStream","skip","result"
"streamconverter-core/src/main/java/com/streamConverter/util/MeasuredInputStream.java",81,"OnlyOneReturn","Code Style",3,"A method should have only one exit point, and that should be the last statement in the method","MeasuredInputStream","available",""
"streamconverter-core/src/main/java/com/streamConverter/util/MeasuredInputStream.java",95,"MethodArgumentCouldBeFinal","Code Style",3,"Parameter 'readlimit' is not assigned and could be declared final","MeasuredInputStream","mark","readlimit"
"streamconverter-core/src/main/java/com/streamConverter/util/MeasuredOutputStream.java",1,"PackageCase","Code Style",3,"Package name contains upper case characters","MeasuredOutputStream","",""
"streamconverter-core/src/main/java/com/streamConverter/util/MeasuredOutputStream.java",13,"RedundantFieldInitializer","Performance",3,"Avoid using redundant field initializer for 'bytesWritten'","MeasuredOutputStream","","bytesWritten"
"streamconverter-core/src/main/java/com/streamConverter/util/MeasuredOutputStream.java",14,"RedundantFieldInitializer","Performance",3,"Avoid using redundant field initializer for 'closed'","MeasuredOutputStream","","closed"
"streamconverter-core/src/main/java/com/streamConverter/util/MeasuredOutputStream.java",21,"CallSuperInConstructor","Code Style",3,"It is a good practice to call super() in a constructor","MeasuredOutputStream","MeasuredOutputStream",""
"streamconverter-core/src/main/java/com/streamConverter/util/MeasuredOutputStream.java",21,"MethodArgumentCouldBeFinal","Code Style",3,"Parameter 'delegate' is not assigned and could be declared final","MeasuredOutputStream","MeasuredOutputStream","delegate"
"streamconverter-core/src/main/java/com/streamConverter/util/MeasuredOutputStream.java",27,"ShortVariable","Code Style",3,"Avoid variables with short names like b","MeasuredOutputStream","write","b"
"streamconverter-core/src/main/java/com/streamConverter/util/MeasuredOutputStream.java",27,"MethodArgumentCouldBeFinal","Code Style",3,"Parameter 'b' is not assigned and could be declared final","MeasuredOutputStream","write","b"
"streamconverter-core/src/main/java/com/streamConverter/util/MeasuredOutputStream.java",37,"ShortVariable","Code Style",3,"Avoid variables with short names like b","MeasuredOutputStream","write","b"
"streamconverter-core/src/main/java/com/streamConverter/util/MeasuredOutputStream.java",37,"MethodArgumentCouldBeFinal","Code Style",3,"Parameter 'b' is not assigned and could be declared final","MeasuredOutputStream","write","b"
"streamconverter-core/src/main/java/com/streamConverter/util/MeasuredOutputStream.java",47,"ShortVariable","Code Style",3,"Avoid variables with short names like b","MeasuredOutputStream","write","b"
"streamconverter-core/src/main/java/com/streamConverter/util/MeasuredOutputStream.java",47,"MethodArgumentCouldBeFinal","Code Style",3,"Parameter 'b' is not assigned and could be declared final","MeasuredOutputStream","write","b"
"streamconverter-core/src/main/java/com/streamConverter/util/MeasuredOutputStream.java",47,"MethodArgumentCouldBeFinal","Code Style",3,"Parameter 'off' is not assigned and could be declared final","MeasuredOutputStream","write","off"
"streamconverter-core/src/main/java/com/streamConverter/util/MeasuredOutputStream.java",47,"MethodArgumentCouldBeFinal","Code Style",3,"Parameter 'len' is not assigned and could be declared final","MeasuredOutputStream","write","len"
"streamconverter-core/src/main/java/com/streamConverter/validation/ValidationResult.java",1,"PackageCase","Code Style",3,"Package name contains upper case characters","ValidationResult","",""
"streamconverter-core/src/main/java/com/streamConverter/validation/ValidationResult.java",26,"ClassWithOnlyPrivateConstructorsShouldBeFinal","Design",1,"This class has only private constructors and may be final","ValidationResult","",""
"streamconverter-core/src/main/java/com/streamConverter/validation/ValidationResult.java",30,"AvoidFieldNameMatchingMethodName","Error Prone",3,"Field isValid has the same name as a method","ValidationResult","","isValid"
"streamconverter-core/src/main/java/com/streamConverter/validation/ValidationResult.java",34,"LongVariable","Code Style",3,"Avoid excessively long variable names like executionTimeMillis","ValidationResult","","executionTimeMillis"
"streamconverter-core/src/main/java/com/streamConverter/validation/ValidationResult.java",38,"MethodArgumentCouldBeFinal","Code Style",3,"Parameter 'builder' is not assigned and could be declared final","ValidationResult","ValidationResult","builder"
"streamconverter-core/src/main/java/com/streamConverter/validation/ValidationResult.java",44,"LawOfDemeter","Design",3,"Access to field `validationTime` on foreign value `builder` (degree 1)","ValidationResult","ValidationResult",""
"streamconverter-core/src/main/java/com/streamConverter/validation/ValidationResult.java",58,"MethodArgumentCouldBeFinal","Code Style",3,"Parameter 'validationType' is not assigned and could be declared final","ValidationResult","success","validationType"
"streamconverter-core/src/main/java/com/streamConverter/validation/ValidationResult.java",58,"MethodArgumentCouldBeFinal","Code Style",3,"Parameter 'schemaPath' is not assigned and could be declared final","ValidationResult","success","schemaPath"
"streamconverter-core/src/main/java/com/streamConverter/validation/ValidationResult.java",58,"LongVariable","Code Style",3,"Avoid excessively long variable names like executionTimeMillis","ValidationResult","success","executionTimeMillis"
"streamconverter-core/src/main/java/com/streamConverter/validation/ValidationResult.java",58,"MethodArgumentCouldBeFinal","Code Style",3,"Parameter 'executionTimeMillis' is not assigned and could be declared final","ValidationResult","success","executionTimeMillis"
"streamconverter-core/src/main/java/com/streamConverter/validation/ValidationResult.java",77,"MethodArgumentCouldBeFinal","Code Style",3,"Parameter 'validationType' is not assigned and could be declared final","ValidationResult","failure","validationType"
"streamconverter-core/src/main/java/com/streamConverter/validation/ValidationResult.java",77,"MethodArgumentCouldBeFinal","Code Style",3,"Parameter 'schemaPath' is not assigned and could be declared final","ValidationResult","failure","schemaPath"
"streamconverter-core/src/main/java/com/streamConverter/validation/ValidationResult.java",77,"MethodArgumentCouldBeFinal","Code Style",3,"Parameter 'errors' is not assigned and could be declared final","ValidationResult","failure","errors"
"streamconverter-core/src/main/java/com/streamConverter/validation/ValidationResult.java",77,"LongVariable","Code Style",3,"Avoid excessively long variable names like executionTimeMillis","ValidationResult","failure","executionTimeMillis"
"streamconverter-core/src/main/java/com/streamConverter/validation/ValidationResult.java",77,"MethodArgumentCouldBeFinal","Code Style",3,"Parameter 'executionTimeMillis' is not assigned and could be declared final","ValidationResult","failure","executionTimeMillis"
"streamconverter-core/src/main/java/com/streamConverter/validation/ValidationResult.java",78,"LocalVariableCouldBeFinal","Code Style",3,"Local variable 'builder' could be declared final","ValidationResult","failure","builder"
"streamconverter-core/src/main/java/com/streamConverter/validation/ValidationResult.java",86,"LocalVariableCouldBeFinal","Code Style",3,"Local variable 'error' could be declared final","ValidationResult","failure","error"
"streamconverter-core/src/main/java/com/streamConverter/validation/ValidationResult.java",197,"ShortVariable","Code Style",3,"Avoid variables with short names like sb","ValidationResult","toString","sb"
"streamconverter-core/src/main/java/com/streamConverter/validation/ValidationResult.java",197,"LocalVariableCouldBeFinal","Code Style",3,"Local variable 'sb' could be declared final","ValidationResult","toString","sb"
"streamconverter-core/src/main/java/com/streamConverter/validation/ValidationResult.java",197,"InsufficientStringBufferDeclaration","Performance",3,"StringBuilder has been initialized with size 16, but has at least 78 characters appended.","ValidationResult","toString","sb"
"streamconverter-core/src/main/java/com/streamConverter/validation/ValidationResult.java",198,"ConsecutiveAppendsShouldReuse","Performance",3,"StringBuffer (or StringBuilder).append is called consecutively without reusing the target variable.","ValidationResult","toString",""
"streamconverter-core/src/main/java/com/streamConverter/validation/ValidationResult.java",198,"ConsecutiveLiteralAppends","Performance",3,"StringBuffer (or StringBuilder).append is called 2 consecutive times with literals. Use a single append with a single combined String.","ValidationResult","toString",""
"streamconverter-core/src/main/java/com/streamConverter/validation/ValidationResult.java",199,"ConsecutiveAppendsShouldReuse","Performance",3,"StringBuffer (or StringBuilder).append is called consecutively without reusing the target variable.","ValidationResult","toString",""
"streamconverter-core/src/main/java/com/streamConverter/validation/ValidationResult.java",200,"ConsecutiveAppendsShouldReuse","Performance",3,"StringBuffer (or StringBuilder).append is called consecutively without reusing the target variable.","ValidationResult","toString",""
"streamconverter-core/src/main/java/com/streamConverter/validation/ValidationResult.java",201,"ConsecutiveAppendsShouldReuse","Performance",3,"StringBuffer (or StringBuilder).append is called consecutively without reusing the target variable.","ValidationResult","toString",""
"streamconverter-core/src/main/java/com/streamConverter/validation/ValidationResult.java",202,"ConsecutiveAppendsShouldReuse","Performance",3,"StringBuffer (or StringBuilder).append is called consecutively without reusing the target variable.","ValidationResult","toString",""
"streamconverter-core/src/main/java/com/streamConverter/validation/ValidationResult.java",203,"ConsecutiveAppendsShouldReuse","Performance",3,"StringBuffer (or StringBuilder).append is called consecutively without reusing the target variable.","ValidationResult","toString",""
"streamconverter-core/src/main/java/com/streamConverter/validation/ValidationResult.java",204,"ConsecutiveAppendsShouldReuse","Performance",3,"StringBuffer (or StringBuilder).append is called consecutively without reusing the target variable.","ValidationResult","toString",""
"streamconverter-core/src/main/java/com/streamConverter/validation/ValidationResult.java",205,"AppendCharacterWithChar","Performance",3,"Avoid appending characters as strings in StringBuffer.append.","ValidationResult","toString",""
"streamconverter-core/src/main/java/com/streamConverter/validation/ValidationResult.java",210,"ShortVariable","Code Style",3,"Avoid variables with short names like o","ValidationResult","equals","o"
"streamconverter-core/src/main/java/com/streamConverter/validation/ValidationResult.java",210,"MethodArgumentCouldBeFinal","Code Style",3,"Parameter 'o' is not assigned and could be declared final","ValidationResult","equals","o"
"streamconverter-core/src/main/java/com/streamConverter/validation/ValidationResult.java",211,"OnlyOneReturn","Code Style",3,"A method should have only one exit point, and that should be the last statement in the method","ValidationResult","equals",""
"streamconverter-core/src/main/java/com/streamConverter/validation/ValidationResult.java",211,"ControlStatementBraces","Code Style",3,"This statement should have braces","ValidationResult","equals",""
"streamconverter-core/src/main/java/com/streamConverter/validation/ValidationResult.java",212,"OnlyOneReturn","Code Style",3,"A method should have only one exit point, and that should be the last statement in the method","ValidationResult","equals",""
"streamconverter-core/src/main/java/com/streamConverter/validation/ValidationResult.java",212,"ControlStatementBraces","Code Style",3,"This statement should have braces","ValidationResult","equals",""
"streamconverter-core/src/main/java/com/streamConverter/validation/ValidationResult.java",213,"LocalVariableCouldBeFinal","Code Style",3,"Local variable 'that' could be declared final","ValidationResult","equals","that"
"streamconverter-core/src/main/java/com/streamConverter/validation/ValidationResult.java",239,"AvoidFieldNameMatchingMethodName","Error Prone",3,"Field validationType has the same name as a method","Builder","","validationType"
"streamconverter-core/src/main/java/com/streamConverter/validation/ValidationResult.java",240,"AvoidFieldNameMatchingMethodName","Error Prone",3,"Field schemaPath has the same name as a method","Builder","","schemaPath"
"streamconverter-core/src/main/java/com/streamConverter/validation/ValidationResult.java",242,"ImmutableField","Design",3,"Field 'errors' may be declared final","Builder","","errors"
"streamconverter-core/src/main/java/com/streamConverter/validation/ValidationResult.java",243,"ImmutableField","Design",3,"Field 'warnings' may be declared final","Builder","","warnings"
"streamconverter-core/src/main/java/com/streamConverter/validation/ValidationResult.java",244,"AvoidFieldNameMatchingMethodName","Error Prone",3,"Field validationTime has the same name as a method","Builder","","validationTime"
"streamconverter-core/src/main/java/com/streamConverter/validation/ValidationResult.java",245,"LongVariable","Code Style",3,"Avoid excessively long variable names like executionTimeMillis","Builder","","executionTimeMillis"
"streamconverter-core/src/main/java/com/streamConverter/validation/ValidationResult.java",245,"AvoidFieldNameMatchingMethodName","Error Prone",3,"Field executionTimeMillis has the same name as a method","Builder","","executionTimeMillis"
"streamconverter-core/src/main/java/com/streamConverter/validation/ValidationResult.java",246,"AvoidFieldNameMatchingMethodName","Error Prone",3,"Field dataSource has the same name as a method","Builder","","dataSource"
"streamconverter-core/src/main/java/com/streamConverter/validation/ValidationResult.java",254,"MethodArgumentCouldBeFinal","Code Style",3,"Parameter 'validationType' is not assigned and could be declared final","Builder","validationType","validationType"
"streamconverter-core/src/main/java/com/streamConverter/validation/ValidationResult.java",265,"MethodArgumentCouldBeFinal","Code Style",3,"Parameter 'schemaPath' is not assigned and could be declared final","Builder","schemaPath","schemaPath"
"streamconverter-core/src/main/java/com/streamConverter/validation/ValidationResult.java",276,"MethodArgumentCouldBeFinal","Code Style",3,"Parameter 'success' is not assigned and could be declared final","Builder","success","success"
"streamconverter-core/src/main/java/com/streamConverter/validation/ValidationResult.java",287,"MethodArgumentCouldBeFinal","Code Style",3,"Parameter 'error' is not assigned and could be declared final","Builder","addError","error"
"streamconverter-core/src/main/java/com/streamConverter/validation/ValidationResult.java",288,"InefficientEmptyStringCheck","Performance",3,"String.trim().length() == 0 / String.trim().isEmpty() is an inefficient way to validate a blank String.","Builder","addError",""
"streamconverter-core/src/main/java/com/streamConverter/validation/ValidationResult.java",300,"MethodArgumentCouldBeFinal","Code Style",3,"Parameter 'warning' is not assigned and could be declared final","Builder","addWarning","warning"
"streamconverter-core/src/main/java/com/streamConverter/validation/ValidationResult.java",301,"InefficientEmptyStringCheck","Performance",3,"String.trim().length() == 0 / String.trim().isEmpty() is an inefficient way to validate a blank String.","Builder","addWarning",""
"streamconverter-core/src/main/java/com/streamConverter/validation/ValidationResult.java",313,"MethodArgumentCouldBeFinal","Code Style",3,"Parameter 'validationTime' is not assigned and could be declared final","Builder","validationTime","validationTime"
"streamconverter-core/src/main/java/com/streamConverter/validation/ValidationResult.java",324,"LongVariable","Code Style",3,"Avoid excessively long variable names like executionTimeMillis","Builder","executionTimeMillis","executionTimeMillis"
"streamconverter-core/src/main/java/com/streamConverter/validation/ValidationResult.java",324,"MethodArgumentCouldBeFinal","Code Style",3,"Parameter 'executionTimeMillis' is not assigned and could be declared final","Builder","executionTimeMillis","executionTimeMillis"
"streamconverter-core/src/main/java/com/streamConverter/validation/ValidationResult.java",335,"MethodArgumentCouldBeFinal","Code Style",3,"Parameter 'dataSource' is not assigned and could be declared final","Builder","dataSource","dataSource"
"streamconverter-core/src/main/java/com/streamConverter/validation/ValidationResult.java",346,"CyclomaticComplexity","Design",3,"The method 'build()' has a cyclomatic complexity of 12.","Builder","build",""
"streamconverter-core/src/main/java/com/streamConverter/validation/ValidationResult.java",348,"InefficientEmptyStringCheck","Performance",3,"String.trim().length() == 0 / String.trim().isEmpty() is an inefficient way to validate a blank String.","Builder","build",""
"streamconverter-core/src/main/java/com/streamConverter/validation/ValidationResult.java",353,"InefficientEmptyStringCheck","Performance",3,"String.trim().length() == 0 / String.trim().isEmpty() is an inefficient way to validate a blank String.","Builder","build",""
